timestamp,bid,ask,last_trade,volume,bid_size,ask_size,depth_bid_5,depth_ask_5,trade_count,buy_volume,sell_volume
2026-01-01T00:00:00Z,98146.76,98157.76,98152.05,7.133579,40.828570,39.877354,171.479995,179.448095,20,3.918946,3.214633
2026-01-01T00:01:00Z,98150.40,98161.44,98155.65,7.153606,38.362562,39.199480,161.206454,176.397475,20,4.217759,2.935847
2026-01-01T00:02:00Z,98151.25,98162.33,98155.52,7.324698,36.767517,40.450239,154.583996,182.025304,22,4.083053,3.241645
2026-01-01T00:03:00Z,98150.15,98161.26,98155.31,7.632065,37.633987,39.585895,158.309052,178.134831,21,4.201131,3.430934
2026-01-01T00:04:00Z,98172.64,98183.80,98176.83,7.740070,38.380240,41.574423,161.531924,187.081739,22,3.719601,4.020470
2026-01-01T00:05:00Z,98177.99,98189.19,98184.42,8.535596,36.873415,39.693827,155.270540,178.617500,21,4.528797,4.006799
2026-01-01T00:06:00Z,98176.49,98187.73,98183.14,7.853335,38.105005,40.677617,160.539756,183.042306,20,4.567648,3.285687
2026-01-01T00:07:00Z,98174.43,98185.70,98179.48,7.700959,39.181974,42.077216,165.162571,189.337659,20,4.879828,2.821131
2026-01-01T00:08:00Z,98190.89,98202.20,98198.32,7.723121,37.060465,43.032801,156.300647,193.634498,21,4.694497,3.028624
2026-01-01T00:09:00Z,98185.05,98196.40,98191.92,8.863220,37.779156,40.917555,159.414057,184.113226,20,5.088540,3.774680
2026-01-01T00:10:00Z,98198.51,98209.90,98207.10,7.889277,39.380827,41.585619,166.258357,187.115497,21,4.347975,3.541302
2026-01-01T00:11:00Z,98193.87,98205.30,98199.49,8.058981,42.463347,41.957780,179.364715,188.785850,21,4.518032,3.540950
2026-01-01T00:12:00Z,98198.38,98209.85,98204.64,8.606503,37.496497,41.945521,158.466494,188.726102,20,4.980738,3.625765
2026-01-01T00:13:00Z,98214.59,98226.09,98220.68,8.401929,40.726203,38.761381,172.204495,174.395044,22,4.904623,3.497306
2026-01-01T00:14:00Z,98227.56,98239.11,98232.89,9.114943,40.483197,39.104529,171.265145,175.933910,20,5.088561,4.026382
2026-01-01T00:15:00Z,98227.80,98239.39,98234.62,8.044394,38.817563,40.280406,164.303161,181.218705,25,4.798585,3.245810
2026-01-01T00:16:00Z,98215.86,98227.48,98221.67,9.302037,41.287187,39.947686,174.846210,179.715930,22,5.244248,4.057790
2026-01-01T00:17:00Z,98222.41,98234.07,98228.36,8.736173,39.908923,38.596801,169.096270,173.632536,20,4.732719,4.003454
2026-01-01T00:18:00Z,98248.02,98259.72,98254.22,8.899880,38.273922,43.801867,162.251942,197.040887,23,5.124329,3.775550
2026-01-01T00:19:00Z,98220.71,98232.45,98227.82,7.985090,37.511514,40.106522,159.101489,180.410476,23,4.808760,3.176330
2026-01-01T00:20:00Z,98228.55,98240.33,98234.69,7.519900,38.366943,43.224872,162.813111,194.429681,24,4.240587,3.279313
2026-01-01T00:21:00Z,98239.74,98251.55,98245.97,8.292999,40.807616,39.867141,173.258970,179.318513,23,4.829144,3.463855
2026-01-01T00:22:00Z,98251.38,98263.23,98257.92,8.158959,39.605112,42.290963,168.239460,190.211984,23,4.794733,3.364226
2026-01-01T00:23:00Z,98256.43,98268.32,98262.73,9.916318,37.890932,42.891636,161.040022,192.904456,21,5.726974,4.189344
2026-01-01T00:24:00Z,98256.80,98268.72,98263.41,8.782174,38.502324,39.106556,163.722056,175.872387,21,4.707129,4.075045
2026-01-01T00:25:00Z,98255.25,98267.21,98262.32,8.090691,38.241020,42.839888,162.693875,192.652184,22,4.892428,3.198263
2026-01-01T00:26:00Z,98267.97,98279.98,98273.92,8.270245,39.433589,39.564771,167.853077,177.914304,22,5.004787,3.265458
2026-01-01T00:27:00Z,98276.68,98288.72,98281.81,7.847249,43.335775,40.421912,184.557040,181.758510,21,5.177988,2.669260
2026-01-01T00:28:00Z,98270.29,98282.37,98276.21,9.686342,39.122809,39.359389,166.699735,176.970560,21,6.397276,3.289066
2026-01-01T00:29:00Z,98272.97,98285.08,98278.16,7.493648,44.158555,44.286498,188.252314,199.112206,21,4.500906,2.992742
2026-01-01T00:30:00Z,98279.68,98291.83,98287.94,8.641414,40.499367,42.735690,172.740456,192.127799,21,5.969800,2.671614
2026-01-01T00:31:00Z,98280.74,98292.92,98287.42,8.279075,42.743236,39.525031,182.403576,177.682127,23,4.880541,3.398535
2026-01-01T00:32:00Z,98299.09,98311.31,98305.79,9.809558,44.362025,39.874612,189.407506,179.241724,21,6.282795,3.526764
2026-01-01T00:33:00Z,98295.68,98307.93,98300.25,8.487263,39.768417,39.593250,169.880590,177.964756,21,5.219145,3.268118
2026-01-01T00:34:00Z,98287.98,98300.27,98293.15,8.877856,39.072765,39.476797,166.993274,177.428775,22,4.721042,4.156814
2026-01-01T00:35:00Z,98313.33,98325.66,98319.58,8.705116,40.140754,42.677175,171.644342,191.798938,22,5.049917,3.655199
2026-01-01T00:36:00Z,98313.03,98325.40,98319.82,11.513961,39.084567,38.728303,167.212269,174.038957,21,7.165591,4.348370
2026-01-01T00:37:00Z,98327.50,98339.90,98335.58,9.211049,40.555128,42.074940,173.591006,189.063666,22,5.691127,3.519921
2026-01-01T00:38:00Z,98294.78,98307.21,98298.61,7.631014,40.557953,41.668744,173.690398,187.223615,21,4.705566,2.925448
2026-01-01T00:39:00Z,98300.45,98312.92,98307.10,8.003723,38.863985,42.009727,166.519535,188.740380,23,5.052494,2.951229
2026-01-01T00:40:00Z,98319.32,98331.82,98324.75,8.198301,38.803281,38.677001,166.342840,173.752709,22,4.458462,3.739839
2026-01-01T00:41:00Z,98321.26,98333.79,98326.63,8.033689,39.899219,39.666575,171.126625,178.183060,25,4.910147,3.123542
2026-01-01T00:42:00Z,98327.29,98339.86,98332.00,7.751724,41.248302,40.958703,177.001320,183.971233,21,5.167501,2.584223
2026-01-01T00:43:00Z,98325.81,98338.41,98332.95,8.982526,40.758212,43.818633,174.985686,196.799347,22,5.614781,3.367745
2026-01-01T00:44:00Z,98339.67,98352.30,98343.61,8.292521,39.896920,38.955470,171.373411,174.941754,22,5.089777,3.202745
2026-01-01T00:45:00Z,98322.39,98335.06,98327.28,8.570028,43.949306,43.913365,188.874128,197.188249,24,5.759449,2.810579
2026-01-01T00:46:00Z,98348.39,98361.09,98352.35,9.592955,44.609209,39.641058,191.805501,177.986859,22,5.582335,4.010620
2026-01-01T00:47:00Z,98330.60,98343.33,98337.33,8.547723,42.739218,41.940908,183.856460,188.294658,22,5.157654,3.390069
2026-01-01T00:48:00Z,98351.71,98364.47,98360.36,8.676393,40.726594,39.576148,175.285463,177.660248,22,5.419253,3.257139
2026-01-01T00:49:00Z,98353.35,98366.14,98358.57,9.812109,40.605780,39.946493,174.852098,179.304451,23,6.031521,3.780588
2026-01-01T00:50:00Z,98365.78,98378.60,98372.01,8.262627,39.081475,39.845429,168.371587,178.832184,22,5.282924,2.979704
2026-01-01T00:51:00Z,98357.77,98370.63,98365.24,8.531737,41.591189,39.736068,179.272529,178.322408,22,5.087043,3.444694
2026-01-01T00:52:00Z,98354.63,98367.51,98362.15,7.794335,38.880293,42.117432,167.670314,188.988710,25,5.390348,2.403987
2026-01-01T00:53:00Z,98362.67,98375.59,98369.03,9.538040,40.222208,39.737717,173.542746,178.290801,22,6.037023,3.501017
2026-01-01T00:54:00Z,98362.82,98375.77,98371.52,7.956942,41.742752,39.445102,180.191883,176.958025,24,4.887770,3.069172
2026-01-01T00:55:00Z,98375.86,98388.84,98383.26,8.677725,42.313210,39.727743,182.744107,178.205586,25,5.294032,3.383693
2026-01-01T00:56:00Z,98371.91,98384.91,98379.91,8.779010,40.634772,39.197994,175.581261,175.808797,22,5.196782,3.582228
2026-01-01T00:57:00Z,98370.71,98383.75,98376.42,8.101286,39.505789,39.017702,170.786553,174.979388,26,5.181768,2.919518
2026-01-01T00:58:00Z,98389.37,98402.43,98396.67,8.546326,43.566032,38.218795,188.431366,171.375896,23,5.561495,2.984831
2026-01-01T00:59:00Z,98378.95,98392.04,98385.58,8.085384,39.735232,38.122271,171.946307,170.922079,22,5.376944,2.708440
2026-01-01T01:00:00Z,98377.18,98390.30,98384.64,8.479012,39.163004,37.309307,169.552684,167.256240,25,5.169007,3.310006
2026-01-01T01:01:00Z,98388.98,98402.13,98395.57,9.915843,42.507351,43.837458,184.121255,196.496744,24,6.472130,3.443713
2026-01-01T01:02:00Z,98389.90,98403.08,98396.44,7.883250,40.604885,41.456311,175.966110,185.799526,26,4.589829,3.293421
2026-01-01T01:03:00Z,98374.52,98387.72,98378.59,9.542700,39.861071,40.489018,172.826453,181.440507,24,5.812968,3.729732
2026-01-01T01:04:00Z,98402.72,98415.95,98407.95,9.478781,39.577502,37.026862,171.680025,165.903701,24,5.813253,3.665528
2026-01-01T01:05:00Z,98411.84,98425.09,98418.61,9.359973,41.414445,38.057946,179.735151,170.500548,24,5.803875,3.556098
2026-01-01T01:06:00Z,98402.04,98415.32,98409.77,8.557693,43.853359,37.155601,190.411623,166.435165,23,5.508512,3.049181
2026-01-01T01:07:00Z,98402.69,98415.99,98408.03,8.759636,45.002596,39.942596,195.495694,178.894326,24,5.690079,3.069557
2026-01-01T01:08:00Z,98397.28,98410.61,98402.98,9.219498,39.548936,39.761344,171.887028,178.057357,25,5.880887,3.338611
2026-01-01T01:09:00Z,98421.07,98434.43,98429.62,10.327919,43.263090,37.883834,188.119632,169.625243,25,6.873073,3.454846
2026-01-01T01:10:00Z,98413.70,98427.08,98421.26,8.242607,43.258397,38.155726,188.189295,170.817786,23,5.101384,3.141223
2026-01-01T01:11:00Z,98417.66,98431.07,98423.73,8.114966,42.449392,39.010505,184.758099,174.618742,23,5.179700,2.935266
2026-01-01T01:12:00Z,98428.48,98441.91,98435.50,8.878802,40.344296,37.209146,175.679581,166.530584,24,5.966111,2.912691
2026-01-01T01:13:00Z,98426.25,98439.70,98433.06,9.181271,39.477540,37.763228,171.987135,168.984764,23,5.402202,3.779069
2026-01-01T01:14:00Z,98431.33,98444.81,98438.26,9.138853,43.719025,39.382686,190.556032,176.204509,23,5.622830,3.516023
2026-01-01T01:15:00Z,98412.57,98426.07,98420.11,8.286684,42.641514,39.604072,185.947689,177.167434,24,5.378781,2.907903
2026-01-01T01:16:00Z,98420.33,98433.85,98426.75,8.689347,43.099657,36.392436,188.034496,162.774606,26,5.804859,2.884488
2026-01-01T01:17:00Z,98423.49,98437.03,98431.62,10.876259,41.269178,40.497181,180.133577,181.105198,23,7.101939,3.774320
2026-01-01T01:18:00Z,98437.08,98450.64,98443.54,8.178634,43.503964,40.411266,189.977611,180.691732,24,5.186840,2.991794
2026-01-01T01:19:00Z,98439.36,98452.94,98447.15,9.400040,40.165716,38.932706,175.482340,174.052089,27,6.672439,2.727602
2026-01-01T01:20:00Z,98425.97,98439.57,98433.30,9.194635,44.143615,42.185520,192.952184,188.562791,23,6.288598,2.906037
2026-01-01T01:21:00Z,98447.15,98460.76,98452.41,9.807510,40.435322,43.859853,176.826030,196.013880,24,6.092366,3.715144
2026-01-01T01:22:00Z,98434.43,98448.07,98443.50,9.463118,41.579303,36.739891,181.913764,164.166183,24,5.756166,3.706952
2026-01-01T01:23:00Z,98453.38,98467.03,98460.46,8.581825,43.702360,36.917098,191.291587,164.929631,24,5.480330,3.101494
2026-01-01T01:24:00Z,98437.98,98451.66,98445.03,8.597702,44.916780,39.281662,196.698841,175.462943,24,5.736747,2.860954
2026-01-01T01:25:00Z,98454.75,98468.44,98461.29,9.078988,43.833563,38.357748,192.044438,171.305854,28,5.992532,3.086457
2026-01-01T01:26:00Z,98428.82,98442.53,98435.83,8.801243,40.047295,37.622125,175.537329,167.990644,26,5.307403,3.493839
2026-01-01T01:27:00Z,98446.75,98460.47,98453.23,9.140840,42.857065,36.407296,187.940176,162.536904,25,5.852883,3.287957
2026-01-01T01:28:00Z,98444.73,98458.47,98450.48,8.472777,41.296041,36.277663,181.178258,161.928683,25,5.571563,2.901215
2026-01-01T01:29:00Z,98449.93,98463.68,98454.74,8.660388,44.585068,36.166353,195.698324,161.402124,24,5.869180,2.791208
2026-01-01T01:30:00Z,98456.98,98470.75,98463.64,8.331233,41.830650,35.851312,183.692679,159.966395,24,5.553780,2.777453
2026-01-01T01:31:00Z,98449.66,98463.45,98455.58,8.433555,40.327509,37.053560,177.173082,165.299654,26,5.513941,2.919614
2026-01-01T01:32:00Z,98455.80,98469.60,98461.63,9.333074,40.454109,35.914300,177.810597,160.186845,25,5.869720,3.463354
2026-01-01T01:33:00Z,98452.88,98466.69,98461.11,8.746842,43.627667,37.365588,191.847079,166.627940,24,5.546000,3.200843
2026-01-01T01:34:00Z,98455.73,98469.56,98462.88,9.205876,39.920976,35.783641,175.627323,159.542437,24,6.233256,2.972620
2026-01-01T01:35:00Z,98441.44,98455.28,98448.58,9.104713,45.445591,37.452061,200.023014,166.948396,26,5.991622,3.113091
2026-01-01T01:36:00Z,98459.95,98473.80,98466.81,9.478114,47.159326,35.841482,207.659882,159.737339,25,6.244669,3.233445
2026-01-01T01:37:00Z,98459.21,98473.08,98465.75,8.889966,43.182016,35.298704,190.232302,157.286823,24,5.996792,2.893174
2026-01-01T01:38:00Z,98449.08,98462.96,98455.44,8.526057,43.067965,37.797063,189.815451,168.385182,27,5.585166,2.940891
2026-01-01T01:39:00Z,98438.47,98452.36,98445.83,9.952281,43.274562,36.834989,190.811820,164.065677,26,6.031340,3.920941
2026-01-01T01:40:00Z,98445.33,98459.23,98450.10,8.543507,42.151875,35.098024,185.944950,156.296903,24,5.800079,2.743428
2026-01-01T01:41:00Z,98445.97,98459.88,98452.77,8.940733,43.247015,36.260837,190.861375,161.441500,25,5.573657,3.367076
2026-01-01T01:42:00Z,98453.54,98467.46,98460.52,9.587747,41.993947,41.398526,185.414006,184.276954,24,6.300277,3.287471
2026-01-01T01:43:00Z,98468.33,98482.26,98476.13,9.708604,41.070707,36.999275,181.418455,164.659693,31,6.133235,3.575370
2026-01-01T01:44:00Z,98470.59,98484.53,98478.08,10.085033,40.917881,38.502136,180.823710,171.311288,24,6.904851,3.180182
2026-01-01T01:45:00Z,98452.07,98466.01,98458.49,8.410304,42.818790,39.977494,189.308053,177.837340,25,5.810379,2.599925
2026-01-01T01:46:00Z,98452.19,98466.14,98460.85,9.081283,43.468124,37.227775,192.263810,165.569308,28,6.212425,2.868858
2026-01-01T01:47:00Z,98460.23,98474.19,98465.74,11.253386,44.360513,34.993922,196.297454,155.600104,26,7.768221,3.485165
2026-01-01T01:48:00Z,98450.44,98464.40,98457.08,8.848873,44.185449,34.734523,195.608772,154.412436,26,5.947212,2.901661
2026-01-01T01:49:00Z,98453.08,98467.05,98457.33,9.261533,45.821314,40.124877,202.939709,178.335360,27,6.376483,2.885050
2026-01-01T01:50:00Z,98453.89,98467.86,98460.29,9.261171,40.420144,41.110308,179.096578,182.673876,26,6.101355,3.159816
2026-01-01T01:51:00Z,98457.56,98471.54,98463.95,8.588625,40.740241,37.929351,180.593635,168.500909,25,5.507002,3.081623
2026-01-01T01:52:00Z,98456.09,98470.08,98465.43,9.344814,40.931431,37.523071,181.520080,166.657736,24,6.020994,3.323820
2026-01-01T01:53:00Z,98453.66,98467.65,98462.47,10.113053,46.022276,37.876570,204.185183,168.188838,24,7.332347,2.780706
2026-01-01T01:54:00Z,98443.13,98457.12,98450.01,8.681596,45.753120,35.949702,203.078856,159.595417,26,5.022766,3.658830
2026-01-01T01:55:00Z,98457.96,98471.96,98463.84,8.749382,42.540298,34.923911,188.899956,155.005008,26,5.788353,2.961029
2026-01-01T01:56:00Z,98461.99,98475.99,98470.78,9.281752,40.884445,34.287889,181.625256,152.145987,25,6.269374,3.012379
2026-01-01T01:57:00Z,98444.47,98458.46,98451.93,9.601909,43.481758,34.493697,193.246437,153.022595,26,6.018192,3.583718
2026-01-01T01:58:00Z,98465.72,98479.72,98473.06,10.557263,42.294244,37.282744,188.049168,165.355599,26,7.364046,3.193216
2026-01-01T01:59:00Z,98454.61,98468.61,98461.38,9.736940,47.764987,35.459439,212.463834,157.230677,25,6.434260,3.302680
2026-01-01T02:00:00Z,98449.01,98463.01,98457.64,9.912238,44.747384,35.799609,199.125860,158.700123,27,7.049066,2.863172
2026-01-01T02:01:00Z,98459.69,98473.69,98466.28,10.527964,43.840363,35.596576,195.172344,157.761097,24,7.054062,3.473902
2026-01-01T02:02:00Z,98478.55,98492.55,98483.49,8.576634,42.450271,36.032205,189.063708,159.652021,26,6.096541,2.480093
2026-01-01T02:03:00Z,98447.35,98461.35,98453.42,10.995385,40.762675,36.510018,181.624073,161.728543,27,7.606061,3.389324
2026-01-01T02:04:00Z,98458.83,98472.82,98467.05,10.517076,41.041077,36.520483,182.941383,161.734012,25,7.179675,3.337401
2026-01-01T02:05:00Z,98443.95,98457.95,98451.11,11.224235,40.026475,35.890898,178.493526,158.905370,25,7.892993,3.331242
2026-01-01T02:06:00Z,98465.61,98479.60,98472.74,10.055481,42.675043,35.783205,190.384007,158.387921,26,6.989267,3.066214
2026-01-01T02:07:00Z,98459.06,98473.05,98465.21,9.561806,40.882715,36.273673,182.463929,160.517391,24,7.033550,2.528256
2026-01-01T02:08:00Z,98443.48,98457.46,98450.57,10.016114,40.062693,37.759283,178.878307,167.047975,25,7.040776,2.975338
2026-01-01T02:09:00Z,98446.72,98460.70,98453.46,10.144907,43.842961,34.586991,195.838054,152.973552,25,6.416822,3.728085
2026-01-01T02:10:00Z,98429.98,98443.95,98437.02,9.105991,41.672447,36.014627,186.219572,159.245721,27,5.977720,3.128272
2026-01-01T02:11:00Z,98437.78,98451.75,98443.89,10.353028,44.412377,37.901417,198.544966,167.543955,26,6.525917,3.827111
2026-01-01T02:12:00Z,98440.91,98454.87,98447.03,10.110069,41.206254,34.553257,184.287533,152.702429,25,6.847421,3.262647
2026-01-01T02:13:00Z,98456.64,98470.59,98463.91,9.217057,46.412518,34.378879,207.656412,151.890805,29,6.076779,3.140279
2026-01-01T02:14:00Z,98445.65,98459.60,98451.79,9.277145,44.548887,33.824248,199.399413,149.399774,26,6.460131,2.817014
2026-01-01T02:15:00Z,98444.75,98458.70,98452.40,8.815655,41.228996,41.256620,184.614585,182.178292,28,5.878231,2.937424
2026-01-01T02:16:00Z,98454.23,98468.17,98460.74,10.082194,40.188327,37.221778,180.027487,164.316239,27,7.223196,2.858998
2026-01-01T02:17:00Z,98442.08,98456.00,98448.26,10.083850,41.551573,34.234003,186.209323,151.084751,26,6.206740,3.877110
2026-01-01T02:18:00Z,98453.73,98467.65,98461.10,11.156901,40.902902,35.737326,183.376016,157.675337,26,7.603896,3.553005
2026-01-01T02:19:00Z,98420.20,98434.11,98426.74,9.858386,40.992390,36.026654,183.850804,158.907212,27,7.251141,2.607245
2026-01-01T02:20:00Z,98448.09,98461.99,98456.54,9.570656,44.148401,35.621371,198.084524,157.075142,26,6.279181,3.291474
2026-01-01T02:21:00Z,98430.10,98443.98,98437.01,9.404288,42.856546,32.817349,192.364719,144.669403,25,6.459204,2.945084
2026-01-01T02:22:00Z,98433.28,98447.15,98440.12,9.609679,41.578414,36.254301,186.701691,159.774796,26,7.073581,2.536098
2026-01-01T02:23:00Z,98436.82,98450.69,98440.44,9.638166,40.323266,33.913215,181.137146,149.414403,25,6.779544,2.858622
2026-01-01T02:24:00Z,98433.16,98447.01,98438.96,9.627911,40.097633,32.942799,180.194459,145.096839,26,6.497625,3.130286
2026-01-01T02:25:00Z,98420.57,98434.41,98428.62,9.839810,40.278784,34.385676,181.079508,151.407776,27,6.901019,2.938791
2026-01-01T02:26:00Z,98429.55,98443.38,98435.65,10.293674,39.809260,33.280502,179.038620,146.498389,27,7.610192,2.683482
2026-01-01T02:27:00Z,98426.25,98440.07,98433.16,9.496600,44.961271,32.741196,202.288056,144.081787,24,6.402356,3.094244
2026-01-01T02:28:00Z,98421.67,98435.47,98429.67,8.940802,43.325727,32.279401,195.005089,142.007342,25,6.062350,2.878453
2026-01-01T02:29:00Z,98410.22,98424.01,98417.38,10.184985,40.485328,32.426408,182.291138,142.611376,26,7.153922,3.031063
2026-01-01T02:30:00Z,98420.79,98434.56,98425.22,10.090206,39.861211,35.079448,179.550068,154.232992,24,6.964527,3.125679
2026-01-01T02:31:00Z,98416.64,98430.40,98422.95,10.063007,43.190870,34.001922,194.622754,149.450172,25,6.777460,3.285547
2026-01-01T02:32:00Z,98419.53,98433.27,98426.80,9.801479,48.216275,35.183472,217.350808,154.596365,26,6.229688,3.571791
2026-01-01T02:33:00Z,98410.03,98423.75,98416.44,9.131063,42.551058,36.057067,191.885993,158.386380,25,5.693918,3.437144
2026-01-01T02:34:00Z,98408.71,98422.42,98414.71,9.624747,42.329422,32.983634,190.958913,144.841166,24,6.371926,3.252821
2026-01-01T02:35:00Z,98409.52,98423.21,98414.70,9.594669,40.499244,32.285582,182.771538,141.731840,25,6.636252,2.958417
2026-01-01T02:36:00Z,98407.42,98421.09,98413.77,10.427947,43.025168,35.003455,194.244012,153.615219,26,7.234255,3.193692
2026-01-01T02:37:00Z,98398.30,98411.95,98404.82,9.356333,39.470481,37.684304,178.262610,165.328440,26,6.684405,2.671928
2026-01-01T02:38:00Z,98397.71,98411.35,98401.30,9.726791,40.409841,32.768825,182.573240,143.717914,25,6.425895,3.300897
2026-01-01T02:39:00Z,98394.65,98408.27,98403.34,10.288506,44.272003,33.971063,200.097034,148.943438,26,7.370601,2.917904
2026-01-01T02:40:00Z,98409.46,98423.05,98413.46,9.526175,39.921770,36.559699,180.502043,160.241971,26,6.423167,3.103008
2026-01-01T02:41:00Z,98388.60,98402.18,98395.30,9.594568,39.531462,31.689639,178.803252,138.851836,24,6.272158,3.322410
2026-01-01T02:42:00Z,98399.97,98413.53,98405.57,9.386716,39.881850,31.401297,180.454366,137.544055,24,6.318665,3.068050
2026-01-01T02:43:00Z,98385.11,98398.65,98390.88,9.382152,39.949519,35.121265,180.826701,153.788382,26,6.688497,2.693656
2026-01-01T02:44:00Z,98390.71,98404.23,98397.68,9.773289,41.391939,33.051118,187.423921,144.676471,26,6.515828,3.257460
2026-01-01T02:45:00Z,98378.34,98391.84,98384.16,9.205419,41.453918,32.218547,187.772689,140.985781,24,6.100356,3.105063
2026-01-01T02:46:00Z,98379.90,98393.37,98385.34,9.051248,41.690636,33.654829,188.913199,147.222306,24,5.838600,3.212648
2026-01-01T02:47:00Z,98381.95,98395.40,98388.84,9.507131,44.146550,31.300370,200.113698,136.877417,24,6.689366,2.817765
2026-01-01T02:48:00Z,98382.83,98396.26,98390.64,9.285037,43.853697,36.367701,198.857455,158.984040,26,6.534426,2.750610
2026-01-01T02:49:00Z,98383.94,98397.35,98390.88,8.945625,42.596331,32.738106,193.224771,143.069095,27,5.795696,3.149929
2026-01-01T02:50:00Z,98372.54,98385.92,98377.97,9.073768,43.892725,35.062641,199.176194,153.176009,24,5.911802,3.161967
2026-01-01T02:51:00Z,98362.06,98375.42,98369.21,9.142840,42.150876,32.765989,191.339702,143.094358,24,6.007165,3.135675
2026-01-01T02:52:00Z,98364.43,98377.76,98371.75,9.474435,42.139411,33.474680,191.355033,146.139637,25,6.564785,2.909651
2026-01-01T02:53:00Z,98373.79,98387.09,98381.40,9.523041,39.859120,32.737217,181.063699,142.871285,24,5.904127,3.618913
2026-01-01T02:54:00Z,98368.32,98381.60,98375.62,10.529946,40.502399,31.160612,184.050083,135.944001,26,6.992184,3.537762
2026-01-01T02:55:00Z,98353.46,98366.71,98360.14,10.937940,42.830754,32.283179,194.698179,140.792818,28,7.608618,3.329322
2026-01-01T02:56:00Z,98348.94,98362.17,98353.79,9.394607,40.228056,31.330905,182.930214,136.592402,24,6.606192,2.788415
2026-01-01T02:57:00Z,98363.91,98377.11,98371.91,9.413657,44.149286,32.473529,200.830476,141.524544,24,6.625823,2.787834
2026-01-01T02:58:00Z,98369.57,98382.75,98377.32,9.942749,38.955870,35.444937,177.266920,154.420307,26,6.357953,3.584796
2026-01-01T02:59:00Z,98348.22,98361.37,98355.88,9.726223,40.251543,33.451788,183.225322,145.685639,24,6.145812,3.580410
2026-01-01T03:00:00Z,98352.17,98365.30,98359.10,10.977520,42.687022,32.172374,194.377634,140.064148,26,7.087689,3.889831
2026-01-01T03:01:00Z,98347.91,98361.00,98354.47,10.223213,40.267586,32.706633,183.422588,142.339508,26,7.003368,3.219845
2026-01-01T03:02:00Z,98343.90,98356.97,98351.69,9.793029,42.857519,31.441589,195.285652,136.785205,26,6.674666,3.118363
2026-01-01T03:03:00Z,98344.55,98357.59,98350.62,9.826188,43.690675,33.548687,199.148691,145.899724,24,6.163423,3.662766
2026-01-01T03:04:00Z,98335.35,98348.36,98343.29,9.648127,39.515712,33.249652,180.178601,144.547182,25,6.903241,2.744886
2026-01-01T03:05:00Z,98344.93,98357.90,98352.41,9.341660,40.267118,34.177205,183.665654,148.525813,26,6.601295,2.740365
2026-01-01T03:06:00Z,98341.94,98354.89,98346.61,9.531749,40.999331,31.843637,187.067122,138.334406,25,6.193788,3.337961
2026-01-01T03:07:00Z,98339.02,98351.94,98345.85,9.710166,38.698438,31.565396,176.626848,137.075620,25,6.381632,3.328535
2026-01-01T03:08:00Z,98344.41,98357.29,98351.97,10.616543,43.771658,32.541062,199.847244,141.260725,25,7.426792,3.189750
2026-01-01T03:09:00Z,98329.98,98342.84,98336.48,9.594277,40.896010,34.339711,186.778672,149.013756,24,6.521636,3.072640
2026-01-01T03:10:00Z,98327.56,98340.38,98333.27,10.105319,40.311175,32.102046,184.167191,139.252097,24,6.637260,3.468059
2026-01-01T03:11:00Z,98325.60,98338.39,98331.98,10.277006,39.507041,32.892223,180.551485,142.626711,25,6.788942,3.488064
2026-01-01T03:12:00Z,98324.79,98337.56,98330.15,12.242909,38.830695,32.399089,177.517336,140.435965,25,7.856942,4.385967
2026-01-01T03:13:00Z,98325.06,98337.79,98333.67,9.437233,38.205419,33.936358,174.714479,147.044231,23,6.127602,3.309631
2026-01-01T03:14:00Z,98323.14,98335.84,98328.36,10.829543,40.139197,29.787835,183.615866,129.020347,25,7.350955,3.478588
2026-01-01T03:15:00Z,98307.19,98319.85,98314.10,9.356488,38.691684,32.776072,177.050045,141.909670,27,6.468443,2.888045
2026-01-01T03:16:00Z,98310.03,98322.66,98316.58,10.317275,47.715851,29.997892,218.412379,129.831764,24,6.928297,3.388977
2026-01-01T03:17:00Z,98310.05,98322.65,98318.52,9.946948,39.628597,31.318417,181.450724,135.495370,25,6.159620,3.787328
2026-01-01T03:18:00Z,98312.22,98324.78,98316.81,10.189921,38.079822,31.419314,174.413317,135.879862,25,6.711110,3.478811
2026-01-01T03:19:00Z,98306.82,98319.35,98313.89,10.288039,39.830055,30.934552,182.486027,133.731985,23,6.424351,3.863688
2026-01-01T03:20:00Z,98300.70,98313.20,98307.32,10.854296,38.277070,32.641766,175.424664,141.057927,24,7.012885,3.841412
2026-01-01T03:21:00Z,98293.07,98305.53,98300.80,9.137003,41.584284,31.030114,190.639860,134.041390,23,6.177241,2.959762
2026-01-01T03:22:00Z,98297.25,98309.68,98304.76,9.249812,37.974202,32.722229,174.142562,141.295867,23,6.194974,3.054838
2026-01-01T03:23:00Z,98292.86,98305.25,98300.64,9.102794,43.308928,35.514047,198.666553,153.291150,24,6.184269,2.918525
2026-01-01T03:24:00Z,98292.04,98304.41,98298.45,9.256868,41.896906,29.765252,192.247010,128.426948,24,6.041294,3.215575
2026-01-01T03:25:00Z,98276.84,98289.17,98282.82,9.307500,40.016871,33.707193,183.675125,145.377832,26,5.963279,3.344221
2026-01-01T03:26:00Z,98275.43,98287.72,98282.00,10.477853,39.608326,31.427004,181.853868,135.489900,25,7.370850,3.107003
2026-01-01T03:27:00Z,98286.94,98299.19,98293.87,9.213269,46.533698,29.839566,213.713381,128.595009,27,6.200206,3.013063
2026-01-01T03:28:00Z,98277.03,98289.25,98282.89,9.012775,41.595575,30.715955,191.090294,132.319136,24,5.600866,3.411909
2026-01-01T03:29:00Z,98275.32,98287.50,98282.26,9.807626,39.795245,30.702680,182.872872,132.209075,25,6.095490,3.712135
2026-01-01T03:30:00Z,98287.70,98299.85,98293.54,11.724232,38.056932,29.009702,174.935412,124.868804,22,7.020572,4.703659
2026-01-01T03:31:00Z,98273.05,98285.16,98277.25,10.337553,41.220514,30.918628,189.531964,133.031943,24,6.657878,3.679675
2026-01-01T03:32:00Z,98270.31,98282.38,98277.94,10.640829,38.013172,30.663439,174.834657,131.880616,23,6.867377,3.773452
2026-01-01T03:33:00Z,98266.50,98278.53,98273.52,9.010696,41.060563,30.646445,188.904329,131.754042,27,5.772644,3.238052
2026-01-01T03:34:00Z,98260.41,98272.41,98268.11,10.272281,40.408402,28.818817,185.956572,123.846314,26,6.928591,3.343691
2026-01-01T03:35:00Z,98265.61,98277.57,98273.57,9.854189,40.879588,30.297660,188.177830,130.148291,23,6.601834,3.252355
2026-01-01T03:36:00Z,98257.21,98269.14,98260.42,10.412751,38.747654,32.062148,178.413902,137.671420,24,6.395218,4.017533
2026-01-01T03:37:00Z,98270.49,98282.38,98276.44,9.588841,39.966910,31.049953,184.079075,133.270274,22,5.859404,3.729437
2026-01-01T03:38:00Z,98261.08,98272.93,98267.97,12.794904,43.510862,30.029811,200.457053,128.838444,24,8.066608,4.728296
2026-01-01T03:39:00Z,98259.77,98271.58,98266.50,10.050478,40.806497,30.837022,188.049430,132.246807,24,6.281391,3.769087
2026-01-01T03:40:00Z,98261.54,98273.31,98266.52,9.251839,38.541029,31.231952,177.657805,133.884764,22,5.388239,3.863600
2026-01-01T03:41:00Z,98245.48,98257.22,98252.95,9.752656,38.285211,29.766719,176.526348,127.550342,22,5.929732,3.822925
2026-01-01T03:42:00Z,98262.81,98274.51,98270.35,10.502325,40.749372,32.252221,187.938674,138.142815,22,6.350663,4.151661
2026-01-01T03:43:00Z,98248.33,98259.99,98255.08,9.529678,41.793996,29.127358,192.808029,124.705941,25,6.102596,3.427082
2026-01-01T03:44:00Z,98251.38,98263.01,98256.76,10.691561,38.069588,31.706891,175.672831,135.692696,22,6.376842,4.314719
2026-01-01T03:45:00Z,98261.77,98273.36,98267.90,10.679659,42.626542,30.935799,196.752813,132.336699,24,7.578200,3.101459
2026-01-01T03:46:00Z,98250.26,98261.81,98256.26,9.406708,40.792226,32.238389,188.335379,137.850334,22,5.801267,3.605441
2026-01-01T03:47:00Z,98260.31,98271.82,98267.97,10.416966,37.976857,28.640779,175.382561,122.414887,21,7.073985,3.342981
2026-01-01T03:48:00Z,98239.71,98251.17,98246.90,9.721609,37.071037,30.717086,171.243551,131.233208,21,6.335227,3.386382
2026-01-01T03:49:00Z,98230.51,98241.94,98234.33,10.406834,37.292981,28.244823,172.312945,120.619156,25,6.375353,4.031482
2026-01-01T03:50:00Z,98232.98,98244.38,98237.41,10.181710,38.479277,32.261626,177.839512,137.713585,24,6.071275,4.110435
2026-01-01T03:51:00Z,98238.13,98249.48,98243.03,11.901646,37.281059,30.326951,172.345260,129.399254,25,7.594531,4.307115
2026-01-01T03:52:00Z,98238.93,98250.25,98244.79,10.269163,40.151594,29.809758,185.661935,127.137417,22,6.602185,3.666978
2026-01-01T03:53:00Z,98246.64,98257.91,98252.03,11.355951,38.813385,30.746371,179.518740,131.075069,22,7.128253,4.227697
2026-01-01T03:54:00Z,98229.60,98240.84,98236.49,9.082131,37.528759,31.010110,173.620049,132.141807,23,5.898417,3.183715
2026-01-01T03:55:00Z,98239.28,98250.47,98244.90,11.383652,38.346638,29.100260,177.447377,123.949260,22,7.405095,3.978557
2026-01-01T03:56:00Z,98231.27,98242.43,98235.39,10.383216,36.600675,31.201535,169.409286,132.841128,21,6.484559,3.898657
2026-01-01T03:57:00Z,98225.91,98237.03,98232.32,9.150285,42.139920,28.018214,195.095323,119.235614,21,5.796268,3.354018
2026-01-01T03:58:00Z,98222.67,98233.74,98227.04,11.238848,38.489189,28.506523,178.236296,121.260167,22,6.386905,4.851943
2026-01-01T03:59:00Z,98213.01,98224.05,98217.69,9.878034,36.928258,28.143427,171.048654,119.662670,22,6.075351,3.802682
2026-01-01T04:00:00Z,98211.61,98222.61,98217.05,9.639327,37.129283,30.694571,172.020439,130.451925,27,5.937200,3.702127
2026-01-01T04:01:00Z,98222.74,98233.70,98228.54,10.015977,36.829978,31.097300,170.673778,132.104695,24,6.033005,3.982972
2026-01-01T04:02:00Z,98220.38,98231.30,98225.84,9.668172,36.189718,30.507971,167.745778,129.543305,22,5.678111,3.990062
2026-01-01T04:03:00Z,98215.71,98226.59,98220.34,10.420744,35.756090,30.168274,165.774101,128.043524,24,7.263159,3.157585
2026-01-01T04:04:00Z,98212.83,98223.67,98220.26,10.804735,40.777431,30.656829,189.097582,130.058680,21,6.489979,4.314756
2026-01-01T04:05:00Z,98228.35,98239.15,98235.39,9.155812,35.732916,28.235180,165.742251,119.731124,21,5.221447,3.934365
2026-01-01T04:06:00Z,98197.89,98208.66,98203.79,9.378792,37.656856,29.151508,174.705541,123.560979,24,5.372910,4.005882
2026-01-01T04:07:00Z,98215.11,98225.84,98219.28,10.158821,35.669940,28.227428,165.524409,119.590012,21,6.093042,4.065779
2026-01-01T04:08:00Z,98220.31,98230.99,98225.46,9.979937,39.031195,31.894808,181.162269,135.066083,20,6.382043,3.597894
2026-01-01T04:09:00Z,98223.15,98233.80,98230.70,10.109719,36.552726,29.048918,169.695805,122.958472,20,6.074646,4.035073
2026-01-01T04:10:00Z,98209.59,98220.20,98216.54,9.967193,41.030687,29.003041,190.526216,122.708220,20,6.389559,3.577634
2026-01-01T04:11:00Z,98220.42,98230.99,98225.98,10.834497,36.620351,28.692146,170.083536,121.337276,22,6.207765,4.626732
2026-01-01T04:12:00Z,98213.65,98224.18,98220.51,9.438823,37.418071,28.662299,173.825772,121.155400,25,5.668483,3.770340
2026-01-01T04:13:00Z,98224.79,98235.28,98229.56,9.942346,35.214731,28.909843,163.624875,122.145511,23,5.815939,4.126406
2026-01-01T04:14:00Z,98208.62,98219.07,98212.75,11.123398,36.455092,27.996633,169.423845,118.232549,20,7.311898,3.811501
2026-01-01T04:15:00Z,98217.87,98228.29,98222.82,9.998741,36.867763,27.618594,171.377449,116.582072,21,6.121464,3.877278
2026-01-01T04:16:00Z,98192.89,98203.26,98197.38,9.132353,37.459449,27.545563,174.163849,116.219843,21,5.232381,3.899972
2026-01-01T04:17:00Z,98222.34,98232.68,98225.76,9.243269,35.029637,28.666335,162.900043,120.892318,22,5.652238,3.591032
2026-01-01T04:18:00Z,98210.09,98220.39,98215.11,11.531188,38.560888,29.762930,179.357973,125.458354,21,6.246156,5.285032
2026-01-01T04:19:00Z,98203.27,98213.53,98209.41,11.841387,35.714515,27.986460,166.152050,117.914913,21,7.552815,4.288572
2026-01-01T04:20:00Z,98200.37,98210.59,98204.78,9.372380,35.531410,28.636066,165.333118,120.595325,24,5.749497,3.622883
2026-01-01T04:21:00Z,98205.55,98215.73,98214.39,10.882602,41.580777,30.218155,193.519913,127.198184,21,6.718586,4.164015
2026-01-01T04:22:00Z,98223.27,98233.42,98227.20,10.441176,39.790435,29.167230,185.223704,122.716648,20,6.909783,3.531393
2026-01-01T04:23:00Z,98231.90,98242.01,98235.55,9.260655,36.307593,27.599715,169.043831,116.066724,23,5.292466,3.968189
2026-01-01T04:24:00Z,98211.87,98221.94,98217.39,9.774222,38.834530,28.176668,180.843580,118.436914,20,5.975186,3.799036
2026-01-01T04:25:00Z,98198.10,98208.14,98203.16,9.619073,35.940744,30.373340,167.399611,127.609740,22,5.199906,4.419167
2026-01-01T04:26:00Z,98218.23,98228.23,98224.19,9.132435,36.227835,27.311599,168.768458,114.691632,20,5.291147,3.841288
2026-01-01T04:27:00Z,98213.88,98223.84,98218.93,11.841446,38.497062,27.462539,179.373042,115.270490,20,7.503267,4.338179
2026-01-01T04:28:00Z,98207.05,98216.97,98211.59,9.615368,36.063316,30.834361,168.064155,129.361415,20,5.359355,4.256013
2026-01-01T04:29:00Z,98200.49,98210.38,98205.20,9.409554,35.603314,28.514714,165.950623,119.572333,21,5.389331,4.020223
2026-01-01T04:30:00Z,98211.33,98221.18,98216.80,8.871060,35.866667,30.774319,167.208241,128.985688,22,4.890450,3.980611
2026-01-01T04:31:00Z,98210.23,98220.05,98214.69,9.564819,34.761563,27.986659,162.085182,117.245189,19,6.053372,3.511446
2026-01-01T04:32:00Z,98196.85,98206.63,98202.38,10.200476,35.263837,30.998704,164.456146,129.800976,20,6.285209,3.915267
2026-01-01T04:33:00Z,98208.55,98218.29,98214.08,9.695837,34.870598,30.892590,162.650584,129.294099,20,5.603065,4.092772
2026-01-01T04:34:00Z,98217.27,98226.98,98222.93,9.300184,33.987523,30.193906,158.558891,126.308675,21,5.071806,4.228378
2026-01-01T04:35:00Z,98212.75,98222.43,98218.29,10.620581,33.754874,31.001279,157.500376,129.623137,22,6.484427,4.136154
2026-01-01T04:36:00Z,98217.06,98226.70,98222.20,12.354373,34.043324,27.748777,158.873050,115.967245,21,7.238852,5.115520
2026-01-01T04:37:00Z,98209.65,98219.25,98212.65,9.919448,35.435643,29.530408,165.398261,123.352811,19,4.875048,5.044400
2026-01-01T04:38:00Z,98218.82,98228.39,98223.55,10.585019,36.669485,29.002756,171.185479,121.089512,22,5.720112,4.864907
2026-01-01T04:39:00Z,98203.07,98212.60,98207.18,9.705535,38.168141,27.902948,178.210703,116.440637,20,5.869672,3.835863
2026-01-01T04:40:00Z,98212.26,98221.76,98217.11,9.787172,36.682308,32.498893,171.300741,135.553209,19,5.406349,4.380823
2026-01-01T04:41:00Z,98209.83,98219.29,98214.58,9.886760,33.515378,28.469562,156.536522,118.688417,19,6.308208,3.578553
2026-01-01T04:42:00Z,98216.54,98225.98,98220.05,9.024711,33.425361,27.646628,156.140581,115.200829,22,5.298967,3.725745
2026-01-01T04:43:00Z,98215.49,98224.89,98218.59,9.845605,34.956581,28.274163,163.318701,117.757515,21,5.712972,4.132632
2026-01-01T04:44:00Z,98218.31,98227.67,98225.43,10.092824,38.455413,27.312194,179.692889,113.694765,19,5.555865,4.536959
2026-01-01T04:45:00Z,98208.92,98218.26,98212.07,9.788329,35.783545,30.458005,167.233147,126.727221,19,5.730515,4.057814
2026-01-01T04:46:00Z,98218.00,98227.30,98223.69,11.457590,37.515649,29.228061,175.354214,121.549344,20,6.978733,4.478857
2026-01-01T04:47:00Z,98211.71,98220.98,98213.00,8.827691,33.509910,29.563317,156.653787,122.882350,21,4.797554,4.030137
2026-01-01T04:48:00Z,98214.77,98224.00,98219.74,10.166982,33.830247,28.474713,158.174274,118.298436,20,5.088356,5.078625
2026-01-01T04:49:00Z,98231.64,98240.85,98237.20,11.225724,34.310303,27.567022,160.441765,114.470190,23,5.910473,5.315251
2026-01-01T04:50:00Z,98221.05,98230.22,98226.48,10.356513,33.826770,27.310478,158.203015,113.348121,21,5.826913,4.529600
2026-01-01T04:51:00Z,98216.79,98225.93,98221.15,10.493632,34.608965,31.703559,161.883779,131.514949,21,5.423060,5.070572
2026-01-01T04:52:00Z,98221.45,98230.56,98224.42,11.103577,39.151367,34.027747,183.156059,141.085362,18,5.713667,5.389910
2026-01-01T04:53:00Z,98226.11,98235.19,98231.26,8.836048,32.755313,31.086367,153.255087,128.824957,20,4.863908,3.972141
2026-01-01T04:54:00Z,98230.57,98239.62,98237.76,10.650978,35.031341,28.488772,163.926002,118.000710,19,5.559037,5.091942
2026-01-01T04:55:00Z,98231.67,98240.70,98234.72,8.792133,38.082515,28.105224,178.227120,116.353224,22,5.246110,3.546023
2026-01-01T04:56:00Z,98234.81,98243.80,98238.69,9.993832,34.045619,27.489704,159.354974,113.747409,19,5.487006,4.506826
2026-01-01T04:57:00Z,98248.23,98257.20,98251.57,9.258138,36.465381,30.912192,170.702749,127.844180,18,5.244239,4.013899
2026-01-01T04:58:00Z,98219.35,98228.28,98223.82,9.023247,39.311816,29.217928,184.050658,120.775786,19,5.206124,3.817123
2026-01-01T04:59:00Z,98225.26,98234.17,98230.81,10.507109,38.885917,27.522324,182.079169,113.708910,19,6.128817,4.378292
2026-01-01T05:00:00Z,98222.93,98231.81,98226.90,8.931910,38.089942,29.545296,178.373784,122.004625,17,5.191100,3.740810
2026-01-01T05:01:00Z,98223.70,98232.55,98226.08,9.836854,35.651628,27.249718,166.975217,112.467786,18,5.755331,4.081523
2026-01-01T05:02:00Z,98229.38,98238.21,98235.04,9.451370,32.403750,30.849655,151.781559,127.260686,20,4.747722,4.703648
2026-01-01T05:03:00Z,98239.20,98247.99,98245.13,8.722500,37.443687,27.652200,175.409272,114.012142,18,5.381261,3.341239
2026-01-01T05:04:00Z,98233.79,98242.56,98236.17,9.085876,32.892260,28.379338,154.105100,116.950144,18,4.977001,4.108874
2026-01-01T05:05:00Z,98251.30,98260.05,98256.07,9.463652,35.081415,29.235181,164.379971,120.415118,19,5.202293,4.261359
2026-01-01T05:06:00Z,98249.63,98258.35,98253.94,9.524415,36.686744,27.170426,171.920868,111.853107,21,4.733192,4.791222
2026-01-01T05:07:00Z,98242.17,98250.87,98245.37,9.624937,33.426551,30.210640,156.659870,124.304707,17,5.106522,4.518415
2026-01-01T05:08:00Z,98234.72,98243.39,98239.93,10.739555,33.769348,29.106988,158.283182,119.701775,18,5.991993,4.747562
2026-01-01T05:09:00Z,98250.86,98259.51,98256.95,10.408730,37.745254,30.204507,176.937341,124.151058,17,5.489976,4.918753
2026-01-01T05:10:00Z,98259.62,98268.24,98262.97,11.250218,38.619440,31.418284,181.053651,129.073215,18,5.560827,5.689391
2026-01-01T05:11:00Z,98246.30,98254.89,98250.30,9.717901,31.868101,32.832289,149.417273,134.812294,18,5.162242,4.555659
2026-01-01T05:12:00Z,98242.15,98250.72,98248.14,9.521671,38.376705,27.736326,179.951202,113.828659,20,5.508327,4.013344
2026-01-01T05:13:00Z,98247.92,98256.47,98252.61,8.586742,34.184812,31.505330,160.310452,129.229221,20,4.652758,3.933984
2026-01-01T05:14:00Z,98266.99,98275.52,98270.91,8.556627,40.656710,30.003018,190.678438,123.002891,17,4.316849,4.239778
2026-01-01T05:15:00Z,98261.79,98270.30,98267.28,8.964886,34.883157,29.346161,163.615703,120.247222,18,4.274359,4.690528
2026-01-01T05:16:00Z,98267.22,98275.70,98269.57,9.098350,35.382826,27.396526,165.974240,112.199855,17,4.594260,4.504089
2026-01-01T05:17:00Z,98258.63,98267.09,98262.96,8.560350,31.396592,28.830663,147.288484,118.011457,17,4.622522,3.937828
2026-01-01T05:18:00Z,98271.12,98279.56,98276.60,9.631426,31.605167,30.638338,148.279667,125.345049,17,5.197353,4.434073
2026-01-01T05:19:00Z,98275.94,98284.36,98279.59,9.521303,36.652285,30.553821,171.973267,124.933713,17,5.132887,4.388416
2026-01-01T05:20:00Z,98290.52,98298.93,98292.78,9.112797,32.155061,28.402072,150.884532,116.074272,17,4.527416,4.585381
2026-01-01T05:21:00Z,98283.32,98291.70,98288.74,8.940896,33.007619,28.378702,154.897428,115.917768,18,4.682171,4.258725
2026-01-01T05:22:00Z,98277.00,98285.36,98282.93,9.092689,32.524467,29.894727,152.641970,122.045934,17,4.780036,4.312653
2026-01-01T05:23:00Z,98276.81,98285.15,98279.34,9.909559,33.256549,32.805144,156.089551,133.857166,17,5.231176,4.678384
2026-01-01T05:24:00Z,98285.70,98294.02,98289.75,9.664741,33.309988,35.081047,156.351892,143.068129,20,4.933534,4.731206
2026-01-01T05:25:00Z,98279.15,98287.46,98282.81,10.190711,30.914702,30.310657,145.119201,123.548106,19,5.127933,5.062777
2026-01-01T05:26:00Z,98289.44,98297.73,98292.44,9.560191,32.788116,28.999760,153.924069,118.142257,18,4.472993,5.087198
2026-01-01T05:27:00Z,98279.42,98287.70,98284.89,8.771637,31.857311,31.899994,149.564523,129.888682,16,4.093755,4.677882
2026-01-01T05:28:00Z,98297.05,98305.31,98299.16,9.560132,32.282747,30.049993,151.571823,122.291047,17,4.601503,4.958629
2026-01-01T05:29:00Z,98282.88,98291.13,98287.12,8.818194,33.468225,29.573884,157.147806,120.289568,18,4.344673,4.473521
2026-01-01T05:30:00Z,98306.79,98315.02,98309.99,10.394272,35.447603,31.680223,166.452106,128.788440,17,4.704741,5.689530
2026-01-01T05:31:00Z,98295.91,98304.13,98301.86,9.385877,31.017639,28.262545,145.658909,114.833531,17,4.393193,4.992683
2026-01-01T05:32:00Z,98313.04,98321.24,98316.95,9.949556,31.104302,29.884110,146.074295,121.357418,18,5.184549,4.765007
2026-01-01T05:33:00Z,98304.03,98312.22,98306.62,8.415981,33.191742,28.592488,155.886154,116.050297,18,3.950418,4.465563
2026-01-01T05:34:00Z,98307.69,98315.86,98310.12,9.411548,30.543284,34.241117,143.455264,138.902568,16,4.713147,4.698400
2026-01-01T05:35:00Z,98319.08,98327.24,98325.38,10.197234,32.241029,28.213806,151.437021,114.390998,17,5.154150,5.043084
2026-01-01T05:36:00Z,98302.35,98310.50,98306.57,10.001207,32.531936,28.223683,152.810993,114.369820,17,4.731418,5.269789
2026-01-01T05:37:00Z,98310.34,98318.48,98315.46,9.682485,32.415315,27.930951,152.270432,113.122976,16,4.512342,5.170144
2026-01-01T05:38:00Z,98318.82,98326.94,98323.54,11.078495,33.173889,29.451160,155.840917,119.216026,17,5.362803,5.715693
2026-01-01T05:39:00Z,98329.80,98337.91,98333.58,8.372663,32.581237,29.392777,153.063471,118.915852,16,3.901362,4.471302
2026-01-01T05:40:00Z,98320.46,98328.56,98323.69,8.272361,30.576166,29.131703,143.649805,117.796309,19,4.056047,4.216314
2026-01-01T05:41:00Z,98320.95,98329.05,98324.36,9.407863,34.216428,28.565732,160.758455,115.445665,16,5.038043,4.369820
2026-01-01T05:42:00Z,98318.34,98326.42,98321.39,9.165513,33.384452,29.684830,156.855468,119.903842,16,4.563024,4.602489
2026-01-01T05:43:00Z,98318.53,98326.61,98322.06,9.789723,31.798202,29.614410,149.407828,119.554981,16,4.708626,5.081097
2026-01-01T05:44:00Z,98337.80,98345.86,98343.59,9.440462,32.112349,29.592880,150.888928,119.403666,15,4.629361,4.811101
2026-01-01T05:45:00Z,98345.95,98354.01,98349.35,9.802284,31.465448,28.058732,147.853922,113.152493,18,4.603963,5.198320
2026-01-01T05:46:00Z,98334.77,98342.82,98340.06,9.239059,29.873612,31.064251,140.378117,125.205217,16,4.475268,4.763791
2026-01-01T05:47:00Z,98322.06,98330.11,98324.63,8.206953,31.592533,30.953666,148.459500,124.692087,16,3.595461,4.611493
2026-01-01T05:48:00Z,98345.46,98353.49,98349.63,8.216389,33.370719,29.683392,156.819512,119.510320,17,3.773603,4.442786
2026-01-01T05:49:00Z,98354.17,98362.20,98358.09,10.177948,33.552160,31.495503,157.675831,126.737559,16,4.671807,5.506142
2026-01-01T05:50:00Z,98352.63,98360.65,98355.57,8.277341,33.306380,29.514684,156.524135,118.702442,16,3.763631,4.513709
2026-01-01T05:51:00Z,98351.75,98359.77,98356.76,9.865092,32.204598,29.021553,151.349195,116.655902,17,5.621627,4.243466
2026-01-01T05:52:00Z,98358.25,98366.27,98361.03,10.172146,34.978700,30.568203,164.389236,122.806221,15,4.713932,5.458214
2026-01-01T05:53:00Z,98353.61,98361.63,98357.19,9.734013,30.033059,30.199466,141.148371,121.258987,15,4.590513,5.143500
2026-01-01T05:54:00Z,98367.21,98375.22,98371.64,8.364329,33.632197,28.848172,158.065564,115.770269,17,3.638308,4.726021
2026-01-01T05:55:00Z,98369.17,98377.17,98375.45,10.780061,34.525782,29.527589,162.267068,118.432428,15,4.767367,6.012694
2026-01-01T05:56:00Z,98387.65,98395.65,98389.74,8.469360,31.060028,29.698523,145.979768,119.053248,16,3.963600,4.505760
2026-01-01T05:57:00Z,98354.00,98362.00,98358.13,9.835053,29.690100,31.465485,139.542197,126.067875,17,4.464446,5.370607
2026-01-01T05:58:00Z,98360.51,98368.52,98365.04,8.412085,29.525269,31.075439,138.768202,124.437347,15,3.581080,4.831006
2026-01-01T05:59:00Z,98371.11,98379.11,98376.17,8.341139,29.777047,33.295706,139.951978,133.255463,18,3.746115,4.595024
2026-01-01T06:00:00Z,98365.43,98373.43,98369.91,8.272940,29.664655,30.374517,139.423876,121.498068,15,3.526482,4.746458
2026-01-01T06:01:00Z,98381.96,98389.96,98385.69,10.224960,32.340235,29.940106,151.998952,119.695105,16,4.896448,5.328512
2026-01-01T06:02:00Z,98375.60,98383.61,98381.18,8.499091,32.393778,32.793987,152.250139,131.032860,15,3.831789,4.667301
2026-01-01T06:03:00Z,98396.19,98404.19,98400.14,7.977890,29.705622,30.105258,139.615152,120.223999,16,3.486861,4.491029
2026-01-01T06:04:00Z,98385.03,98393.03,98388.43,8.825024,30.950487,33.167384,145.464934,132.380112,15,3.776991,5.048033
2026-01-01T06:05:00Z,98402.99,98411.00,98407.63,8.976175,29.471067,33.069302,138.510508,131.916508,16,4.336140,4.640034
2026-01-01T06:06:00Z,98393.11,98401.12,98397.06,8.557043,33.479501,33.373475,157.347919,133.057091,15,3.804710,4.752333
2026-01-01T06:07:00Z,98396.63,98404.64,98402.16,11.171754,31.629248,30.067022,148.650088,119.808987,15,4.959130,6.212624
2026-01-01T06:08:00Z,98398.14,98406.16,98401.57,8.857317,32.858207,28.873355,154.423564,114.989589,18,4.150604,4.706713
2026-01-01T06:09:00Z,98396.98,98405.00,98401.69,7.914123,30.801247,31.500034,144.753988,125.381793,15,3.424701,4.489423
2026-01-01T06:10:00Z,98401.97,98410.00,98404.25,8.589409,34.352729,30.111203,161.441479,119.788094,16,3.512512,5.076897
2026-01-01T06:11:00Z,98408.46,98416.49,98412.50,9.459709,29.488241,30.488760,138.577754,121.223641,18,4.558789,4.900921
2026-01-01T06:12:00Z,98408.61,98416.65,98413.14,9.379156,32.069589,31.148137,150.705092,123.777465,15,3.643446,5.735709
2026-01-01T06:13:00Z,98397.33,98405.37,98400.77,8.685099,28.811803,31.577926,135.392305,125.416582,17,3.679847,5.005252
2026-01-01T06:14:00Z,98430.47,98438.52,98435.39,9.164773,31.044699,32.168861,145.881131,127.693514,15,4.152138,5.012635
2026-01-01T06:15:00Z,98411.48,98419.54,98419.16,8.298955,31.212901,32.143834,146.667222,127.524184,15,3.472100,4.826854
2026-01-01T06:16:00Z,98411.45,98419.51,98416.90,8.030398,29.235897,31.339219,137.373108,124.263821,19,3.405645,4.624753
2026-01-01T06:17:00Z,98424.59,98432.66,98429.05,7.883741,31.106528,31.811675,146.157911,126.067944,15,3.054118,4.829623
2026-01-01T06:18:00Z,98413.80,98421.88,98418.83,9.058468,30.245601,30.622285,142.107704,121.287843,15,3.646248,5.412219
2026-01-01T06:19:00Z,98435.92,98444.01,98440.62,9.838602,32.389200,33.602688,152.173619,133.019462,16,4.057293,5.781309
2026-01-01T06:20:00Z,98428.24,98436.34,98431.87,8.353793,29.432272,32.144238,138.275679,127.176175,17,3.539142,4.814650
2026-01-01T06:21:00Z,98436.32,98444.43,98438.74,8.199706,28.643493,30.959234,134.564337,122.420526,15,3.791011,4.408696
2026-01-01T06:22:00Z,98431.08,98439.20,98433.27,9.240650,29.284736,29.829328,137.570848,117.887805,18,3.355078,5.885572
2026-01-01T06:23:00Z,98431.97,98440.10,98437.56,9.194616,28.602866,30.273610,134.361511,119.577912,15,4.374148,4.820468
2026-01-01T06:24:00Z,98441.32,98449.47,98444.46,9.427800,29.036875,32.321355,136.393779,127.596169,15,3.785901,5.641899
2026-01-01T06:25:00Z,98443.52,98451.68,98445.98,7.674159,31.584362,32.009347,148.352637,126.295007,15,3.283465,4.390694
2026-01-01T06:26:00Z,98442.74,98450.91,98445.94,8.016229,30.138094,32.601211,141.552174,128.559564,14,3.399880,4.616349
2026-01-01T06:27:00Z,98447.39,98455.57,98453.18,9.889668,32.636838,32.287537,153.280027,127.252653,16,3.742496,6.147173
2026-01-01T06:28:00Z,98442.08,98450.28,98446.71,9.285480,29.586496,32.272364,138.946266,127.122951,16,3.762259,5.523221
2026-01-01T06:29:00Z,98457.23,98465.44,98461.98,8.051261,29.454713,30.176541,138.319403,118.802041,16,2.621786,5.429475
2026-01-01T06:30:00Z,98446.28,98454.51,98450.62,8.201173,28.471272,31.084781,133.693191,122.310434,16,3.284786,4.916386
2026-01-01T06:31:00Z,98464.61,98472.85,98468.15,9.167826,33.485659,30.173935,157.229665,118.661250,17,3.775401,5.392425
2026-01-01T06:32:00Z,98462.69,98470.95,98469.35,7.632835,28.430712,30.306432,133.486005,119.116807,16,3.299393,4.333442
2026-01-01T06:33:00Z,98466.33,98474.61,98471.84,9.638213,31.496949,34.936241,147.872685,137.238416,14,3.852062,5.786151
2026-01-01T06:34:00Z,98460.51,98468.80,98464.08,8.415318,28.322616,34.848342,132.960743,136.817912,14,3.267866,5.147452
2026-01-01T06:35:00Z,98462.82,98471.12,98469.32,9.024592,29.132319,32.930870,136.752371,129.218700,16,3.390572,5.634019
2026-01-01T06:36:00Z,98468.36,98476.69,98472.44,8.047676,29.305520,33.144690,137.555546,129.986274,15,3.229585,4.818091
2026-01-01T06:37:00Z,98463.44,98471.78,98468.51,7.700235,29.680900,34.704446,139.307251,136.028542,14,3.241996,4.458238
2026-01-01T06:38:00Z,98468.23,98476.59,98471.32,7.554506,33.193502,31.837062,155.781845,124.720932,15,3.089808,4.464698
2026-01-01T06:39:00Z,98468.38,98476.76,98473.28,8.629755,30.183163,30.840547,141.642884,120.750771,16,3.564584,5.065171
2026-01-01T06:40:00Z,98470.31,98478.71,98475.43,7.973836,33.338816,30.726622,156.439191,120.238678,15,2.944311,5.029524
2026-01-01T06:41:00Z,98472.17,98480.59,98476.95,8.364483,30.378079,33.335100,142.534565,130.374518,15,3.364541,4.999941
2026-01-01T06:42:00Z,98473.34,98481.78,98476.69,7.733920,30.004499,30.583137,140.769932,119.545883,14,2.796297,4.937623
2026-01-01T06:43:00Z,98471.72,98480.18,98473.75,7.930369,32.261552,38.083431,151.346206,148.781987,14,3.101293,4.829076
2026-01-01T06:44:00Z,98489.59,98498.08,98495.54,8.580526,31.246202,30.971934,146.570107,120.932875,16,3.105321,5.475205
2026-01-01T06:45:00Z,98495.67,98504.18,98500.38,7.450002,32.599443,35.436012,152.904187,138.287436,16,2.729488,4.720514
2026-01-01T06:46:00Z,98486.06,98494.59,98489.34,8.662324,31.505426,32.090093,147.759263,125.161504,15,3.492256,5.170068
2026-01-01T06:47:00Z,98476.93,98485.48,98483.07,7.696738,29.020362,33.081502,136.091648,128.957621,15,3.087177,4.609561
2026-01-01T06:48:00Z,98487.21,98495.78,98491.28,8.007516,31.043531,31.905429,145.565409,124.304960,15,2.985342,5.022174
2026-01-01T06:49:00Z,98486.18,98494.78,98490.35,7.973605,32.245069,31.635910,151.184734,123.187422,15,3.504546,4.469059
2026-01-01T06:50:00Z,98493.04,98501.66,98495.25,9.408222,30.969424,37.603607,145.189241,146.344972,14,3.342709,6.065513
2026-01-01T06:51:00Z,98491.50,98500.14,98494.58,7.322139,29.283039,37.326481,137.269258,145.186995,15,2.941547,4.380593
2026-01-01T06:52:00Z,98491.59,98500.26,98495.50,8.761206,39.853393,32.484973,186.800226,126.286127,14,3.411208,5.349997
2026-01-01T06:53:00Z,98491.75,98500.44,98495.55,8.063081,37.482193,34.645730,175.667403,134.612511,16,2.535167,5.527913
2026-01-01T06:54:00Z,98496.50,98505.22,98503.24,7.590639,32.936561,33.041876,154.346815,128.310768,16,3.076851,4.513788
2026-01-01T06:55:00Z,98504.28,98513.02,98509.32,8.988072,30.249450,38.236111,141.738972,148.400351,14,3.323083,5.664989
2026-01-01T06:56:00Z,98486.31,98495.08,98490.07,8.582850,30.382581,32.621958,142.346885,126.541849,20,3.416025,5.166825
2026-01-01T06:57:00Z,98505.50,98514.30,98510.67,7.686834,34.721247,31.446494,162.655688,121.915646,15,3.129916,4.556918
2026-01-01T06:58:00Z,98499.11,98507.94,98504.16,7.757859,30.210377,35.426501,141.507638,137.270960,18,2.986152,4.771707
2026-01-01T06:59:00Z,98500.25,98509.10,98506.55,8.217866,30.819487,32.247592,144.343774,124.885219,16,2.630344,5.587523
2026-01-01T07:00:00Z,98507.19,98516.07,98511.18,7.993269,29.331997,36.636477,137.360652,141.804798,15,3.033025,4.960245
2026-01-01T07:01:00Z,98496.04,98504.95,98502.25,7.584760,30.397017,38.122728,142.330800,147.477178,17,3.315161,4.269599
2026-01-01T07:02:00Z,98502.64,98511.57,98506.24,7.777093,32.293776,35.090405,151.193494,135.672869,15,2.720616,5.056477
2026-01-01T07:03:00Z,98511.34,98520.30,98518.71,8.055732,28.751519,31.941013,134.592406,123.429009,19,3.427732,4.628000
2026-01-01T07:04:00Z,98488.33,98497.32,98491.14,7.946573,30.821499,34.981217,144.264060,135.103804,14,2.377439,5.569134
2026-01-01T07:05:00Z,98513.61,98522.64,98518.39,10.502563,32.000518,34.387518,149.763222,132.738760,16,4.380100,6.122463
2026-01-01T07:06:00Z,98493.25,98502.30,98495.77,7.976858,29.125952,32.013893,136.292265,123.509352,15,2.885741,5.091118
2026-01-01T07:07:00Z,98508.31,98517.39,98514.08,7.082246,30.620311,34.334114,143.265874,132.388973,15,1.997847,5.084398
2026-01-01T07:08:00Z,98497.68,98506.79,98503.32,8.160300,31.288288,32.762002,146.371379,126.258666,16,3.168902,4.991398
2026-01-01T07:09:00Z,98500.97,98510.11,98507.70,8.080194,29.133285,32.487123,136.271230,125.131599,15,3.102842,4.977352
2026-01-01T07:10:00Z,98509.46,98518.63,98515.11,7.199670,28.805038,35.631357,134.717085,137.168150,17,2.652584,4.547086
2026-01-01T07:11:00Z,98499.88,98509.09,98504.17,7.047142,29.366886,33.375994,137.325371,128.416402,15,2.469755,4.577387
2026-01-01T07:12:00Z,98510.64,98519.88,98515.76,7.683005,32.801873,32.550149,153.366084,125.171322,17,2.669110,5.013895
2026-01-01T07:13:00Z,98512.94,98522.21,98517.60,7.367194,29.643791,34.710610,138.580263,133.407388,18,2.430655,4.936539
2026-01-01T07:14:00Z,98500.59,98509.89,98505.70,7.824120,28.684903,33.627209,134.077877,129.173801,17,2.786635,5.037486
2026-01-01T07:15:00Z,98512.51,98521.84,98519.27,8.094870,32.443142,32.800966,151.621893,125.932100,15,3.086625,5.008245
2026-01-01T07:16:00Z,98515.12,98524.48,98520.65,7.935720,30.432324,32.839799,142.202923,126.013401,18,2.618717,5.317003
2026-01-01T07:17:00Z,98515.57,98524.97,98520.41,7.865792,28.685459,33.723761,134.019740,129.335840,17,2.912307,4.953484
2026-01-01T07:18:00Z,98501.00,98510.43,98507.01,8.487540,29.965189,33.983678,139.977009,130.262718,15,2.513682,5.973858
2026-01-01T07:19:00Z,98498.82,98508.29,98501.11,7.431545,29.277120,32.923531,136.741367,126.131417,18,2.670432,4.761113
2026-01-01T07:20:00Z,98516.56,98526.06,98520.17,9.461194,32.372392,33.909147,151.174095,129.837781,14,3.432389,6.028805
2026-01-01T07:21:00Z,98503.14,98512.67,98507.94,7.607788,28.653812,34.319090,133.787389,131.337148,20,2.586636,5.021152
2026-01-01T07:22:00Z,98484.44,98494.01,98490.95,10.642844,32.182095,33.252610,150.236834,127.187784,17,3.271559,7.371285
2026-01-01T07:23:00Z,98522.76,98532.37,98527.97,7.069692,29.227301,35.128408,136.420404,134.290791,16,2.585652,4.484041
2026-01-01T07:24:00Z,98489.04,98498.68,98494.52,7.207278,28.571470,34.507610,133.337058,131.847229,17,2.266158,4.941121
2026-01-01T07:25:00Z,98506.57,98516.24,98509.61,7.872681,29.420583,33.640391,137.276555,128.465286,19,2.514025,5.358656
2026-01-01T07:26:00Z,98501.46,98511.16,98507.82,7.483336,30.475023,33.812467,142.172347,129.053712,16,2.380870,5.102466
2026-01-01T07:27:00Z,98501.66,98511.41,98506.42,7.442563,34.281598,34.750760,159.903249,132.564464,17,2.336454,5.106109
2026-01-01T07:28:00Z,98499.49,98509.27,98505.19,6.839979,28.550280,34.339717,133.146857,130.926925,19,2.374305,4.465673
2026-01-01T07:29:00Z,98495.44,98505.26,98500.08,8.123925,29.295157,34.535810,136.596586,131.604773,15,2.670025,5.453900
2026-01-01T07:30:00Z,98509.39,98519.24,98514.09,7.174993,30.373861,34.200252,141.601112,130.257074,16,2.176591,4.998401
2026-01-01T07:31:00Z,98505.09,98514.97,98510.95,8.487648,29.790559,36.732077,138.856787,139.825959,15,2.375613,6.112035
2026-01-01T07:32:00Z,98502.81,98512.73,98508.68,7.357495,33.211308,35.466960,154.773081,134.938816,15,2.766565,4.590930
2026-01-01T07:33:00Z,98499.04,98509.00,98505.21,8.678023,32.344842,35.904635,150.707416,136.531974,15,3.226263,5.451759
2026-01-01T07:34:00Z,98494.83,98504.82,98502.13,8.385162,28.810466,36.460363,134.214423,138.572183,15,2.878465,5.506697
2026-01-01T07:35:00Z,98503.69,98513.72,98509.82,8.846403,31.594379,39.164293,147.155740,148.770529,16,2.855879,5.990523
2026-01-01T07:36:00Z,98494.74,98504.81,98497.87,6.912001,31.662947,39.553695,147.447149,150.170813,17,2.467294,4.444707
2026-01-01T07:37:00Z,98490.16,98500.27,98494.09,8.081639,33.525754,34.495758,156.091922,130.899002,15,2.962198,5.119441
2026-01-01T07:38:00Z,98492.46,98502.61,98497.37,8.095760,28.597069,33.981368,133.118801,128.879550,16,2.689198,5.406561
2026-01-01T07:39:00Z,98505.49,98515.67,98509.47,9.556147,30.368773,35.906420,141.338445,136.109394,16,2.963160,6.592986
2026-01-01T07:40:00Z,98489.53,98499.75,98496.04,7.583963,29.247337,38.429745,136.092358,145.598426,18,2.449243,5.134720
2026-01-01T07:41:00Z,98487.35,98497.61,98493.15,7.549321,28.860806,35.449604,134.267037,134.237570,17,2.269480,5.279841
2026-01-01T07:42:00Z,98508.68,98518.98,98515.29,8.081168,33.169417,36.112068,154.280667,136.674948,18,2.663370,5.417798
2026-01-01T07:43:00Z,98480.93,98491.27,98487.35,8.205755,29.789297,38.044096,138.530630,143.912344,18,2.464320,5.741435
2026-01-01T07:44:00Z,98477.09,98487.47,98480.68,6.853111,28.538166,36.853741,132.685264,139.337157,18,2.432798,4.420314
2026-01-01T07:45:00Z,98485.75,98496.17,98492.87,6.939091,28.838279,36.424616,134.052904,137.643365,16,2.239082,4.700008
2026-01-01T07:46:00Z,98466.45,98476.90,98471.20,8.001778,28.817559,37.687955,133.928658,142.343677,17,2.182432,5.819346
2026-01-01T07:47:00Z,98464.58,98475.07,98470.06,6.990159,30.401486,39.190733,141.260183,147.943086,16,2.424469,4.565690
2026-01-01T07:48:00Z,98481.45,98491.98,98488.44,6.748347,32.512431,36.353281,151.036603,137.161102,16,2.018984,4.729362
2026-01-01T07:49:00Z,98487.83,98498.40,98492.64,7.281645,34.546874,35.665167,160.453254,134.495594,16,2.806689,4.474956
2026-01-01T07:50:00Z,98456.05,98466.66,98459.85,8.724712,28.676098,36.475130,133.157618,137.479350,17,2.340939,6.383773
2026-01-01T07:51:00Z,98475.24,98485.89,98482.87,7.225015,31.963626,36.778272,148.390938,138.550839,16,2.481033,4.743982
2026-01-01T07:52:00Z,98475.99,98486.68,98480.57,7.197374,32.126691,36.005693,149.115195,135.570948,18,2.403681,4.793693
2026-01-01T07:53:00Z,98462.85,98473.58,98468.13,6.499732,31.240768,39.240799,144.971077,147.676473,16,2.453409,4.046323
2026-01-01T07:54:00Z,98450.79,98461.55,98456.31,7.808321,31.041551,37.730090,144.014435,141.918739,17,2.392703,5.415617
2026-01-01T07:55:00Z,98460.42,98471.23,98466.64,6.572671,31.292740,40.011596,145.147100,150.423820,16,2.169004,4.403667
2026-01-01T07:56:00Z,98464.24,98475.08,98471.41,7.005947,31.419520,37.000322,145.702051,139.032233,17,2.216706,4.789241
2026-01-01T07:57:00Z,98463.23,98474.11,98468.03,6.740718,30.094081,39.704937,139.523622,149.119409,16,2.042493,4.698225
2026-01-01T07:58:00Z,98449.18,98460.10,98453.99,9.349042,34.289884,36.309520,158.939713,136.298249,20,2.708165,6.640876
2026-01-01T07:59:00Z,98456.72,98467.68,98464.85,7.190089,29.157856,36.712845,135.120404,137.742620,17,2.424207,4.765882
2026-01-01T08:00:00Z,98449.18,98460.18,98453.02,6.874828,29.634761,36.841377,137.298224,138.155165,17,2.197452,4.677376
2026-01-01T08:01:00Z,98443.41,98454.45,98448.54,6.384311,29.337963,35.744208,135.891033,133.973330,19,2.059979,4.324332
2026-01-01T08:02:00Z,98442.06,98453.14,98446.40,7.391634,29.307811,36.737076,135.719036,137.625567,18,2.267295,5.124340
2026-01-01T08:03:00Z,98431.88,98443.00,98436.86,7.951452,30.348880,36.368440,140.506306,136.176293,17,2.410921,5.540531
2026-01-01T08:04:00Z,98441.65,98452.81,98446.72,6.378705,30.034027,36.055605,139.015005,134.937415,17,2.129977,4.248728
2026-01-01T08:05:00Z,98442.16,98453.36,98447.64,7.703627,29.374895,36.292698,135.931031,135.756950,17,2.831407,4.872220
2026-01-01T08:06:00Z,98428.86,98440.10,98434.50,7.216267,29.248794,40.281362,135.314284,150.601970,17,2.651241,4.565026
2026-01-01T08:07:00Z,98423.11,98434.38,98428.40,6.816848,29.437533,36.954475,136.153776,138.094922,18,2.328872,4.487976
2026-01-01T08:08:00Z,98428.41,98439.73,98434.98,7.210729,29.551504,36.029878,136.646867,134.573048,16,2.226038,4.984691
2026-01-01T08:09:00Z,98427.73,98439.09,98432.84,8.283073,33.463798,38.538110,154.698585,143.870193,17,3.042080,5.240994
2026-01-01T08:10:00Z,98437.74,98449.14,98444.13,6.561239,31.832837,40.193006,147.121685,149.974181,17,1.978462,4.582777
2026-01-01T08:11:00Z,98408.37,98419.80,98416.00,7.383425,31.682159,36.365950,146.388033,135.627274,17,2.578026,4.805399
2026-01-01T08:12:00Z,98404.95,98416.41,98412.28,6.690198,30.804404,36.205275,142.295870,134.961696,19,2.177922,4.512276
2026-01-01T08:13:00Z,98410.98,98422.48,98417.42,6.391702,30.895078,40.190088,142.677890,149.742377,19,2.181368,4.210334
2026-01-01T08:14:00Z,98413.74,98425.28,98420.62,6.311489,34.727802,37.531494,160.336278,139.768467,17,1.880793,4.430696
2026-01-01T08:15:00Z,98406.58,98418.17,98412.91,6.397157,29.707928,38.617786,137.123915,143.743697,17,2.083181,4.313976
2026-01-01T08:16:00Z,98400.67,98412.30,98404.68,6.275337,32.849147,37.387347,151.583004,139.096019,19,1.535042,4.740296
2026-01-01T08:17:00Z,98394.43,98406.10,98398.34,6.359003,29.624818,38.887256,136.668022,144.606056,19,2.196348,4.162655
2026-01-01T08:18:00Z,98393.98,98405.68,98398.72,6.890655,29.718884,37.264130,137.065370,138.503201,19,2.276799,4.613855
2026-01-01T08:19:00Z,98390.49,98402.23,98397.78,7.970863,31.908344,36.344380,147.123743,135.019431,17,2.484067,5.486796
2026-01-01T08:20:00Z,98393.30,98405.08,98399.12,6.344845,30.980588,41.494669,142.807378,154.078496,20,1.917347,4.427498
2026-01-01T08:21:00Z,98391.02,98402.83,98394.59,6.795657,34.136294,36.401934,157.310993,135.103134,18,2.209067,4.586590
2026-01-01T08:22:00Z,98390.50,98402.35,98397.20,6.045997,32.021352,38.254793,147.524216,141.911835,17,2.143022,3.902975
2026-01-01T08:23:00Z,98375.78,98387.67,98380.87,6.055401,30.512276,37.189444,140.533045,137.893817,19,1.545920,4.509482
2026-01-01T08:24:00Z,98378.38,98390.31,98385.70,7.551004,30.639247,36.794484,141.078672,136.364307,18,2.089705,5.461300
2026-01-01T08:25:00Z,98369.48,98381.44,98375.51,6.835696,32.377622,37.082801,149.041392,137.367495,19,2.511557,4.324139
2026-01-01T08:26:00Z,98357.40,98369.40,98363.13,6.664016,33.672469,36.833165,154.958291,136.378056,17,2.334240,4.329776
2026-01-01T08:27:00Z,98362.36,98374.40,98367.76,6.458623,35.079833,38.023257,161.389224,140.717904,19,1.984661,4.473962
2026-01-01T08:28:00Z,98361.65,98373.73,98367.10,8.306256,33.494218,37.132142,154.050554,137.355226,20,2.831846,5.474410
2026-01-01T08:29:00Z,98350.08,98362.19,98354.43,8.456141,31.059572,36.904424,142.811944,136.448683,19,2.929847,5.526294
2026-01-01T08:30:00Z,98369.07,98381.21,98374.20,7.347104,31.067588,41.050853,142.807658,151.708326,18,2.473155,4.873949
2026-01-01T08:31:00Z,98345.14,98357.32,98352.08,6.770866,33.179663,36.896242,152.471993,136.290710,21,1.919676,4.851190
2026-01-01T08:32:00Z,98365.15,98377.37,98370.90,5.975508,32.077648,38.402055,147.364889,141.786886,19,2.377285,3.598223
2026-01-01T08:33:00Z,98344.93,98357.19,98349.40,6.859377,32.107361,42.595425,147.458142,157.196414,17,2.024142,4.835234
2026-01-01T08:34:00Z,98335.40,98347.69,98338.70,6.417352,32.116927,39.485356,147.458580,145.651319,19,1.943247,4.474105
2026-01-01T08:35:00Z,98345.85,98358.18,98353.82,6.068264,31.324484,39.491450,143.777574,145.606486,20,1.889702,4.178562
2026-01-01T08:36:00Z,98337.67,98350.04,98344.63,7.401413,33.172136,37.127478,152.212765,136.827373,18,2.259110,5.142303
2026-01-01T08:37:00Z,98312.83,98325.23,98318.49,8.108383,32.176035,37.361090,147.597790,137.625079,19,2.325640,5.782743
2026-01-01T08:38:00Z,98321.68,98334.11,98327.16,5.829968,32.784341,39.586818,150.342832,145.757116,19,1.841413,3.988554
2026-01-01T08:39:00Z,98309.91,98322.38,98315.56,7.745673,35.444825,40.808237,162.493998,150.185758,21,2.574028,5.171645
2026-01-01T08:40:00Z,98315.25,98327.75,98319.00,5.879088,35.905311,37.973362,164.554839,139.689044,20,1.913679,3.965409
2026-01-01T08:41:00Z,98306.02,98318.55,98310.82,8.149592,33.285560,37.663493,152.501661,138.486330,22,3.018782,5.130810
2026-01-01T08:42:00Z,98307.06,98319.62,98313.27,5.796554,36.716307,40.495060,168.168138,148.830520,21,1.933377,3.863178
2026-01-01T08:43:00Z,98288.80,98301.40,98294.59,7.434245,34.953997,40.494900,160.046751,148.762881,18,2.113939,5.320306
2026-01-01T08:44:00Z,98306.69,98319.32,98312.77,6.560156,32.582908,40.305556,149.143530,148.000813,21,2.161310,4.398846
2026-01-01T08:45:00Z,98295.43,98308.09,98300.32,6.412737,31.009588,40.124795,141.897392,147.271123,20,2.254349,4.158388
2026-01-01T08:46:00Z,98290.85,98303.55,98296.50,6.339309,33.164898,40.782115,151.712093,149.616938,20,2.465664,3.873645
2026-01-01T08:47:00Z,98280.08,98292.81,98284.82,5.818449,31.904953,39.444979,145.902267,144.647070,20,2.117874,3.700574
2026-01-01T08:48:00Z,98285.00,98297.76,98291.81,6.958236,31.387518,37.933723,143.490313,139.043586,18,2.161229,4.797007
2026-01-01T08:49:00Z,98285.10,98297.89,98290.91,6.691643,41.074986,39.527164,187.717166,144.820281,19,2.495285,4.196358
2026-01-01T08:50:00Z,98285.57,98298.40,98288.83,7.473841,33.367803,40.795838,152.445436,149.402718,19,1.964057,5.509785
2026-01-01T08:51:00Z,98264.04,98276.90,98272.30,6.145586,34.032379,38.680335,155.431364,141.593220,20,2.363807,3.781780
2026-01-01T08:52:00Z,98260.86,98273.75,98267.05,7.563159,35.123213,38.561021,160.361242,141.094809,21,2.167082,5.396077
2026-01-01T08:53:00Z,98263.80,98276.72,98270.91,6.127667,35.077390,44.269537,160.099716,161.911779,23,1.953180,4.174487
2026-01-01T08:54:00Z,98257.87,98270.81,98264.30,7.287378,37.346610,39.038289,170.400899,142.717063,20,2.436562,4.850817
2026-01-01T08:55:00Z,98256.33,98269.31,98260.93,6.077390,35.767529,43.487091,163.142207,158.912417,22,1.933633,4.143757
2026-01-01T08:56:00Z,98250.32,98263.33,98256.10,6.669737,32.043682,38.913306,146.108611,142.137495,19,2.233241,4.436496
2026-01-01T08:57:00Z,98236.38,98249.41,98242.09,6.008367,33.760270,40.230091,153.884406,146.884278,19,2.141341,3.867026
2026-01-01T08:58:00Z,98253.90,98266.96,98260.63,7.284153,35.042587,41.935204,159.675937,153.044429,20,2.112780,5.171373
2026-01-01T08:59:00Z,98231.42,98244.51,98240.54,6.808685,32.092586,39.177257,146.184705,142.918344,22,2.452557,4.356128
2026-01-01T09:00:00Z,98234.39,98247.51,98239.61,6.980704,32.347212,39.957260,147.294757,145.702015,21,2.034789,4.945916
2026-01-01T09:01:00Z,98235.37,98248.52,98242.41,7.016412,34.733807,44.000707,158.108543,160.378498,20,2.275859,4.740553
2026-01-01T09:02:00Z,98228.74,98241.92,98233.39,7.614162,33.118036,38.282797,150.702122,139.478579,23,2.230590,5.383572
2026-01-01T09:03:00Z,98221.47,98234.68,98226.80,6.405263,31.984715,44.587669,145.495117,162.381560,21,2.056905,4.348358
2026-01-01T09:04:00Z,98212.11,98225.34,98219.79,6.420296,33.768636,39.132999,153.557105,142.457033,21,2.190911,4.229385
2026-01-01T09:05:00Z,98207.95,98221.21,98215.51,7.490073,40.818745,42.139970,185.552075,153.339683,22,2.124360,5.365713
2026-01-01T09:06:00Z,98198.46,98211.74,98205.48,5.638678,34.879599,40.874447,158.499082,148.673149,20,2.088613,3.550065
2026-01-01T09:07:00Z,98204.64,98217.95,98212.56,6.779153,34.269768,39.764870,155.673558,144.577693,22,2.414267,4.364886
2026-01-01T09:08:00Z,98189.32,98202.65,98196.51,6.050784,33.347821,39.538390,151.432427,143.695287,22,1.851492,4.199292
2026-01-01T09:09:00Z,98203.40,98216.76,98211.02,5.523705,37.550621,40.527429,170.457304,147.229613,20,2.105559,3.418146
2026-01-01T09:10:00Z,98200.12,98213.50,98208.33,6.449771,34.307728,40.079890,155.681438,145.544563,21,2.045601,4.404170
2026-01-01T09:11:00Z,98185.71,98199.12,98190.53,6.908235,34.656172,38.903542,157.206750,141.215616,20,2.218576,4.689659
2026-01-01T09:12:00Z,98185.54,98198.97,98191.93,5.675005,32.472878,41.029497,147.250385,148.872560,20,1.855708,3.819298
2026-01-01T09:13:00Z,98174.96,98188.41,98179.39,6.858318,35.888856,38.421812,162.682060,139.354808,22,2.216608,4.641710
2026-01-01T09:14:00Z,98176.03,98189.50,98181.58,5.793910,35.031307,41.918795,158.737711,151.977520,23,1.930453,3.863456
2026-01-01T09:15:00Z,98172.79,98186.28,98178.36,6.296296,34.056331,42.328176,154.264038,153.400701,22,1.805590,4.490706
2026-01-01T09:16:00Z,98171.41,98184.93,98179.47,6.142544,34.070474,43.267760,154.272111,156.743744,20,2.327292,3.815252
2026-01-01T09:17:00Z,98159.82,98173.36,98165.42,5.539242,35.394875,39.605734,160.210652,143.420976,20,2.059611,3.479632
2026-01-01T09:18:00Z,98163.61,98177.16,98170.61,6.363820,33.421082,46.588827,151.221173,168.642096,21,1.947583,4.416237
2026-01-01T09:19:00Z,98160.74,98174.32,98166.65,7.077175,34.047582,40.564690,153.999325,146.778614,24,2.346935,4.730240
2026-01-01T09:20:00Z,98145.46,98159.06,98152.05,6.046756,37.595509,41.467260,169.984101,149.986159,22,1.858544,4.188211
2026-01-01T09:21:00Z,98145.36,98158.98,98153.43,6.183186,36.405245,38.874272,164.541498,140.553006,23,2.403875,3.779311
2026-01-01T09:22:00Z,98134.66,98148.29,98140.58,5.842431,35.041999,39.074482,158.321123,141.222514,21,2.217080,3.625351
2026-01-01T09:23:00Z,98143.14,98156.79,98148.68,6.822705,34.891579,43.072830,157.582677,155.613679,21,2.434276,4.388429
2026-01-01T09:24:00Z,98125.09,98138.76,98132.09,5.535620,33.710029,42.427775,152.189324,153.224812,22,1.915624,3.619996
2026-01-01T09:25:00Z,98132.99,98146.68,98140.77,6.787646,35.394348,39.472570,159.733339,142.498259,23,2.397121,4.390524
2026-01-01T09:26:00Z,98134.83,98148.54,98144.54,6.599058,33.836008,39.983818,152.642938,144.289442,22,2.586325,4.012734
2026-01-01T09:27:00Z,98116.78,98130.51,98124.81,6.009495,36.043032,43.674739,162.537745,157.549700,25,2.058088,3.951407
2026-01-01T09:28:00Z,98106.97,98120.71,98112.52,5.654732,35.381809,39.175205,159.495207,141.265577,22,1.885127,3.769605
2026-01-01T09:29:00Z,98107.34,98121.09,98112.62,5.783289,35.025699,40.021071,157.829607,144.262163,21,2.175682,3.607607
2026-01-01T09:30:00Z,98116.75,98130.52,98122.49,5.911361,35.460383,39.402323,159.727063,141.979309,21,2.220973,3.690388
2026-01-01T09:31:00Z,98105.42,98119.21,98112.63,6.693108,36.368758,41.763273,163.755681,150.431269,22,2.487679,4.205429
2026-01-01T09:32:00Z,98111.10,98124.91,98115.65,5.568097,34.041011,42.348094,153.215442,152.482030,24,1.786146,3.781951
2026-01-01T09:33:00Z,98102.01,98115.83,98109.21,7.432924,37.885217,41.433123,170.451738,149.133268,21,2.391446,5.041477
2026-01-01T09:34:00Z,98096.53,98110.35,98101.51,5.808566,34.077003,40.378562,153.258303,145.284954,22,1.913952,3.894614
2026-01-01T09:35:00Z,98086.87,98100.71,98094.71,6.135327,34.791814,42.663688,156.411988,153.451801,22,2.427890,3.707436
2026-01-01T09:36:00Z,98088.97,98102.82,98096.00,6.301403,36.491799,41.310507,163.990226,148.531576,24,2.151581,4.149822
2026-01-01T09:37:00Z,98094.22,98108.08,98101.10,7.618261,34.672621,43.344021,155.753743,155.787645,23,2.796121,4.822140
2026-01-01T09:38:00Z,98081.27,98095.15,98086.92,5.543800,36.787986,38.943096,165.190988,139.920296,23,1.821464,3.722336
2026-01-01T09:39:00Z,98084.29,98098.17,98090.14,6.802690,36.757115,43.086269,164.986979,154.752056,22,2.019978,4.782711
2026-01-01T09:40:00Z,98062.19,98076.09,98069.78,5.678387,35.726188,43.309257,160.295838,155.498594,22,1.899334,3.779054
2026-01-01T09:41:00Z,98066.53,98080.44,98073.29,5.917120,35.605478,39.826114,159.690510,142.942953,21,2.111678,3.805443
2026-01-01T09:42:00Z,98074.57,98088.49,98080.93,6.007797,34.654325,45.394897,155.362380,162.874026,22,2.197752,3.810046
2026-01-01T09:43:00Z,98078.84,98092.76,98084.66,6.175046,39.551840,40.793853,177.247713,146.315522,22,1.977252,4.197794
2026-01-01T09:44:00Z,98054.63,98068.57,98060.56,5.737182,36.697743,42.911770,164.391080,153.859345,24,2.115128,3.622054
2026-01-01T09:45:00Z,98059.01,98072.96,98065.08,5.292674,34.440970,39.023239,154.219264,139.869636,22,1.950868,3.341807
2026-01-01T09:46:00Z,98068.33,98082.28,98078.85,5.407487,36.936413,43.831123,165.326222,157.049417,23,1.789808,3.617679
2026-01-01T09:47:00Z,98048.69,98062.65,98056.16,5.411586,36.946633,40.378286,165.304654,144.629245,22,2.265538,3.146048
2026-01-01T09:48:00Z,98053.17,98067.14,98059.92,5.806895,36.295816,39.185882,162.326487,140.311503,22,2.322860,3.484035
2026-01-01T09:49:00Z,98051.87,98065.84,98059.23,5.469775,37.134278,46.083204,166.008316,164.953931,23,2.382126,3.087649
2026-01-01T09:50:00Z,98050.98,98064.96,98056.36,6.821726,35.557304,39.614387,158.893140,141.752331,23,2.758481,4.063244
2026-01-01T09:51:00Z,98024.07,98038.05,98032.41,5.490060,36.270245,39.241941,162.012193,140.373763,24,2.072146,3.417914
2026-01-01T09:52:00Z,98044.69,98058.67,98052.41,6.966232,37.453662,42.466548,167.229090,151.859354,22,2.591774,4.374458
2026-01-01T09:53:00Z,98028.66,98042.65,98038.02,5.296281,37.488678,43.931718,167.315978,157.048154,22,2.028988,3.267293
2026-01-01T09:54:00Z,98044.79,98058.78,98053.11,6.260982,36.445731,43.295563,162.593493,154.724484,22,2.439512,3.821471
2026-01-01T09:55:00Z,98021.44,98035.44,98029.68,5.903240,36.465343,40.462304,162.613065,144.553363,23,2.470665,3.432574
2026-01-01T09:56:00Z,98024.28,98038.27,98032.18,5.654968,39.293037,40.989088,175.149461,146.389098,23,2.409022,3.245946
2026-01-01T09:57:00Z,98009.10,98023.10,98014.50,6.473727,39.313422,39.463717,175.166712,140.897184,23,2.408151,4.065575
2026-01-01T09:58:00Z,97993.62,98007.62,98000.79,7.060151,35.721667,41.101945,159.096059,146.700462,25,2.040372,5.019779
2026-01-01T09:59:00Z,98010.82,98024.82,98018.10,6.674924,38.989763,39.507547,173.578018,140.966176,26,2.633040,4.041884
2026-01-01T10:00:00Z,98003.37,98017.37,98010.35,5.410287,36.024379,43.440917,160.308484,154.953199,23,2.291848,3.118439
2026-01-01T10:01:00Z,98011.74,98025.74,98019.60,5.176949,37.167283,40.510220,165.324100,144.455416,24,1.894037,3.282912
2026-01-01T10:02:00Z,98000.48,98014.47,98007.20,6.737827,38.091445,40.137454,169.362632,143.082884,23,2.402217,4.335610
2026-01-01T10:03:00Z,98015.57,98029.57,98020.86,6.799586,38.188596,41.874147,169.721984,149.229077,23,2.718068,4.081518
2026-01-01T10:04:00Z,98001.50,98015.49,98009.06,5.211538,36.792005,43.605052,163.444979,155.351288,24,1.853245,3.358293
2026-01-01T10:05:00Z,98014.58,98028.58,98022.92,6.850617,41.472324,39.145272,184.157622,139.421234,23,2.844138,4.006479
2026-01-01T10:06:00Z,97983.41,97997.40,97990.19,5.315743,37.174839,42.667564,165.003472,151.921763,24,1.854223,3.461519
2026-01-01T10:07:00Z,98001.04,98015.03,98010.17,5.898699,38.329244,39.811166,170.053819,141.710020,25,2.313330,3.585369
2026-01-01T10:08:00Z,97984.84,97998.82,97993.06,5.926810,36.002316,44.148027,159.660760,157.101909,23,2.384461,3.542349
2026-01-01T10:09:00Z,97973.94,97987.92,97981.45,6.571508,36.402759,41.718117,161.366415,148.412459,23,2.454059,4.117449
2026-01-01T10:10:00Z,97982.65,97996.62,97988.36,5.288915,37.604172,40.087091,166.619361,142.569522,27,1.965178,3.323736
2026-01-01T10:11:00Z,97981.48,97995.45,97989.59,6.965317,41.238014,41.480880,182.640565,147.484915,24,2.974485,3.990832
2026-01-01T10:12:00Z,97986.95,98000.91,97994.26,5.211080,38.331594,40.401667,169.693784,143.607593,24,2.011820,3.199260
2026-01-01T10:13:00Z,97975.59,97989.54,97980.22,5.876066,39.130463,39.592003,173.154224,140.690599,24,2.489308,3.386759
2026-01-01T10:14:00Z,97979.30,97993.25,97986.52,5.306876,37.861974,40.503934,167.467256,143.891555,26,2.324683,2.982192
2026-01-01T10:15:00Z,97978.98,97992.92,97986.31,5.320039,39.191614,39.402591,173.271782,139.940808,25,1.967536,3.352503
2026-01-01T10:16:00Z,97975.06,97989.00,97981.51,5.108397,41.433788,39.718186,183.103598,141.023509,24,1.849669,3.258729
2026-01-01T10:17:00Z,97978.52,97992.44,97985.11,6.696028,40.685341,39.672779,179.716209,140.824514,25,2.950346,3.745681
2026-01-01T10:18:00Z,97975.64,97989.56,97981.75,8.270015,36.988159,46.325999,163.312173,164.397413,24,3.115193,5.154822
2026-01-01T10:19:00Z,97976.55,97990.46,97983.25,5.753211,38.981276,41.769927,172.035457,148.190196,25,2.167626,3.585584
2026-01-01T10:20:00Z,97956.38,97970.28,97963.07,5.447086,37.833710,41.517296,166.896190,147.255459,25,1.906032,3.541054
2026-01-01T10:21:00Z,97968.79,97982.67,97975.66,6.057257,38.141660,41.077953,168.179159,145.659480,27,2.446034,3.611224
2026-01-01T10:22:00Z,97963.47,97977.35,97970.44,7.602277,36.665180,41.077278,161.596157,145.619747,25,3.049245,4.553032
2026-01-01T10:23:00Z,97965.79,97979.65,97972.74,5.176398,39.453067,39.915346,173.804942,141.464734,25,2.218055,2.958343
2026-01-01T10:24:00Z,97968.28,97982.13,97976.96,5.930661,39.848280,39.117308,175.466654,138.601512,24,2.403352,3.527309
2026-01-01T10:25:00Z,97973.67,97987.51,97982.51,6.195800,37.013090,44.218119,162.908428,156.635800,24,2.395541,3.800260
2026-01-01T10:26:00Z,97945.35,97959.18,97953.54,5.434430,39.977976,39.329857,175.878087,139.285509,25,2.083417,3.351013
2026-01-01T10:27:00Z,97968.51,97982.32,97975.51,5.242866,37.424336,40.013573,164.568726,141.672233,26,2.219151,3.023715
2026-01-01T10:28:00Z,97954.68,97968.48,97963.54,5.146350,39.771899,40.128278,174.812035,142.043974,25,2.231979,2.914370
2026-01-01T10:29:00Z,97960.81,97974.59,97969.05,9.041131,39.776695,43.753350,174.753161,154.838711,27,3.857382,5.183749
2026-01-01T10:30:00Z,97956.48,97970.25,97963.24,5.091228,37.403356,41.683264,164.250917,147.477900,24,2.020008,3.071220
2026-01-01T10:31:00Z,97940.43,97954.19,97947.61,5.554801,37.521900,41.870874,164.695788,148.106899,24,2.193357,3.361443
2026-01-01T10:32:00Z,97951.63,97965.37,97958.17,7.011832,38.269632,43.105397,167.900483,152.438274,24,2.345140,4.666692
2026-01-01T10:33:00Z,97952.88,97966.61,97959.32,5.992241,40.556248,40.006785,177.850453,141.447799,24,2.479747,3.512493
2026-01-01T10:34:00Z,97949.68,97963.39,97958.32,5.804643,38.834920,41.812584,170.223187,147.798754,27,2.527332,3.277311
2026-01-01T10:35:00Z,97956.45,97970.14,97962.95,5.657057,37.395031,38.957690,163.835822,137.676321,24,2.477711,3.179346
2026-01-01T10:36:00Z,97961.78,97975.45,97969.19,6.604240,38.287115,39.264696,167.666322,138.730408,24,2.744006,3.860234
2026-01-01T10:37:00Z,97950.46,97964.11,97955.16,6.887887,41.412882,40.104107,181.270209,141.665045,26,2.928013,3.959874
2026-01-01T10:38:00Z,97942.58,97956.22,97947.29,5.619623,38.056297,38.725488,166.500246,136.765409,25,2.696660,2.922964
2026-01-01T10:39:00Z,97931.75,97945.37,97937.80,5.299416,41.751811,43.280369,182.583115,152.818841,24,2.133283,3.166133
2026-01-01T10:40:00Z,97937.09,97950.69,97944.02,5.517576,39.339843,41.252100,171.954849,145.626251,27,2.413047,3.104529
2026-01-01T10:41:00Z,97955.74,97969.32,97962.15,7.238098,39.177831,39.151361,171.166312,138.181284,26,2.983084,4.255015
2026-01-01T10:42:00Z,97942.88,97956.44,97950.60,5.032470,39.879004,38.624466,174.147758,136.293353,24,2.084322,2.948148
2026-01-01T10:43:00Z,97945.67,97959.21,97953.79,6.626806,39.728211,41.497978,173.407497,146.403018,24,3.196760,3.430046
2026-01-01T10:44:00Z,97936.48,97949.99,97944.22,6.520242,39.468473,39.258930,172.192425,138.475697,24,2.712238,3.808004
2026-01-01T10:45:00Z,97940.59,97954.09,97946.88,5.065232,39.201423,39.750732,170.946417,140.182344,24,2.147218,2.918014
2026-01-01T10:46:00Z,97939.71,97953.18,97946.50,7.059687,40.905185,38.977943,178.291479,137.429918,25,2.957686,4.102002
2026-01-01T10:47:00Z,97937.28,97950.73,97942.87,6.219262,38.777858,41.625962,168.938916,146.737777,28,2.924870,3.294392
2026-01-01T10:48:00Z,97945.52,97958.95,97951.91,5.133817,40.454009,40.711259,176.157326,143.485683,24,1.929361,3.204456
2026-01-01T10:49:00Z,97946.79,97960.20,97952.89,7.159754,40.283750,39.286824,175.332289,138.438994,24,3.236555,3.923200
2026-01-01T10:50:00Z,97962.02,97975.40,97967.62,6.580815,38.405665,40.401474,167.078198,142.340110,26,2.802637,3.778179
2026-01-01T10:51:00Z,97941.92,97955.28,97948.05,5.534325,41.440135,40.766035,180.192930,143.597952,24,2.298763,3.235562
2026-01-01T10:52:00Z,97937.43,97950.76,97945.17,6.262527,39.750856,40.317806,172.764609,141.993169,27,2.864400,3.398127
2026-01-01T10:53:00Z,97947.32,97960.63,97956.43,8.616174,41.841207,46.561780,181.762310,163.954005,26,3.956940,4.659235
2026-01-01T10:54:00Z,97939.80,97953.09,97947.52,5.115254,42.260242,39.954183,183.494295,140.662303,26,2.275011,2.840243
2026-01-01T10:55:00Z,97941.37,97954.63,97948.28,7.728666,41.097963,38.978416,178.361646,137.203051,24,4.088917,3.639749
2026-01-01T10:56:00Z,97940.41,97953.64,97943.50,6.197884,38.390975,38.627766,166.533088,135.945367,25,2.971236,3.226648
2026-01-01T10:57:00Z,97949.52,97962.72,97956.28,5.202206,38.946988,41.692298,168.863243,146.705706,25,2.154851,3.047355
2026-01-01T10:58:00Z,97927.39,97940.57,97932.99,5.192865,39.660105,40.556929,171.871793,142.686772,24,2.320898,2.871967
2026-01-01T10:59:00Z,97952.78,97965.93,97959.60,7.184617,42.660268,40.271431,184.783616,141.659041,26,3.413443,3.771174
2026-01-01T11:00:00Z,97943.08,97956.20,97947.45,6.052195,42.104576,41.200195,182.287953,144.902614,27,2.696387,3.355808
2026-01-01T11:01:00Z,97940.06,97953.15,97945.97,6.856338,43.329404,39.561776,187.499373,139.118076,25,3.126672,3.729666
2026-01-01T11:02:00Z,97938.02,97951.09,97946.44,7.099983,40.104279,40.088782,173.458627,140.949199,26,3.392809,3.707174
2026-01-01T11:03:00Z,97938.26,97951.30,97946.94,5.161207,42.187696,38.671093,182.380645,135.943761,25,2.487250,2.673957
2026-01-01T11:04:00Z,97953.41,97966.42,97961.11,5.084024,41.590206,41.477570,179.709656,145.787526,25,2.352761,2.731263
2026-01-01T11:05:00Z,97952.16,97965.14,97957.77,5.040532,39.491871,38.557420,170.559189,135.503458,24,2.504587,2.535946
2026-01-01T11:06:00Z,97947.03,97959.98,97953.34,5.424993,38.749570,38.701685,167.271147,135.990563,24,2.265502,3.159491
2026-01-01T11:07:00Z,97953.29,97966.20,97958.40,5.524389,42.378767,40.818842,182.847438,143.409259,25,2.511814,3.012575
2026-01-01T11:08:00Z,97951.07,97963.96,97958.00,5.198708,39.361909,39.006187,169.747270,137.021517,26,2.516056,2.682653
2026-01-01T11:09:00Z,97944.50,97957.36,97950.30,5.883648,41.805482,45.850456,180.196204,161.041880,24,2.767001,3.116647
2026-01-01T11:10:00Z,97934.74,97947.56,97938.61,5.655350,40.380108,38.340783,173.966381,134.647155,24,2.990222,2.665128
2026-01-01T11:11:00Z,97961.21,97974.00,97967.72,7.374026,45.383611,39.559865,195.425860,138.909894,25,3.566169,3.807857
2026-01-01T11:12:00Z,97964.94,97977.71,97969.63,6.869723,41.021437,39.388614,176.554452,138.290515,24,3.460704,3.409020
2026-01-01T11:13:00Z,97956.75,97969.48,97962.29,5.224593,43.771439,37.829656,188.296891,132.800148,26,2.491252,2.733341
2026-01-01T11:14:00Z,97964.90,97977.60,97972.76,6.612223,39.744921,38.447335,170.890600,134.951594,24,3.155023,3.457200
2026-01-01T11:15:00Z,97963.99,97976.65,97970.74,6.652929,41.985080,37.382900,180.432779,131.199300,27,3.310913,3.342016
2026-01-01T11:16:00Z,97957.36,97970.00,97966.10,6.325118,39.767509,38.468663,170.817538,134.993709,27,3.445777,2.879342
2026-01-01T11:17:00Z,97956.02,97968.62,97959.81,7.285037,41.553128,39.883546,178.398466,139.942380,25,3.655400,3.629637
2026-01-01T11:18:00Z,97965.65,97978.21,97973.29,7.693316,39.415820,39.751818,169.137925,139.464186,25,3.927035,3.766281
2026-01-01T11:19:00Z,97961.98,97974.51,97967.67,5.486018,40.698104,38.609791,174.553020,135.442362,25,2.811781,2.674238
2026-01-01T11:20:00Z,97974.01,97986.51,97980.06,5.691849,43.530804,37.295783,186.608900,130.818543,27,3.055373,2.636476
2026-01-01T11:21:00Z,97964.26,97976.73,97969.54,5.386583,39.914869,38.031686,171.022233,133.385565,26,2.935199,2.451384
2026-01-01T11:22:00Z,97952.47,97964.90,97960.83,6.340112,41.437228,41.482970,177.455916,145.474852,26,3.153921,3.186192
2026-01-01T11:23:00Z,97986.36,97998.75,97993.50,5.640626,41.677978,39.731351,178.397218,139.318054,25,2.766873,2.873753
2026-01-01T11:24:00Z,97975.40,97987.76,97979.21,5.747547,39.534672,45.000165,169.137917,157.777591,27,2.767207,2.980340
2026-01-01T11:25:00Z,97971.41,97983.74,97979.36,7.278417,46.162225,39.349274,197.392523,137.951442,25,3.537128,3.741289
2026-01-01T11:26:00Z,97978.72,97991.01,97985.61,6.482606,45.500401,39.373193,194.464376,138.022415,26,3.283935,3.198671
2026-01-01T11:27:00Z,97979.42,97991.67,97982.82,6.059947,40.154059,41.832102,171.527954,146.628810,28,2.782007,3.277940
2026-01-01T11:28:00Z,97980.83,97993.05,97987.43,5.213030,43.264263,36.889148,184.720516,129.291519,27,2.604582,2.608448
2026-01-01T11:29:00Z,97984.26,97996.45,97989.90,6.133971,43.517446,36.639079,185.707458,128.404108,25,2.905745,3.228226
2026-01-01T11:30:00Z,97978.36,97990.51,97983.26,5.927849,40.951354,41.528048,174.668299,145.525806,26,3.080360,2.847489
2026-01-01T11:31:00Z,97984.65,97996.77,97991.70,5.186642,44.519507,36.853436,189.791086,129.134348,27,2.770266,2.416376
2026-01-01T11:32:00Z,98000.43,98012.50,98007.62,7.502691,39.673835,38.609370,169.047620,135.276691,24,3.627344,3.875347
2026-01-01T11:33:00Z,97987.05,97999.09,97992.77,5.303554,41.118111,40.187739,175.112522,140.796369,24,2.558185,2.745369
2026-01-01T11:34:00Z,97986.77,97998.77,97991.09,7.531028,43.093964,41.691694,183.433835,146.054928,25,3.927518,3.603510
2026-01-01T11:35:00Z,97993.60,98005.57,98003.58,6.162086,39.932690,40.094060,169.890972,140.448361,26,3.149960,3.012127
2026-01-01T11:36:00Z,97979.75,97991.67,97985.53,6.068811,41.126669,37.791180,174.881464,132.372642,24,3.008793,3.060018
2026-01-01T11:37:00Z,97985.01,97996.90,97989.43,5.899851,43.157786,40.576728,183.424647,142.120629,26,3.126949,2.772902
2026-01-01T11:38:00Z,97982.56,97994.41,97989.08,6.709917,41.403931,38.168939,175.880704,133.679146,26,3.772458,2.937459
2026-01-01T11:39:00Z,98002.93,98014.75,98008.09,5.364804,40.644417,39.225681,172.566067,137.372159,26,2.658262,2.706542
2026-01-01T11:40:00Z,97998.67,98010.45,98006.48,6.928494,41.191983,38.488556,174.801387,134.783176,26,3.599239,3.329255
2026-01-01T11:41:00Z,98006.41,98018.14,98011.28,6.255628,47.018492,36.503207,199.424424,127.823910,26,3.499510,2.756118
2026-01-01T11:42:00Z,97997.00,98008.70,98003.69,5.455301,41.481171,39.463930,175.848204,138.184581,28,2.647327,2.807974
2026-01-01T11:43:00Z,98017.73,98029.39,98024.42,6.865396,40.118823,39.098471,169.985629,136.898406,25,3.705186,3.160209
2026-01-01T11:44:00Z,98003.92,98015.54,98009.28,5.710872,41.351070,41.507066,175.116746,145.325287,25,2.925626,2.785246
2026-01-01T11:45:00Z,98012.82,98024.41,98018.48,5.204166,42.663897,37.557180,180.583542,131.490336,25,2.682393,2.521772
2026-01-01T11:46:00Z,98008.10,98019.65,98014.15,5.902292,41.011531,40.937790,173.500278,143.320445,25,2.903649,2.998643
2026-01-01T11:47:00Z,98007.65,98019.16,98014.08,5.386964,42.505375,39.177203,179.727447,137.151716,24,2.837036,2.549928
2026-01-01T11:48:00Z,98018.58,98030.05,98023.42,5.521272,40.756636,37.525581,172.244392,131.365247,24,2.863501,2.657771
2026-01-01T11:49:00Z,98007.46,98018.89,98012.57,6.699221,43.625888,36.624524,184.275275,128.206923,24,3.471737,3.227483
2026-01-01T11:50:00Z,98022.51,98033.90,98027.97,5.550603,40.622413,38.881142,171.500095,136.102499,25,2.941091,2.609511
2026-01-01T11:51:00Z,98025.90,98037.25,98031.40,5.828140,43.467598,36.039310,183.417177,126.151479,24,3.012849,2.815291
2026-01-01T11:52:00Z,98019.92,98031.23,98023.95,6.713811,46.291251,39.923189,195.231024,139.743323,26,3.222830,3.490981
2026-01-01T11:53:00Z,98027.01,98038.29,98036.00,6.637513,41.372416,38.655741,174.395875,135.304108,24,3.866908,2.770605
2026-01-01T11:54:00Z,98035.41,98046.64,98040.99,6.284453,40.421740,37.138975,170.300365,129.992777,25,3.155012,3.129441
2026-01-01T11:55:00Z,98030.35,98041.55,98034.44,6.428493,44.065625,35.826132,185.556269,125.395725,24,3.506247,2.922246
2026-01-01T11:56:00Z,98043.77,98054.92,98050.98,6.605014,41.309540,39.107455,173.860544,136.879072,31,3.460830,3.144184
2026-01-01T11:57:00Z,98030.28,98041.40,98036.68,5.303591,41.195200,38.414704,173.289456,134.453111,24,3.185592,2.118000
2026-01-01T11:58:00Z,98036.31,98047.39,98041.98,5.683828,44.034969,36.856713,185.139008,128.999197,25,3.089365,2.594463
2026-01-01T11:59:00Z,98039.82,98050.86,98044.79,6.214031,41.210682,39.098028,173.174770,136.843285,25,3.061420,3.152611
2026-01-01T12:00:00Z,98029.97,98040.97,98035.67,6.427516,44.473016,39.145360,186.786667,137.008758,25,3.383621,3.043894
2026-01-01T12:01:00Z,98050.13,98061.09,98056.15,6.146158,41.959788,35.308239,176.139569,123.579006,24,3.250662,2.895496
2026-01-01T12:02:00Z,98039.91,98050.83,98043.31,6.137505,40.429958,43.230029,169.629416,151.305923,24,3.560273,2.577231
2026-01-01T12:03:00Z,98052.24,98063.13,98056.00,6.936763,44.931804,38.111310,188.419509,133.391217,25,3.779284,3.157479
2026-01-01T12:04:00Z,98050.12,98060.96,98053.59,5.417715,41.791282,34.929895,175.158703,122.257291,24,2.866059,2.551656
2026-01-01T12:05:00Z,98060.96,98071.77,98067.20,5.560599,41.117433,39.694352,172.244733,138.934956,23,3.194555,2.366044
2026-01-01T12:06:00Z,98061.84,98072.61,98066.52,6.674057,39.988945,38.878478,167.430177,136.081334,24,3.621563,3.052495
2026-01-01T12:07:00Z,98050.65,98061.37,98053.87,5.627897,43.089994,40.858727,180.320022,143.015074,26,3.439981,2.187917
2026-01-01T12:08:00Z,98056.96,98067.64,98061.70,5.540766,43.546970,41.399035,182.137388,144.909230,25,3.085146,2.455620
2026-01-01T12:09:00Z,98061.54,98072.19,98066.21,6.824480,43.482871,35.419252,181.774495,123.981035,25,3.985675,2.838805
2026-01-01T12:10:00Z,98059.51,98070.12,98063.90,6.262427,41.653412,35.172640,174.035884,123.120977,24,3.685674,2.576753
2026-01-01T12:11:00Z,98071.47,98082.04,98076.19,6.527585,40.077436,34.780454,167.363813,121.751617,24,3.792037,2.735547
2026-01-01T12:12:00Z,98060.75,98071.28,98064.97,5.662004,41.506428,34.893039,173.240858,122.149547,25,3.193159,2.468845
2026-01-01T12:13:00Z,98063.55,98074.04,98068.81,5.831200,41.485273,34.689603,173.062189,121.441505,24,3.233392,2.597808
2026-01-01T12:14:00Z,98060.18,98070.63,98065.75,5.692461,40.838788,37.390317,170.276336,130.900981,23,3.170066,2.522395
2026-01-01T12:15:00Z,98068.05,98078.46,98074.26,6.981466,41.946241,38.340590,174.802505,134.233110,24,3.894619,3.086847
2026-01-01T12:16:00Z,98071.57,98081.95,98075.41,7.383079,40.336493,36.552098,168.006406,127.976861,23,4.142112,3.240967
2026-01-01T12:17:00Z,98061.84,98072.18,98065.66,5.666512,42.119500,34.369560,175.341192,120.340715,24,3.030191,2.636321
2026-01-01T12:18:00Z,98083.15,98093.45,98090.75,7.380317,42.908087,36.527087,178.530699,127.901104,26,4.009025,3.371292
2026-01-01T12:19:00Z,98070.50,98080.76,98076.65,6.310291,41.970923,36.460233,174.540108,127.673427,25,3.705946,2.604345
2026-01-01T12:20:00Z,98091.27,98101.50,98098.26,5.927522,43.315430,34.489635,180.037212,120.779346,23,3.713053,2.214469
2026-01-01T12:21:00Z,98080.03,98090.21,98083.81,7.157462,43.551031,35.819475,180.921835,125.443294,25,4.132984,3.024478
2026-01-01T12:22:00Z,98068.26,98078.41,98072.33,6.265604,43.662052,34.282895,181.288208,120.069047,24,3.763799,2.501806
2026-01-01T12:23:00Z,98082.58,98092.69,98088.00,6.922356,46.083951,36.796017,191.244062,128.878629,23,4.364308,2.558048
2026-01-01T12:24:00Z,98084.71,98094.78,98089.10,6.587750,41.847339,36.828370,173.571704,129.000171,24,3.526747,3.061003
2026-01-01T12:25:00Z,98112.84,98122.88,98118.40,5.721184,42.485904,35.829625,176.128144,125.510168,24,3.099366,2.621817
2026-01-01T12:26:00Z,98095.09,98105.09,98099.63,6.511825,42.376638,35.043146,175.583294,122.763643,26,4.073342,2.438483
2026-01-01T12:27:00Z,98098.93,98108.89,98104.82,6.687125,41.450830,37.568456,171.657474,131.619799,24,4.125873,2.561252
2026-01-01T12:28:00Z,98096.65,98106.57,98103.09,6.380339,41.038908,35.970699,169.862720,126.031505,23,3.976537,2.403801
2026-01-01T12:29:00Z,98101.99,98111.88,98107.07,5.597182,41.653928,34.969033,172.318155,122.531404,24,3.313270,2.283912
2026-01-01T12:30:00Z,98097.82,98107.67,98103.90,7.292962,42.456495,36.976922,175.546438,129.577400,23,4.434564,2.858398
2026-01-01T12:31:00Z,98094.30,98104.12,98099.39,7.395132,42.068666,35.023353,173.851899,122.741690,24,4.536171,2.858961
2026-01-01T12:32:00Z,98097.11,98106.89,98101.48,6.310584,44.400358,33.917021,183.391837,118.874612,22,3.455016,2.855568
2026-01-01T12:33:00Z,98106.34,98116.09,98113.08,5.583835,44.637656,33.398293,184.275567,117.066837,23,3.397715,2.186121
2026-01-01T12:34:00Z,98103.51,98113.22,98108.48,6.069167,42.276614,37.955498,174.437340,133.052698,22,3.530171,2.538996
2026-01-01T12:35:00Z,98117.68,98127.35,98121.47,6.346568,42.944982,33.857475,177.102456,118.698187,23,4.028914,2.317655
2026-01-01T12:36:00Z,98112.42,98122.06,98117.87,6.833788,41.633578,35.828305,171.604562,125.619622,24,4.211869,2.621919
2026-01-01T12:37:00Z,98117.20,98126.80,98120.86,5.924328,40.220079,34.093138,165.691794,119.547650,24,3.552868,2.371459
2026-01-01T12:38:00Z,98106.81,98116.38,98111.81,6.826803,40.679603,33.225821,167.497296,116.518211,24,4.723349,2.103453
2026-01-01T12:39:00Z,98111.83,98121.37,98118.92,6.806830,40.175128,40.173236,165.333718,140.896455,24,4.257286,2.549544
2026-01-01T12:40:00Z,98132.26,98141.76,98137.85,5.936697,40.656320,33.100390,167.226595,116.102801,23,3.768765,2.167932
2026-01-01T12:41:00Z,98115.00,98124.47,98118.33,5.745484,44.946624,33.753731,184.776841,118.407400,22,3.325747,2.419736
2026-01-01T12:42:00Z,98124.90,98134.33,98129.94,7.415371,43.548417,35.523704,178.935316,124.630389,23,4.491597,2.923774
2026-01-01T12:43:00Z,98130.36,98139.76,98135.26,6.000849,41.457927,34.053032,170.256845,119.484420,25,3.655801,2.345049
2026-01-01T12:44:00Z,98136.69,98146.06,98142.11,6.246618,41.489752,32.573867,170.298651,114.307771,23,3.936198,2.310421
2026-01-01T12:45:00Z,98128.85,98138.19,98134.11,6.160740,44.812943,33.987508,183.843075,119.282807,22,3.730871,2.429869
2026-01-01T12:46:00Z,98130.46,98139.76,98137.04,7.833478,41.742807,33.583598,171.158702,117.879692,22,4.965994,2.867484
2026-01-01T12:47:00Z,98134.99,98144.26,98140.29,5.983316,39.908323,34.267785,163.551454,120.296281,28,3.708325,2.274991
2026-01-01T12:48:00Z,98123.48,98132.71,98128.75,6.190149,43.161101,32.065253,176.789776,112.578738,25,3.679068,2.511081
2026-01-01T12:49:00Z,98131.43,98140.63,98136.65,6.777403,39.638877,35.652922,162.278039,125.191115,22,4.519357,2.258046
2026-01-01T12:50:00Z,98127.57,98136.74,98133.50,6.400358,39.897070,34.831731,163.250040,122.323885,21,3.994221,2.406137
2026-01-01T12:51:00Z,98134.06,98143.21,98137.25,8.509842,43.251280,33.945964,176.882654,119.229390,21,5.226072,3.283770
2026-01-01T12:52:00Z,98147.31,98156.42,98151.50,7.824352,41.548563,35.339101,169.830769,124.139724,23,4.781916,3.042436
2026-01-01T12:53:00Z,98147.04,98156.12,98149.91,7.076932,41.164717,32.759206,168.174325,115.093259,21,4.072700,3.004232
2026-01-01T12:54:00Z,98135.02,98144.07,98141.18,6.426735,44.473516,33.010961,181.597698,115.994411,23,3.849988,2.576747
2026-01-01T12:55:00Z,98142.77,98151.79,98148.36,6.586229,39.667793,32.210499,161.890494,113.198288,21,4.285141,2.301088
2026-01-01T12:56:00Z,98159.37,98168.36,98165.47,7.068004,40.720887,31.930628,166.102089,112.231436,24,4.724370,2.343634
2026-01-01T12:57:00Z,98140.64,98149.60,98145.53,6.314065,46.560736,34.639117,189.824551,121.769816,23,3.632168,2.681897
2026-01-01T12:58:00Z,98155.30,98164.23,98158.59,5.857352,41.028845,33.551490,167.184749,117.964562,23,3.920376,1.936976
2026-01-01T12:59:00Z,98143.41,98152.32,98145.44,6.989890,39.948026,32.359616,162.696286,113.791847,21,4.226528,2.763362
2026-01-01T13:00:00Z,98148.62,98157.50,98151.85,6.062461,39.949389,34.549678,162.617603,121.512500,21,3.968863,2.093599
2026-01-01T13:01:00Z,98151.52,98160.37,98157.49,6.579451,42.447861,35.275422,172.698459,124.085048,22,4.372426,2.207025
2026-01-01T13:02:00Z,98151.17,98160.00,98157.35,7.499560,39.948949,33.236787,162.447639,116.933157,22,4.825689,2.673871
2026-01-01T13:03:00Z,98147.02,98155.81,98148.90,6.741305,43.259479,32.939903,175.818626,115.908022,22,4.514860,2.226445
2026-01-01T13:04:00Z,98149.07,98157.84,98155.38,7.196580,39.869493,34.272636,161.957112,120.618058,22,4.069119,3.127461
2026-01-01T13:05:00Z,98151.50,98160.24,98157.09,7.649718,46.599096,31.164203,189.196313,109.697216,21,4.595831,3.053887
2026-01-01T13:06:00Z,98155.41,98164.13,98158.46,8.484707,42.638174,34.394586,173.025383,121.089239,22,5.171993,3.312714
2026-01-01T13:07:00Z,98158.78,98167.48,98163.66,6.071549,42.000425,32.506501,170.349603,114.462357,25,3.781233,2.290316
2026-01-01T13:08:00Z,98153.88,98162.55,98156.41,6.101290,40.354967,32.968366,163.591537,116.109563,21,3.817425,2.283865
2026-01-01T13:09:00Z,98137.09,98145.73,98140.60,6.790825,39.174087,32.420936,158.722791,114.202425,23,4.501113,2.289712
2026-01-01T13:10:00Z,98158.03,98166.65,98164.21,7.135387,40.431241,32.039355,163.732256,112.879183,21,4.828724,2.306663
2026-01-01T13:11:00Z,98163.18,98171.78,98168.17,7.118805,43.912536,32.489778,177.738968,114.487548,21,4.577022,2.541783
2026-01-01T13:12:00Z,98158.14,98166.71,98162.59,6.625158,40.087848,31.810601,162.175048,112.115566,23,3.978263,2.646895
2026-01-01T13:13:00Z,98151.32,98159.87,98153.09,7.317964,40.808676,33.342483,165.006538,117.537268,21,4.748283,2.569681
2026-01-01T13:14:00Z,98156.91,98165.43,98160.98,6.216507,39.696978,32.378863,160.429289,114.162630,21,4.043704,2.172803
2026-01-01T13:15:00Z,98168.26,98176.76,98171.77,6.237599,41.574022,32.623643,167.929128,115.048418,23,3.848070,2.389529
2026-01-01T13:16:00Z,98156.80,98165.29,98160.21,6.475160,46.662716,31.544329,188.387462,111.264443,22,4.402384,2.072777
2026-01-01T13:17:00Z,98148.79,98157.26,98154.64,6.301199,40.102972,35.248389,161.821694,124.354749,22,4.360726,1.940473
2026-01-01T13:18:00Z,98149.17,98157.62,98152.77,6.557100,41.054719,33.323980,165.577645,117.589637,20,3.997665,2.559436
2026-01-01T13:19:00Z,98152.36,98160.78,98156.89,6.245166,42.619873,33.602736,171.802484,118.597898,23,4.275481,1.969684
2026-01-01T13:20:00Z,98164.32,98172.73,98168.67,6.856438,40.939032,32.530933,164.942948,114.839192,20,4.718597,2.137842
2026-01-01T13:21:00Z,98149.60,98157.98,98154.55,8.047680,40.915037,32.928177,164.762460,116.266243,20,5.094705,2.952975
2026-01-01T13:22:00Z,98138.79,98147.15,98144.52,6.383834,41.740821,34.074873,168.002477,120.340999,20,4.264394,2.119439
2026-01-01T13:23:00Z,98151.18,98159.53,98155.59,7.228009,41.232472,32.493171,165.872233,114.779928,21,4.730122,2.497887
2026-01-01T13:24:00Z,98160.62,98168.95,98165.46,6.259202,43.514886,31.260163,174.965351,110.448713,22,4.159032,2.100169
2026-01-01T13:25:00Z,98148.64,98156.95,98153.56,8.177134,40.268034,30.205076,161.828408,106.744620,21,4.766592,3.410542
2026-01-01T13:26:00Z,98152.55,98160.84,98156.37,6.784423,39.461993,31.571233,158.508935,111.597717,21,4.283446,2.500978
2026-01-01T13:27:00Z,98140.59,98148.87,98146.71,6.724314,39.104511,33.172748,156.993711,117.285409,20,4.360510,2.363805
2026-01-01T13:28:00Z,98165.48,98173.74,98171.38,6.495281,40.071571,30.931811,160.795063,109.387508,22,4.212468,2.282813
2026-01-01T13:29:00Z,98145.93,98154.18,98150.26,7.269802,40.246217,31.822866,161.414525,112.564789,22,4.993152,2.276650
2026-01-01T13:30:00Z,98153.39,98161.62,98158.89,8.746373,43.646091,32.500063,174.962264,114.987180,19,6.134661,2.611713
2026-01-01T13:31:00Z,98153.33,98161.54,98158.74,7.695097,38.630706,31.092843,154.779507,110.034446,23,4.614346,3.080751
2026-01-01T13:32:00Z,98149.45,98157.65,98153.14,7.795221,38.596760,33.018388,154.565915,116.876759,22,5.011421,2.783799
2026-01-01T13:33:00Z,98163.62,98171.80,98165.96,7.559233,41.911764,36.462907,167.757201,129.100728,21,4.761543,2.797691
2026-01-01T13:34:00Z,98151.05,98159.23,98154.72,7.154797,38.143429,30.710226,152.597573,108.759342,21,5.023918,2.130880
2026-01-01T13:35:00Z,98142.62,98150.78,98146.45,8.245858,43.543268,32.429004,174.113272,114.874697,19,5.684920,2.560939
2026-01-01T13:36:00Z,98143.48,98151.62,98147.16,6.424289,38.049338,34.396592,152.069191,121.874941,19,4.316461,2.107828
2026-01-01T13:37:00Z,98148.88,98157.01,98154.45,6.639324,39.322599,32.270277,157.079651,114.369702,22,4.455037,2.184288
2026-01-01T13:38:00Z,98146.01,98154.13,98151.67,8.284229,38.345245,30.484159,153.099274,108.066935,19,5.632464,2.651766
2026-01-01T13:39:00Z,98155.47,98163.58,98160.73,7.097523,40.924249,33.082114,163.315178,117.306807,20,5.034444,2.063079
2026-01-01T13:40:00Z,98152.03,98160.13,98156.29,6.705084,40.723963,31.460915,162.435299,111.587023,22,4.170744,2.534339
2026-01-01T13:41:00Z,98148.70,98156.80,98151.09,8.155027,38.092650,29.784340,151.864565,105.668059,22,5.658009,2.497018
2026-01-01T13:42:00Z,98135.37,98143.46,98139.86,7.813904,42.736001,34.471465,170.292042,122.329141,19,5.326607,2.487297
2026-01-01T13:43:00Z,98147.86,98155.94,98151.86,6.813789,38.720013,29.962600,154.213192,106.356771,21,4.446328,2.367461
2026-01-01T13:44:00Z,98131.18,98139.25,98136.52,6.921046,37.965187,29.488586,151.132365,104.702261,19,4.552917,2.368130
2026-01-01T13:45:00Z,98132.02,98140.08,98136.96,6.544485,41.179286,30.404903,163.846436,107.984947,20,4.523629,2.020856
2026-01-01T13:46:00Z,98141.21,98149.26,98145.01,6.481172,39.353198,29.911651,156.503777,106.262120,20,4.245901,2.235271
2026-01-01T13:47:00Z,98128.66,98136.70,98133.74,6.896508,40.797326,32.130026,162.167362,114.174385,20,4.641652,2.254855
2026-01-01T13:48:00Z,98128.74,98136.78,98131.37,6.921034,44.243327,31.373846,175.778950,111.518232,21,4.794183,2.126851
2026-01-01T13:49:00Z,98113.79,98121.82,98120.22,7.510857,39.294528,30.234461,156.041048,107.498368,19,5.063023,2.447834
2026-01-01T13:50:00Z,98133.70,98141.72,98137.55,6.811483,37.401478,32.890513,148.451169,116.974933,21,4.156432,2.655051
2026-01-01T13:51:00Z,98126.94,98134.96,98130.06,9.580163,39.064190,31.336959,154.975169,111.481425,19,6.397029,3.183135
2026-01-01T13:52:00Z,98122.67,98130.69,98125.86,8.783238,44.394284,30.525734,176.035064,108.626624,19,5.975907,2.807331
2026-01-01T13:53:00Z,98118.56,98126.58,98121.58,7.996716,38.993274,34.029112,154.543608,121.128483,19,5.665374,2.331342
2026-01-01T13:54:00Z,98116.92,98124.93,98121.28,7.997895,39.104852,36.477270,154.910766,129.880654,20,5.472016,2.525879
2026-01-01T13:55:00Z,98123.65,98131.66,98127.70,6.952101,40.417623,34.397081,160.033804,122.509903,19,4.866490,2.085611
2026-01-01T13:56:00Z,98118.17,98126.17,98121.18,8.857862,41.108402,29.723460,162.690412,105.895479,18,5.832026,3.025837
2026-01-01T13:57:00Z,98122.71,98130.71,98127.76,6.877557,38.436586,31.958672,152.043194,113.892780,19,4.752687,2.124870
2026-01-01T13:58:00Z,98122.77,98130.77,98127.01,7.268765,37.282776,30.532748,147.408199,108.843818,19,4.779078,2.489687
2026-01-01T13:59:00Z,98131.06,98139.06,98133.84,7.435092,36.904658,28.596991,145.843212,101.974027,19,5.215351,2.219742
2026-01-01T14:00:00Z,98110.42,98118.42,98111.02,7.569787,37.136606,36.219784,146.689594,129.195509,20,4.928170,2.641617
2026-01-01T14:01:00Z,98102.21,98110.21,98105.58,6.969509,40.962992,29.900878,161.726524,106.688791,21,4.528875,2.440634
2026-01-01T14:02:00Z,98105.90,98113.90,98107.23,7.653550,39.462368,29.993983,155.727611,107.054085,19,5.092198,2.561352
2026-01-01T14:03:00Z,98098.43,98106.44,98102.79,6.917389,37.790867,35.115172,149.060536,125.371585,19,4.466592,2.450797
2026-01-01T14:04:00Z,98103.29,98111.29,98107.55,7.975473,37.641994,30.126145,148.402844,107.593008,18,5.349429,2.626043
2026-01-01T14:05:00Z,98100.99,98109.00,98104.29,8.214280,37.547024,29.423635,147.958307,105.117232,21,5.374216,2.840064
2026-01-01T14:06:00Z,98103.80,98111.81,98106.85,7.423952,43.045503,28.991886,169.545506,103.607721,18,4.663858,2.760095
2026-01-01T14:07:00Z,98094.41,98102.43,98098.23,8.041442,37.649490,33.323787,148.222013,119.126670,21,5.428868,2.612574
2026-01-01T14:08:00Z,98102.78,98110.80,98106.54,7.291311,36.950763,28.910708,145.402743,103.383995,18,4.863373,2.427938
2026-01-01T14:09:00Z,98100.92,98108.94,98107.40,9.389357,36.280874,29.274771,142.699670,104.719841,21,6.655552,2.733804
2026-01-01T14:10:00Z,98074.82,98082.84,98080.32,8.110228,41.051647,29.206610,161.388400,104.510138,18,5.400504,2.709725
2026-01-01T14:11:00Z,98091.22,98099.25,98094.06,7.842478,37.411599,30.120022,147.009354,107.814030,20,5.436845,2.405633
2026-01-01T14:12:00Z,98076.54,98084.58,98080.05,6.908491,43.535386,29.599803,170.993084,105.986969,17,4.647776,2.260715
2026-01-01T14:13:00Z,98074.54,98082.58,98077.06,8.926460,36.858405,29.933277,144.700692,107.216714,19,6.215234,2.711227
2026-01-01T14:14:00Z,98084.52,98092.57,98089.23,7.300360,39.900823,33.359214,156.572085,119.527967,17,4.949443,2.350917
2026-01-01T14:15:00Z,98070.77,98078.83,98073.82,7.851927,39.800912,28.101594,156.107731,100.723566,17,5.221577,2.630350
2026-01-01T14:16:00Z,98077.30,98085.37,98080.72,7.866593,36.949646,29.003271,144.857523,103.990684,17,5.436203,2.430391
2026-01-01T14:17:00Z,98077.43,98085.50,98079.06,8.180185,42.689766,29.035729,167.284012,104.142599,17,5.718025,2.462160
2026-01-01T14:18:00Z,98055.70,98063.79,98059.56,7.130513,39.469888,31.612515,154.595532,113.423708,17,4.850335,2.280177
2026-01-01T14:19:00Z,98055.82,98063.92,98059.45,7.859371,38.910469,29.914228,152.334550,107.367446,18,5.011187,2.848184
2026-01-01T14:20:00Z,98064.42,98072.52,98068.29,8.093796,35.854098,28.829178,140.304680,103.508971,16,5.281547,2.812250
2026-01-01T14:21:00Z,98059.10,98067.22,98063.66,7.656681,39.818947,31.322164,155.748922,112.499165,18,5.659023,1.997657
2026-01-01T14:22:00Z,98048.55,98056.67,98052.36,8.884276,37.664514,32.512505,147.255012,116.815553,17,6.263882,2.620395
2026-01-01T14:23:00Z,98062.28,98070.42,98067.62,7.620220,37.993235,33.316719,148.472819,119.747387,17,5.382306,2.237914
2026-01-01T14:24:00Z,98041.49,98049.64,98044.34,8.031967,36.347834,28.564142,141.978542,102.702129,19,5.896745,2.135222
2026-01-01T14:25:00Z,98065.26,98073.42,98069.90,7.685396,39.345768,29.695963,153.619461,106.809778,17,5.312353,2.373043
2026-01-01T14:26:00Z,98047.50,98055.67,98051.09,7.341147,35.617044,28.454767,138.998672,102.382287,19,5.093440,2.247706
2026-01-01T14:27:00Z,98034.63,98042.81,98039.31,7.263327,37.667880,31.837553,146.936287,114.595233,16,5.019632,2.243696
2026-01-01T14:28:00Z,98044.56,98052.76,98045.90,7.772206,37.680045,32.328225,146.917981,116.403666,20,5.371260,2.400945
2026-01-01T14:29:00Z,98046.30,98054.51,98053.25,8.118074,39.903642,27.441586,155.518577,98.844564,17,5.637366,2.480708
2026-01-01T14:30:00Z,98035.47,98043.70,98041.21,8.367913,35.182860,28.276612,137.059028,101.889777,17,5.863994,2.503919
2026-01-01T14:31:00Z,98037.99,98046.23,98043.38,7.964627,35.735078,30.841599,139.148512,111.173332,17,5.396370,2.568257
2026-01-01T14:32:00Z,98026.86,98035.12,98029.84,8.209485,35.375229,29.151479,137.686380,105.120076,17,5.730276,2.479209
2026-01-01T14:33:00Z,98031.98,98040.26,98036.32,7.971493,35.852137,28.353587,139.481053,102.281073,20,5.867535,2.103957
2026-01-01T14:34:00Z,98031.62,98039.91,98037.36,7.575097,35.432284,29.147553,137.787036,105.184656,18,5.343530,2.231567
2026-01-01T14:35:00Z,98023.95,98032.26,98027.23,7.771881,37.041017,28.123815,143.979852,101.528596,18,5.242530,2.529351
2026-01-01T14:36:00Z,98019.66,98027.99,98023.19,9.259180,35.324286,31.985763,137.246854,115.514250,17,5.875466,3.383714
2026-01-01T14:37:00Z,98039.71,98048.06,98043.30,7.218468,36.011417,28.110496,139.855645,101.557704,18,5.022618,2.195850
2026-01-01T14:38:00Z,98001.51,98009.88,98006.67,9.397074,34.666275,29.938324,134.573124,108.202721,18,6.482275,2.914799
2026-01-01T14:39:00Z,98005.89,98014.27,98006.92,9.279147,34.829371,29.621123,135.147731,107.097514,18,6.668766,2.610380
2026-01-01T14:40:00Z,98001.43,98009.83,98004.02,7.536903,36.775438,31.241905,142.637443,113.001275,19,4.972978,2.563925
2026-01-01T14:41:00Z,98002.28,98010.70,98005.30,8.027130,36.105229,28.625439,139.977733,103.577823,16,5.850341,2.176789
2026-01-01T14:42:00Z,97986.16,97994.61,97990.41,7.625589,34.637951,30.682406,134.231619,111.064080,16,5.252711,2.372877
2026-01-01T14:43:00Z,97974.94,97983.40,97977.78,8.492187,35.193584,27.845841,136.326576,100.835846,17,6.048181,2.444006
2026-01-01T14:44:00Z,97991.10,97999.58,97993.21,7.503672,37.112976,27.352419,143.700346,99.088110,17,4.948052,2.555620
2026-01-01T14:45:00Z,97995.04,98003.55,98000.29,8.469203,40.120691,29.957923,155.280199,108.569913,16,5.718413,2.750790
2026-01-01T14:46:00Z,97979.29,97987.82,97984.28,8.267971,34.810434,28.754215,134.670776,104.249043,17,5.908403,2.359568
2026-01-01T14:47:00Z,97975.98,97984.53,97979.86,8.675677,35.404430,27.226434,136.911026,98.749495,17,6.181136,2.494541
2026-01-01T14:48:00Z,97972.61,97981.18,97975.26,7.964981,34.791742,30.088304,134.485206,109.173233,17,4.925257,3.039724
2026-01-01T14:49:00Z,97974.33,97982.93,97975.31,7.468038,36.454291,27.457322,140.852696,99.667084,16,4.910287,2.557751
2026-01-01T14:50:00Z,97973.79,97982.41,97978.16,7.953348,34.481429,29.206840,133.174345,106.060589,17,5.373225,2.580123
2026-01-01T14:51:00Z,97963.50,97972.14,97968.76,8.024239,34.918321,28.990574,134.805657,105.318081,16,5.596103,2.428135
2026-01-01T14:52:00Z,97958.42,97967.09,97961.41,7.777956,36.222034,29.706478,139.780858,107.962940,15,5.180454,2.597502
2026-01-01T14:53:00Z,97962.42,97971.11,97964.35,8.000840,34.081216,31.657151,131.465171,115.099529,19,5.185422,2.815417
2026-01-01T14:54:00Z,97938.40,97947.12,97940.85,8.291368,35.937956,30.683703,138.570386,111.606227,16,5.186625,3.104743
2026-01-01T14:55:00Z,97962.02,97970.77,97965.63,8.663652,35.617365,28.921036,137.277998,105.238387,15,5.604617,3.059035
2026-01-01T14:56:00Z,97943.05,97951.82,97948.01,8.673201,36.549568,27.249243,140.813453,99.196239,18,6.016628,2.656573
2026-01-01T14:57:00Z,97950.82,97959.62,97956.49,7.504213,38.201062,30.185055,147.116291,109.929412,15,5.419340,2.084873
2026-01-01T14:58:00Z,97951.12,97959.94,97956.17,9.456593,33.613182,28.252686,129.395471,102.935125,16,6.170679,3.285914
2026-01-01T14:59:00Z,97930.69,97939.55,97934.40,9.556461,34.173130,29.910709,131.497951,109.021760,17,6.572114,2.984346
2026-01-01T15:00:00Z,97932.35,97941.22,97935.81,7.581532,33.718853,29.570644,129.697766,107.827774,16,5.446645,2.134887
2026-01-01T15:01:00Z,97927.33,97936.23,97932.52,10.519204,36.528926,28.431409,140.450336,103.717571,15,6.709789,3.809415
2026-01-01T15:02:00Z,97921.73,97930.66,97924.78,8.963881,35.659381,28.121160,137.052364,102.629449,16,5.786257,3.177624
2026-01-01T15:03:00Z,97932.19,97941.15,97937.78,9.039095,35.354472,32.135011,135.826543,117.328291,15,6.336394,2.702701
2026-01-01T15:04:00Z,97930.50,97939.49,97935.33,9.479451,34.766245,29.463990,133.513856,107.622255,17,6.218181,3.261269
2026-01-01T15:05:00Z,97917.45,97926.47,97922.58,8.100245,36.618318,27.858524,140.571058,101.801829,15,5.878126,2.222119
2026-01-01T15:06:00Z,97908.45,97917.50,97913.68,8.289450,34.565916,28.451924,132.640234,104.015191,15,5.671014,2.618436
2026-01-01T15:07:00Z,97904.79,97913.87,97910.43,9.713798,38.650375,27.741926,148.255671,101.463555,17,6.416806,3.296992
2026-01-01T15:08:00Z,97922.04,97931.15,97927.45,9.360436,34.265491,27.718240,131.384967,101.421065,18,6.028572,3.331864
2026-01-01T15:09:00Z,97906.56,97915.71,97913.02,8.316220,33.312108,33.943619,127.679939,124.253998,15,5.642994,2.673227
2026-01-01T15:10:00Z,97891.41,97900.58,97895.67,10.297953,38.807322,27.119480,148.684871,99.317092,16,6.858044,3.439909
2026-01-01T15:11:00Z,97907.22,97916.42,97912.21,8.675564,32.536938,29.208331,124.612926,107.013969,16,5.647763,3.027801
2026-01-01T15:12:00Z,97896.05,97905.28,97900.99,9.123497,33.308428,29.957988,127.518905,109.809048,19,5.876607,3.246890
2026-01-01T15:13:00Z,97891.92,97901.19,97894.41,9.769658,35.560059,34.049729,136.087324,124.862370,15,6.776478,2.993181
2026-01-01T15:14:00Z,97907.43,97916.73,97910.06,8.951817,32.895596,31.024339,125.842833,113.818683,17,5.969792,2.982025
2026-01-01T15:15:00Z,97888.42,97897.75,97894.09,9.208827,32.815122,29.179955,125.487653,107.099980,17,5.956786,3.252041
2026-01-01T15:16:00Z,97881.11,97890.47,97885.44,8.839245,33.635691,31.002266,128.577312,113.839407,15,5.910976,2.928270
2026-01-01T15:17:00Z,97872.85,97882.25,97875.45,9.449102,32.207699,28.341138,123.072624,104.114575,19,6.745122,2.703980
2026-01-01T15:18:00Z,97884.13,97893.56,97888.02,8.386772,34.241262,30.763811,130.794669,113.065497,18,5.854994,2.531779
2026-01-01T15:19:00Z,97869.16,97878.63,97873.62,7.953765,35.198504,28.288572,134.401397,104.015327,17,4.925513,3.028252
2026-01-01T15:20:00Z,97862.45,97871.95,97868.45,8.291833,37.048301,28.194032,141.412540,103.714740,18,5.671723,2.620110
2026-01-01T15:21:00Z,97863.60,97873.13,97867.35,9.112260,32.607601,27.273693,124.416881,100.374842,15,5.596274,3.515986
2026-01-01T15:22:00Z,97880.53,97890.10,97885.89,9.270807,34.164835,28.880943,130.311095,106.338503,17,6.290884,2.979922
2026-01-01T15:23:00Z,97861.77,97871.37,97867.21,8.179477,34.287497,31.541315,130.731494,116.187081,19,5.314706,2.864771
2026-01-01T15:24:00Z,97870.87,97880.51,97874.13,8.123922,32.423021,27.406492,123.577978,101.002236,16,4.944952,3.178970
2026-01-01T15:25:00Z,97873.23,97882.90,97879.11,9.764311,34.249582,32.692299,130.492887,120.537756,15,6.696470,3.067840
2026-01-01T15:26:00Z,97873.87,97883.57,97877.84,8.337437,33.658807,31.697433,128.196159,116.923672,19,5.785612,2.551825
2026-01-01T15:27:00Z,97843.00,97852.75,97848.69,8.013692,34.172435,28.985451,130.106133,106.969446,14,5.107928,2.905764
2026-01-01T15:28:00Z,97852.48,97862.26,97857.90,9.862326,34.747389,33.339513,132.248375,123.095126,18,6.798579,3.063747
2026-01-01T15:29:00Z,97857.10,97866.91,97860.21,8.425547,33.658671,32.720996,128.059639,120.867805,16,5.774145,2.651402
2026-01-01T15:30:00Z,97848.60,97858.45,97852.52,8.556897,34.612949,29.623001,131.644237,109.475334,14,5.797269,2.759628
2026-01-01T15:31:00Z,97844.42,97854.31,97848.79,9.057126,31.953665,29.455547,121.487803,108.907555,15,5.983608,3.073518
2026-01-01T15:32:00Z,97829.10,97839.03,97832.23,9.193522,31.427137,28.983355,119.444563,107.212111,16,5.943283,3.250239
2026-01-01T15:33:00Z,97844.65,97854.62,97848.97,9.674682,31.461648,29.523631,119.534540,109.262166,15,5.842673,3.832009
2026-01-01T15:34:00Z,97839.15,97849.15,97844.40,8.411456,36.741109,34.521092,139.545363,127.817402,15,6.174009,2.237447
2026-01-01T15:35:00Z,97826.55,97836.59,97829.88,9.140894,33.012319,28.997598,125.340436,107.417113,16,5.982526,3.158368
2026-01-01T15:36:00Z,97825.78,97835.85,97831.55,9.505887,32.227156,34.199157,122.317895,126.745749,15,5.957592,3.548295
2026-01-01T15:37:00Z,97828.98,97839.09,97834.51,8.455631,31.985515,28.458023,121.359857,105.518795,15,5.748410,2.707221
2026-01-01T15:38:00Z,97831.03,97841.18,97836.29,9.601390,37.841778,28.575627,143.531679,106.005532,17,6.186530,3.414860
2026-01-01T15:39:00Z,97840.67,97850.86,97844.16,9.361394,32.980109,28.965203,125.049994,107.502247,14,6.274377,3.087017
2026-01-01T15:40:00Z,97835.90,97846.13,97840.94,9.416103,35.371945,28.961989,134.074669,107.541998,17,5.780594,3.635509
2026-01-01T15:41:00Z,97821.53,97831.79,97826.70,8.384027,39.867090,31.187926,151.063442,115.863194,14,5.778978,2.605049
2026-01-01T15:42:00Z,97819.87,97830.17,97824.86,9.244469,31.108112,30.809569,117.835567,114.512910,16,5.608263,3.636205
2026-01-01T15:43:00Z,97802.36,97812.70,97807.93,8.459782,32.488670,30.534921,123.025013,113.547083,15,5.300446,3.159336
2026-01-01T15:44:00Z,97811.05,97821.42,97818.84,9.462717,31.331018,30.252489,118.602980,112.551466,15,6.392916,3.069801
2026-01-01T15:45:00Z,97807.77,97818.18,97814.87,9.063772,35.106951,28.201952,132.854013,104.973725,16,5.277984,3.785788
2026-01-01T15:46:00Z,97805.90,97816.35,97809.99,10.610081,32.061007,32.425472,121.288620,120.753481,17,6.859584,3.750497
2026-01-01T15:47:00Z,97814.61,97825.10,97819.12,9.247888,38.460636,27.802863,145.452621,103.589393,17,5.782660,3.465228
2026-01-01T15:48:00Z,97794.37,97804.90,97797.08,9.029755,37.980730,29.413734,143.592405,109.645004,17,5.671086,3.358669
2026-01-01T15:49:00Z,97801.04,97811.61,97808.04,8.678143,37.103731,30.741180,140.232826,114.649623,14,5.584443,3.093700
2026-01-01T15:50:00Z,97795.55,97806.16,97801.71,9.529178,31.351926,28.663101,118.457115,106.952068,19,6.117499,3.411678
2026-01-01T15:51:00Z,97795.83,97806.48,97801.34,9.148597,32.865381,30.012588,124.137017,112.042775,14,5.384889,3.763708
2026-01-01T15:52:00Z,97784.66,97795.35,97790.94,8.866816,33.546356,29.417484,126.670234,109.875492,17,5.864242,3.002574
2026-01-01T15:53:00Z,97787.79,97798.52,97790.56,8.368698,34.702341,30.015487,130.995226,112.164665,17,5.321257,3.047441
2026-01-01T15:54:00Z,97798.58,97809.34,97802.36,9.375144,30.879734,29.782211,116.530233,111.348263,15,6.146560,3.228584
2026-01-01T15:55:00Z,97794.11,97804.92,97799.23,8.870488,32.599807,28.113223,122.984208,105.160696,17,5.581411,3.289077
2026-01-01T15:56:00Z,97775.13,97785.97,97781.59,8.914436,34.757461,29.744531,131.084858,111.318342,14,5.989274,2.925162
2026-01-01T15:57:00Z,97781.54,97792.42,97786.87,8.611921,32.511499,29.763788,122.578000,111.446141,15,5.425128,3.186794
2026-01-01T15:58:00Z,97797.98,97808.90,97804.47,9.096898,31.243166,29.294479,117.761287,109.743880,15,5.678584,3.418314
2026-01-01T15:59:00Z,97786.72,97797.68,97791.79,8.915815,35.276373,30.918268,132.924274,115.885161,15,5.802139,3.113675
2026-01-01T16:00:00Z,97782.29,97793.29,97789.38,10.002111,31.566674,33.825037,118.911261,126.843889,15,6.056803,3.945308
2026-01-01T16:01:00Z,97780.75,97791.79,97786.58,9.005434,30.854004,28.941100,116.193111,108.583875,14,5.226201,3.779233
2026-01-01T16:02:00Z,97782.00,97793.08,97787.51,8.855125,30.485086,33.239071,114.770927,124.772434,15,5.086812,3.768314
2026-01-01T16:03:00Z,97766.38,97777.50,97770.78,9.146556,32.660156,31.426785,122.924728,118.029241,18,5.157974,3.988582
2026-01-01T16:04:00Z,97777.55,97788.70,97781.96,8.531120,29.866036,35.938501,112.376640,135.042339,15,5.393401,3.137719
2026-01-01T16:05:00Z,97781.50,97792.70,97787.64,8.977207,33.565971,29.699868,126.262986,111.656821,16,5.220385,3.756822
2026-01-01T16:06:00Z,97779.64,97790.87,97784.47,8.772294,29.756170,28.950556,111.900798,108.895217,16,5.342588,3.429706
2026-01-01T16:07:00Z,97781.33,97792.60,97786.02,11.318158,31.341812,29.144364,117.831254,109.680157,18,7.069684,4.248474
2026-01-01T16:08:00Z,97762.68,97774.00,97767.34,8.515715,33.034535,33.934785,124.161166,127.773431,14,4.942970,3.572745
2026-01-01T16:09:00Z,97773.55,97784.90,97779.09,9.992981,32.980343,28.461594,123.923841,107.220309,16,6.028430,3.964552
2026-01-01T16:10:00Z,97765.48,97776.87,97770.25,9.351370,29.849482,31.318366,112.129416,118.042857,18,5.264836,4.086535
2026-01-01T16:11:00Z,97772.49,97783.92,97778.02,8.801926,32.905441,28.848483,123.576103,108.789448,16,5.190268,3.611657
2026-01-01T16:12:00Z,97780.12,97791.59,97785.42,8.493903,31.313693,29.514120,117.567160,111.356914,15,5.123655,3.370247
2026-01-01T16:13:00Z,97777.46,97788.97,97783.73,11.004780,31.778729,32.008299,119.281795,120.829752,16,7.055105,3.949675
2026-01-01T16:14:00Z,97776.57,97788.12,97783.11,9.165572,33.220269,28.895919,124.660151,109.137029,19,5.753143,3.412429
2026-01-01T16:15:00Z,97757.32,97768.91,97763.85,10.647800,29.314246,32.867073,109.974257,124.199924,15,6.251384,4.396415
2026-01-01T16:16:00Z,97774.73,97786.35,97781.14,8.890475,34.071450,29.137788,127.788481,110.164569,15,4.624532,4.265943
2026-01-01T16:17:00Z,97775.82,97787.48,97781.88,8.531566,32.275999,33.223300,121.023727,125.676349,16,4.967758,3.563809
2026-01-01T16:18:00Z,97771.90,97783.60,97777.56,9.647600,30.206411,28.913674,113.234997,109.430869,15,5.681596,3.966004
2026-01-01T16:19:00Z,97776.10,97787.84,97781.34,9.432360,29.334188,30.286628,109.937859,114.686847,18,5.816308,3.616053
2026-01-01T16:20:00Z,97766.24,97778.02,97770.73,9.404445,30.542400,34.172346,114.437674,129.468457,17,5.890701,3.513744
2026-01-01T16:21:00Z,97773.70,97785.51,97780.06,8.868137,34.360848,30.476934,128.713277,115.528004,17,4.989952,3.878186
2026-01-01T16:22:00Z,97773.15,97785.00,97779.23,10.176128,29.970767,29.552353,112.241104,112.081830,17,6.204850,3.971279
2026-01-01T16:23:00Z,97777.79,97789.68,97781.71,8.594889,29.834282,30.156223,111.703101,114.432029,17,5.318848,3.276041
2026-01-01T16:24:00Z,97774.47,97786.39,97779.34,10.305310,34.430346,30.722743,128.880611,116.642938,16,6.119343,4.185968
2026-01-01T16:25:00Z,97777.51,97789.48,97784.53,9.132520,29.815316,30.315975,111.579176,115.159072,15,5.136896,3.995624
2026-01-01T16:26:00Z,97769.87,97781.87,97774.56,8.845651,30.500418,34.551800,114.116400,131.318451,18,4.981404,3.864248
2026-01-01T16:27:00Z,97773.89,97785.93,97780.23,9.652628,34.299526,29.263585,128.300957,111.278529,16,5.707101,3.945526
2026-01-01T16:28:00Z,97773.29,97785.37,97779.15,9.915375,29.760942,29.223530,111.298411,111.184850,20,5.872136,4.043240
2026-01-01T16:29:00Z,97758.72,97770.83,97763.07,10.588048,29.818293,33.307117,111.487600,126.788353,17,6.357386,4.230662
2026-01-01T16:30:00Z,97764.18,97776.33,97770.13,10.067299,29.626772,29.361851,110.746659,111.829257,16,5.636279,4.431021
2026-01-01T16:31:00Z,97753.76,97765.95,97760.87,8.643771,29.754276,32.210341,111.198566,122.743165,19,4.934392,3.709379
2026-01-01T16:32:00Z,97774.56,97786.78,97782.18,9.020252,34.657575,29.755191,129.494842,113.447519,18,5.059084,3.961168
2026-01-01T16:33:00Z,97764.35,97776.60,97770.82,9.574282,29.461412,34.064829,110.055910,129.947828,17,5.610692,3.963590
2026-01-01T16:34:00Z,97790.40,97802.70,97799.31,8.733506,29.829941,29.326344,111.408600,111.931306,16,4.749873,3.983634
2026-01-01T16:35:00Z,97768.92,97781.25,97777.28,9.003313,29.368573,34.071065,109.662138,130.109934,16,5.084300,3.919013
2026-01-01T16:36:00Z,97778.24,97790.60,97784.37,9.716474,30.620387,33.502482,114.312330,128.006821,16,5.401735,4.314739
2026-01-01T16:37:00Z,97778.62,97791.01,97785.56,9.359219,33.981137,29.973009,126.832295,114.582451,15,5.065734,4.293486
2026-01-01T16:38:00Z,97786.36,97798.79,97792.46,9.983494,29.396544,30.888856,109.698021,118.146670,17,5.323043,4.660451
2026-01-01T16:39:00Z,97782.27,97794.73,97788.93,10.518678,30.778779,29.769968,114.832679,113.927927,16,5.567211,4.951466
2026-01-01T16:40:00Z,97773.00,97785.50,97780.71,9.173043,31.240354,30.127711,116.531320,115.358700,17,5.580970,3.592074
2026-01-01T16:41:00Z,97776.10,97788.63,97784.78,9.636365,30.982165,32.275155,115.545257,123.647464,17,5.523399,4.112966
2026-01-01T16:42:00Z,97771.89,97784.46,97777.38,9.427898,28.483199,36.093310,106.204714,138.349144,16,5.047670,4.380228
2026-01-01T16:43:00Z,97788.09,97800.69,97791.03,8.906647,31.735070,33.079555,118.306928,126.865211,16,4.902543,4.004104
2026-01-01T16:44:00Z,97791.10,97803.73,97798.83,9.095095,31.718450,29.901815,118.222299,114.739720,16,5.201064,3.894031
2026-01-01T16:45:00Z,97764.59,97777.25,97768.82,10.872715,31.225781,32.484761,116.363965,124.718101,17,5.916478,4.956237
2026-01-01T16:46:00Z,97789.61,97802.31,97796.14,11.263933,31.639591,30.271787,117.883995,116.284459,20,6.191106,5.072827
2026-01-01T16:47:00Z,97782.26,97794.99,97788.29,8.927053,29.540389,35.317297,110.042394,135.739139,19,4.648627,4.278426
2026-01-01T16:48:00Z,97783.93,97796.69,97790.35,10.141285,30.267335,35.850837,112.729836,137.864090,19,5.314371,4.826914
2026-01-01T16:49:00Z,97782.62,97795.42,97789.30,10.075643,28.576819,33.550371,106.414420,129.087328,16,5.202522,4.873122
2026-01-01T16:50:00Z,97782.62,97795.44,97789.36,11.031704,33.081915,31.633035,123.168652,121.776021,17,5.853041,5.178663
2026-01-01T16:51:00Z,97785.68,97798.54,97792.24,9.950263,32.045368,33.229846,119.288561,127.992369,20,5.316554,4.633709
2026-01-01T16:52:00Z,97784.67,97797.56,97789.13,9.175685,32.761396,31.594189,121.932923,121.758132,18,5.188941,3.986745
2026-01-01T16:53:00Z,97794.64,97807.56,97800.34,9.053102,31.922961,31.489587,118.792181,121.420757,17,4.742508,4.310594
2026-01-01T16:54:00Z,97801.36,97814.31,97809.16,9.258389,28.957638,35.508883,107.739503,136.993000,16,5.244245,4.014145
2026-01-01T16:55:00Z,97801.52,97814.50,97808.07,10.656536,29.639445,34.166720,110.257998,131.886461,17,5.610003,5.046533
2026-01-01T16:56:00Z,97799.79,97812.79,97806.51,8.955704,29.386289,32.048224,109.298456,123.776053,16,4.633259,4.322445
2026-01-01T16:57:00Z,97798.34,97811.38,97804.83,9.385331,29.597637,32.249260,110.066874,124.620164,17,5.210103,4.175228
2026-01-01T16:58:00Z,97811.56,97824.62,97818.66,9.410235,29.913045,31.518616,111.222230,121.862974,16,4.921080,4.489154
2026-01-01T16:59:00Z,97808.32,97821.42,97814.02,9.478564,32.137341,34.513403,119.473984,133.514563,17,5.263206,4.215358
2026-01-01T17:00:00Z,97813.89,97827.01,97821.03,8.833982,28.353941,31.716648,105.392649,122.762157,18,4.327202,4.506780
2026-01-01T17:01:00Z,97814.80,97827.94,97822.67,9.317618,29.950048,31.861654,111.308664,123.390598,18,5.193720,4.123898
2026-01-01T17:02:00Z,97819.21,97832.38,97825.15,10.576923,31.923598,31.277267,118.625734,121.193467,17,5.687499,4.889424
2026-01-01T17:03:00Z,97810.07,97823.27,97816.23,9.108435,30.938764,31.353468,114.949407,121.554991,17,4.736929,4.371506
2026-01-01T17:04:00Z,97832.97,97846.20,97839.39,10.061517,29.822898,34.183121,110.787656,132.597662,16,5.651536,4.409980
2026-01-01T17:05:00Z,97821.53,97834.78,97828.65,9.712995,31.222433,32.283089,115.970386,125.295740,16,5.167767,4.545228
2026-01-01T17:06:00Z,97811.42,97824.70,97816.68,9.662511,31.005700,31.857318,115.149433,123.710802,17,4.868311,4.794200
2026-01-01T17:07:00Z,97826.26,97839.57,97832.81,10.393947,29.236569,32.149977,108.564455,124.915514,17,5.796747,4.597200
2026-01-01T17:08:00Z,97822.90,97836.23,97829.21,10.358173,28.744485,32.196155,106.722956,125.163340,17,5.727037,4.631136
2026-01-01T17:09:00Z,97824.90,97838.26,97831.43,10.864832,30.769960,31.409009,114.228209,122.170091,18,5.786799,5.078032
2026-01-01T17:10:00Z,97823.75,97837.13,97830.86,10.701336,28.188474,37.563166,104.631444,146.187586,17,5.600014,5.101322
2026-01-01T17:11:00Z,97839.45,97852.86,97845.55,9.970077,28.321057,34.950788,105.110329,136.095262,19,4.928267,5.041810
2026-01-01T17:12:00Z,97842.36,97855.78,97847.31,9.145284,31.918291,32.605726,118.446424,127.033349,17,4.969805,4.175480
2026-01-01T17:13:00Z,97835.87,97849.32,97843.49,10.961132,28.540717,35.957130,105.899681,140.167332,17,5.857359,5.103773
2026-01-01T17:14:00Z,97854.20,97867.67,97861.01,10.087472,28.604125,32.724461,106.122381,127.635741,17,5.238351,4.849121
2026-01-01T17:15:00Z,97865.88,97879.37,97872.29,9.299857,28.450453,33.615461,105.540011,131.182818,18,4.649808,4.650049
2026-01-01T17:16:00Z,97843.52,97857.03,97850.32,9.397966,29.987049,33.376966,111.227554,130.323551,21,4.789288,4.608678
2026-01-01T17:17:00Z,97868.08,97881.62,97872.84,10.375366,32.178800,32.995029,119.343924,128.902931,19,5.175239,5.200126
2026-01-01T17:18:00Z,97846.00,97859.56,97852.02,9.312208,28.796038,31.881650,106.786437,124.621615,17,4.838481,4.473727
2026-01-01T17:19:00Z,97870.53,97884.11,97877.53,10.358048,32.074499,40.084633,118.931590,156.772130,17,5.088044,5.270004
2026-01-01T17:20:00Z,97859.79,97873.39,97865.15,8.944204,30.019085,36.310027,111.298643,142.087521,19,3.944813,4.999391
2026-01-01T17:21:00Z,97851.56,97865.18,97861.17,9.828024,28.681528,36.303559,106.328789,142.140242,23,5.380854,4.447170
2026-01-01T17:22:00Z,97862.17,97875.80,97869.23,9.065178,30.390672,34.755509,112.653883,136.153878,21,4.619112,4.446066
2026-01-01T17:23:00Z,97877.00,97890.66,97884.65,8.953625,32.845664,32.724135,121.742511,128.266461,19,4.685710,4.267914
2026-01-01T17:24:00Z,97884.38,97898.05,97891.04,9.744294,30.227064,32.956349,112.026211,129.247641,18,5.026082,4.718212
2026-01-01T17:25:00Z,97876.79,97890.48,97881.38,9.209283,29.156580,34.031398,108.049016,133.537108,19,4.400763,4.808520
2026-01-01T17:26:00Z,97887.30,97901.00,97894.73,9.156011,32.623468,36.990729,120.886000,145.229127,18,4.327725,4.828285
2026-01-01T17:27:00Z,97881.26,97894.99,97886.57,10.334788,28.924204,32.730103,107.169219,128.572147,19,4.856050,5.478738
2026-01-01T17:28:00Z,97896.26,97910.00,97903.36,9.199558,32.849079,34.621131,121.701437,136.075359,18,4.996055,4.203503
2026-01-01T17:29:00Z,97895.34,97909.10,97901.89,9.264762,28.840266,35.132101,106.840701,138.159607,18,4.263665,5.001097
2026-01-01T17:30:00Z,97907.41,97921.18,97915.48,9.124543,28.396307,36.351808,105.187804,143.034802,20,4.478067,4.646476
2026-01-01T17:31:00Z,97909.40,97923.19,97917.56,10.097696,28.710950,35.659713,106.345289,140.388742,20,5.566952,4.530745
2026-01-01T17:32:00Z,97900.99,97914.79,97908.61,10.248066,30.220082,33.848331,111.926931,133.330788,19,5.515962,4.732104
2026-01-01T17:33:00Z,97916.82,97930.64,97923.10,9.663256,30.152060,33.314607,111.667124,131.300574,20,4.941429,4.721827
2026-01-01T17:34:00Z,97911.46,97925.29,97917.95,9.449497,29.312910,34.953211,108.551979,137.834435,19,5.060423,4.389075
2026-01-01T17:35:00Z,97929.70,97943.54,97936.74,9.636069,28.322943,32.953514,104.879059,130.020285,18,4.923376,4.712694
2026-01-01T17:36:00Z,97907.62,97921.48,97913.58,10.305455,33.177697,34.479776,122.848356,136.117044,18,5.296890,5.008564
2026-01-01T17:37:00Z,97924.11,97937.98,97931.88,11.469896,30.363139,36.814868,112.419999,145.415267,18,5.223419,6.246477
2026-01-01T17:38:00Z,97936.11,97949.98,97942.85,9.744202,29.047462,34.413475,107.542474,136.004705,20,5.076680,4.667522
2026-01-01T17:39:00Z,97931.43,97945.31,97936.25,9.576384,30.234389,32.966689,111.930655,130.358503,19,4.640398,4.935986
2026-01-01T17:40:00Z,97934.25,97948.15,97942.94,9.113630,28.905587,33.104939,107.005670,130.977113,21,4.586105,4.527525
2026-01-01T17:41:00Z,97931.26,97945.16,97939.73,12.311945,29.585432,33.317629,109.516903,131.891031,18,5.969208,6.342736
2026-01-01T17:42:00Z,97939.16,97953.08,97946.92,10.737602,28.340984,33.697985,104.905323,133.469984,20,5.169601,5.568001
2026-01-01T17:43:00Z,97949.02,97962.94,97957.48,10.245450,28.425258,33.724888,105.212536,133.649900,19,5.174388,5.071061
2026-01-01T17:44:00Z,97957.89,97971.82,97962.56,10.775991,31.807782,38.616845,117.727535,153.120491,18,4.666189,6.109802
2026-01-01T17:45:00Z,97964.13,97978.07,97970.79,9.824749,35.870504,36.262757,132.759267,143.865179,19,4.211201,5.613548
2026-01-01T17:46:00Z,97972.52,97986.47,97979.45,9.308243,33.566527,33.889419,124.227456,134.523227,19,4.748242,4.560001
2026-01-01T17:47:00Z,97954.90,97968.86,97961.01,9.796047,28.245215,34.327701,104.530008,136.337739,23,4.098415,5.697632
2026-01-01T17:48:00Z,97960.00,97973.96,97966.44,11.058725,29.106722,35.188833,107.714818,139.834512,19,5.091638,5.967087
2026-01-01T17:49:00Z,97952.23,97966.20,97961.18,11.527640,31.197892,35.183716,115.450165,139.890838,19,5.187666,6.339974
2026-01-01T17:50:00Z,97970.28,97984.26,97976.88,10.993691,31.093749,36.939796,115.061670,146.953539,19,4.838024,6.155667
2026-01-01T17:51:00Z,97975.87,97989.85,97982.33,10.040695,30.653208,33.726536,113.428686,134.244094,20,4.174395,5.866300
2026-01-01T17:52:00Z,97965.14,97979.13,97973.78,9.279757,30.285873,35.675394,112.066953,142.079051,19,4.294460,4.985297
2026-01-01T17:53:00Z,97977.73,97991.72,97983.82,11.357979,30.989034,36.468105,114.666652,145.315578,23,4.849287,6.508692
2026-01-01T17:54:00Z,97990.07,98004.06,97997.46,10.047859,30.031116,36.120116,111.120274,144.007706,19,4.289188,5.758671
2026-01-01T17:55:00Z,97986.07,98000.07,97991.82,9.247850,29.756913,35.162687,110.104117,140.267214,19,3.973629,5.274222
2026-01-01T17:56:00Z,97997.11,98011.11,98005.90,9.314218,31.388752,37.214875,116.140772,148.534756,19,4.402007,4.912211
2026-01-01T17:57:00Z,97988.98,98002.98,97996.49,9.242578,29.014701,35.901161,107.355636,143.369676,19,4.204995,5.037583
2026-01-01T17:58:00Z,98000.83,98014.83,98008.77,9.728653,33.063718,44.838589,122.336386,179.158713,22,4.306212,5.422441
2026-01-01T17:59:00Z,98007.80,98021.80,98014.83,10.968886,30.155872,39.441437,111.576870,157.679701,19,4.894913,6.073973
2026-01-01T18:00:00Z,98013.92,98027.92,98019.68,10.311447,31.281602,39.252938,115.741926,157.011752,20,4.411267,5.900180
2026-01-01T18:01:00Z,98015.26,98029.26,98023.00,9.974011,32.064455,34.829651,118.638638,139.394592,20,4.933899,5.040112
2026-01-01T18:02:00Z,98023.45,98037.45,98028.40,9.229220,31.032622,36.269806,114.821291,145.237477,21,4.158516,5.070704
2026-01-01T18:03:00Z,98037.22,98051.21,98043.94,9.778910,31.326964,37.160929,115.911107,148.886927,22,4.441417,5.337493
2026-01-01T18:04:00Z,98041.90,98055.90,98051.06,11.183484,30.932668,38.418717,114.453227,154.010119,19,5.084577,6.098907
2026-01-01T18:05:00Z,98038.66,98052.65,98043.87,10.187655,33.806572,35.255448,125.088340,141.406340,21,4.412450,5.775205
2026-01-01T18:06:00Z,98040.92,98054.91,98047.58,10.025325,31.596388,39.243219,116.912048,157.486510,20,4.109729,5.915596
2026-01-01T18:07:00Z,98030.87,98044.86,98038.71,9.098193,29.197624,35.939861,108.038020,144.308218,21,4.184631,4.913562
2026-01-01T18:08:00Z,98037.11,98051.09,98043.52,9.415613,31.002107,39.159050,114.717238,157.319514,20,4.379377,5.036236
2026-01-01T18:09:00Z,98051.60,98065.58,98057.79,9.050864,29.171474,36.861285,107.945700,148.168722,24,4.218195,4.832670
2026-01-01T18:10:00Z,98051.61,98065.58,98058.20,10.352076,33.982575,36.269134,125.751698,145.867557,20,4.762637,5.589438
2026-01-01T18:11:00Z,98059.83,98073.80,98068.00,9.947470,34.543204,36.515376,127.829745,146.937473,20,4.298423,5.649047
2026-01-01T18:12:00Z,98065.15,98079.11,98072.75,10.710997,29.443678,38.603918,108.961786,155.425858,21,4.164613,6.546384
2026-01-01T18:13:00Z,98061.55,98075.50,98066.62,9.019426,29.511327,35.809765,109.215642,144.254139,20,3.890099,5.129328
2026-01-01T18:14:00Z,98057.88,98071.83,98066.20,11.590200,31.153659,39.369838,115.297594,158.681089,21,5.220477,6.369723
2026-01-01T18:15:00Z,98067.64,98081.58,98074.00,11.394146,29.494985,37.520698,109.163019,151.309778,23,4.984277,6.409869
2026-01-01T18:16:00Z,98066.67,98080.60,98072.15,9.398243,31.793257,41.495936,117.673776,167.431051,21,4.349897,5.048346
2026-01-01T18:17:00Z,98086.38,98100.30,98094.00,10.406723,29.351077,41.240398,108.639341,166.489722,24,4.858625,5.548099
2026-01-01T18:18:00Z,98084.14,98098.05,98092.83,9.678272,33.541321,35.958523,124.154585,145.244729,24,3.921232,5.757040
2026-01-01T18:19:00Z,98098.97,98112.88,98107.51,9.053709,33.064792,38.442256,122.396509,155.360692,21,3.791711,5.261998
2026-01-01T18:20:00Z,98089.83,98103.73,98097.99,9.003658,29.335728,37.063146,108.598011,149.867715,23,3.658957,5.344700
2026-01-01T18:21:00Z,98085.34,98099.23,98090.77,10.326051,30.572581,35.512386,113.182678,143.674265,21,4.054214,6.271838
2026-01-01T18:22:00Z,98108.02,98121.90,98114.41,8.985954,30.703330,35.823817,113.672997,145.012048,23,4.038082,4.947872
2026-01-01T18:23:00Z,98125.38,98139.24,98133.78,10.687861,30.538580,35.680328,113.069574,144.508683,21,4.255862,6.431999
2026-01-01T18:24:00Z,98107.06,98120.92,98115.48,9.342851,33.699167,37.188973,124.779222,150.699547,21,3.887228,5.455623
2026-01-01T18:25:00Z,98119.90,98133.74,98126.89,9.277823,31.115047,41.026927,115.218142,166.340944,21,3.638665,5.639158
2026-01-01T18:26:00Z,98121.95,98135.78,98127.21,9.500354,30.911663,35.963517,114.472506,145.889661,25,3.701104,5.799250
2026-01-01T18:27:00Z,98121.78,98135.60,98128.99,10.989895,29.409831,37.053444,108.918304,150.391358,22,4.347178,6.642718
2026-01-01T18:28:00Z,98104.18,98117.98,98112.86,9.366670,31.202890,39.754820,115.566984,161.441728,22,3.713511,5.653158
2026-01-01T18:29:00Z,98119.65,98133.44,98126.91,9.592228,31.474911,37.523681,116.582993,152.462447,22,4.147822,5.444406
2026-01-01T18:30:00Z,98128.32,98142.09,98134.90,9.351602,30.001979,36.540747,111.135658,148.547750,23,3.911103,5.440499
2026-01-01T18:31:00Z,98144.26,98158.01,98151.72,10.029059,30.543622,36.242400,113.150897,147.413261,22,4.312814,5.716245
2026-01-01T18:32:00Z,98145.34,98159.08,98150.55,9.250703,32.004323,42.980568,118.571729,174.913142,21,3.760006,5.490697
2026-01-01T18:33:00Z,98131.20,98144.93,98139.31,9.830658,33.145279,42.742830,122.809036,174.037959,25,3.899626,5.931032
2026-01-01T18:34:00Z,98129.97,98143.68,98134.75,9.536973,30.391446,38.217198,112.615261,155.693222,24,4.237381,5.299592
2026-01-01T18:35:00Z,98161.86,98175.55,98169.52,9.634916,31.729711,39.703625,117.584572,161.834423,22,3.564096,6.070820
2026-01-01T18:36:00Z,98148.91,98162.58,98155.12,9.485704,34.355483,36.673129,127.326775,149.560988,22,3.034553,6.451151
2026-01-01T18:37:00Z,98170.34,98184.00,98178.03,9.551060,30.490483,36.992391,113.013031,150.942692,21,3.291834,6.259226
2026-01-01T18:38:00Z,98158.24,98171.88,98165.80,9.394172,31.368098,42.235381,116.277060,172.426948,22,4.319486,5.074686
2026-01-01T18:39:00Z,98155.42,98169.04,98162.15,9.988990,30.046915,40.004645,111.390582,163.405962,22,4.343996,5.644994
2026-01-01T18:40:00Z,98181.61,98195.21,98188.16,8.978858,32.058362,36.605465,118.859458,149.600095,22,3.650775,5.328083
2026-01-01T18:41:00Z,98183.67,98197.24,98191.99,9.894203,30.677400,40.504534,113.751173,165.621895,21,4.310883,5.583320
2026-01-01T18:42:00Z,98172.05,98185.61,98179.58,9.030984,30.773872,38.028367,114.120984,155.578528,21,3.581059,5.449925
2026-01-01T18:43:00Z,98191.34,98204.88,98198.64,9.532922,33.381433,42.639268,123.804217,174.533697,24,3.902787,5.630135
2026-01-01T18:44:00Z,98184.46,98197.97,98191.72,9.060733,32.244179,37.633743,119.599670,154.125401,23,3.463746,5.596988
2026-01-01T18:45:00Z,98193.02,98206.52,98199.47,10.170420,30.316289,37.871547,112.461528,155.180374,23,3.733192,6.437228
2026-01-01T18:46:00Z,98198.94,98212.41,98205.46,9.528861,30.285928,37.077978,112.361932,152.007991,23,3.192021,6.336840
2026-01-01T18:47:00Z,98179.57,98193.02,98186.36,9.115435,30.546737,43.523729,113.342972,178.526541,24,3.851767,5.263668
2026-01-01T18:48:00Z,98193.86,98207.29,98200.17,9.014700,30.964208,39.711218,114.905890,162.973084,23,3.149151,5.865549
2026-01-01T18:49:00Z,98208.66,98222.07,98215.97,9.158498,30.443608,37.308048,112.987935,153.190160,23,3.513419,5.645079
2026-01-01T18:50:00Z,98191.33,98204.71,98198.02,11.601465,33.231316,39.337975,123.349726,161.609048,22,5.257910,6.343554
2026-01-01T18:51:00Z,98214.04,98227.40,98219.67,10.102549,32.967104,38.351345,122.384732,157.637403,22,3.864582,6.237967
2026-01-01T18:52:00Z,98205.76,98219.09,98212.10,9.707175,32.904088,40.466703,122.166790,166.418328,22,4.056069,5.651106
2026-01-01T18:53:00Z,98213.15,98226.46,98219.08,10.569601,30.660376,39.269984,113.851492,161.580284,25,3.382049,7.187552
2026-01-01T18:54:00Z,98231.11,98244.39,98238.25,10.073876,34.595220,37.324148,128.480250,153.653167,24,3.632001,6.441875
2026-01-01T18:55:00Z,98228.65,98241.91,98234.88,9.676519,30.815763,37.530045,114.459881,154.580361,26,3.185398,6.491121
2026-01-01T18:56:00Z,98224.38,98237.61,98229.22,9.883675,33.933573,39.105106,126.058207,161.150613,23,3.133216,6.750459
2026-01-01T18:57:00Z,98225.24,98238.45,98229.76,9.881671,34.966693,38.107857,129.914710,157.121615,22,3.919530,5.962141
2026-01-01T18:58:00Z,98223.69,98236.87,98231.00,10.909733,31.991988,40.670613,118.879866,167.774006,24,4.018013,6.891720
2026-01-01T18:59:00Z,98221.21,98234.36,98227.39,9.370921,32.825237,38.846875,121.994241,160.332744,22,2.809763,6.561158
2026-01-01T19:00:00Z,98249.19,98262.32,98255.57,9.269225,34.267368,40.101942,127.373078,165.597342,22,3.298351,5.970874
2026-01-01T19:01:00Z,98226.59,98239.68,98233.71,9.827577,33.893455,44.040568,126.002524,181.954296,23,3.417885,6.409692
2026-01-01T19:02:00Z,98226.10,98239.16,98233.33,8.964769,35.534078,37.812510,132.122268,156.302518,23,3.465806,5.498963
2026-01-01T19:03:00Z,98260.02,98273.06,98265.06,9.707335,32.226736,39.633305,119.843896,163.912261,25,3.128016,6.579319
2026-01-01T19:04:00Z,98240.84,98253.85,98248.04,9.658899,31.643624,38.372295,117.694319,158.777600,25,3.084589,6.574309
2026-01-01T19:05:00Z,98249.78,98262.76,98256.27,8.925209,34.068320,39.638557,126.733302,164.100238,28,2.844627,6.080582
2026-01-01T19:06:00Z,98261.54,98274.49,98268.10,10.798522,32.534568,39.246106,121.047794,162.557672,23,4.240115,6.558407
2026-01-01T19:07:00Z,98260.46,98273.38,98265.11,10.597244,35.319093,39.240326,131.429913,162.615763,26,3.820714,6.776530
2026-01-01T19:08:00Z,98253.73,98266.61,98260.47,9.424426,33.188876,39.209913,123.523940,162.571586,24,3.642901,5.781525
2026-01-01T19:09:00Z,98245.97,98258.83,98252.92,9.178128,32.147908,42.280300,119.670266,175.390133,26,2.961088,6.217040
2026-01-01T19:10:00Z,98263.60,98276.43,98268.92,10.041777,31.827107,41.084271,118.496825,170.514224,25,3.285634,6.756143
2026-01-01T19:11:00Z,98284.56,98297.35,98293.16,9.318143,36.624230,39.328243,136.381384,163.307861,25,3.352607,5.965536
2026-01-01T19:12:00Z,98261.25,98274.01,98268.83,9.682409,32.259798,44.066612,120.150708,183.075112,24,3.354913,6.327496
2026-01-01T19:13:00Z,98275.57,98288.30,98285.27,10.211840,31.758817,40.347119,118.306372,167.706105,25,3.104693,7.107147
2026-01-01T19:14:00Z,98271.18,98283.88,98278.18,10.268049,34.352552,41.610852,127.992048,173.045065,23,3.862227,6.405822
2026-01-01T19:15:00Z,98282.11,98294.78,98287.85,10.411621,33.229961,40.766423,123.832610,169.617659,27,3.484524,6.927097
2026-01-01T19:16:00Z,98282.76,98295.39,98290.30,8.749517,36.084094,40.674399,134.494102,169.318741,24,3.089573,5.659944
2026-01-01T19:17:00Z,98280.56,98293.16,98286.70,9.387395,31.952883,40.101855,119.118924,167.018025,27,3.035622,6.351773
2026-01-01T19:18:00Z,98277.58,98290.15,98285.28,9.178674,34.587694,38.230678,128.966417,159.303542,24,3.440586,5.738088
2026-01-01T19:19:00Z,98276.54,98289.07,98281.90,10.950905,35.327285,40.611919,131.750001,169.309398,26,3.595311,7.355594
2026-01-01T19:20:00Z,98272.79,98285.29,98280.42,8.774324,34.909065,41.468895,130.216178,172.967179,25,2.847649,5.926675
2026-01-01T19:21:00Z,98272.33,98284.79,98278.66,9.249795,32.381933,45.173467,120.813893,188.511523,24,3.280512,5.969283
2026-01-01T19:22:00Z,98285.44,98297.87,98291.03,10.239823,33.141912,39.230981,123.674476,163.793412,26,3.939870,6.299953
2026-01-01T19:23:00Z,98287.36,98299.76,98291.20,9.162536,35.072370,41.583027,130.905249,173.698354,25,3.141752,6.020784
2026-01-01T19:24:00Z,98291.84,98304.20,98296.57,9.321321,34.417950,39.846238,128.489427,166.524761,24,2.944511,6.376810
2026-01-01T19:25:00Z,98291.81,98304.13,98300.20,9.432903,33.549680,39.252604,125.274373,164.123735,25,3.250969,6.181933
2026-01-01T19:26:00Z,98285.03,98297.32,98289.24,9.093829,40.773986,45.548270,152.282323,190.539829,26,2.826112,6.267717
2026-01-01T19:27:00Z,98312.90,98325.15,98318.64,9.931002,33.141770,41.104748,123.804238,172.034827,24,3.100213,6.830789
2026-01-01T19:28:00Z,98302.54,98314.76,98308.52,8.992190,37.810170,38.638393,141.274226,161.790669,24,3.024363,5.967827
2026-01-01T19:29:00Z,98294.35,98306.53,98300.96,9.159541,36.811392,38.794877,137.572630,162.524322,25,3.149758,6.009782
2026-01-01T19:30:00Z,98312.52,98324.67,98315.47,9.626444,40.703931,38.535663,152.153744,161.516133,24,2.895677,6.730767
2026-01-01T19:31:00Z,98291.66,98303.77,98296.71,8.748201,34.406879,40.774528,128.643862,170.982091,24,2.811773,5.936428
2026-01-01T19:32:00Z,98310.02,98322.09,98317.59,10.467943,36.427948,40.173718,136.231331,168.543431,25,3.842096,6.625847
2026-01-01T19:33:00Z,98303.44,98315.48,98310.71,9.968290,33.658579,43.352964,125.903429,181.968516,24,3.537479,6.430811
2026-01-01T19:34:00Z,98303.29,98315.29,98309.12,8.787086,40.797145,42.904672,152.641292,180.172786,26,2.626778,6.160308
2026-01-01T19:35:00Z,98320.23,98332.19,98324.06,9.560018,34.649905,38.823115,129.671874,163.110401,24,3.166604,6.393414
2026-01-01T19:36:00Z,98326.85,98338.78,98333.95,9.477555,33.643297,39.191385,125.934505,164.735825,26,3.582380,5.895176
2026-01-01T19:37:00Z,98307.89,98319.78,98313.92,9.910184,34.575839,40.949078,129.456057,172.205592,25,2.645619,7.264566
2026-01-01T19:38:00Z,98302.60,98314.46,98306.45,9.644663,36.230905,39.276166,135.685439,165.248443,26,3.511235,6.133428
2026-01-01T19:39:00Z,98320.15,98331.96,98325.63,8.952914,34.776538,41.735080,130.270421,175.676720,26,3.150969,5.801945
2026-01-01T19:40:00Z,98319.88,98331.66,98326.00,9.355576,38.420692,40.078924,143.956421,168.784738,24,3.110942,6.244633
2026-01-01T19:41:00Z,98318.76,98330.50,98323.81,9.493452,39.198737,41.202436,146.907945,173.597580,24,3.109282,6.384170
2026-01-01T19:42:00Z,98312.64,98324.34,98317.72,8.566782,34.491729,39.995081,129.299397,168.589486,24,2.552647,6.014135
2026-01-01T19:43:00Z,98303.39,98315.05,98307.57,8.653180,36.836712,42.218512,138.124808,178.044864,24,2.428692,6.224488
2026-01-01T19:44:00Z,98329.34,98340.96,98334.58,9.139436,36.781942,39.190170,137.954461,165.350598,26,3.180577,5.958859
2026-01-01T19:45:00Z,98309.41,98321.00,98315.79,9.035089,33.866982,39.372449,127.054139,166.196790,25,3.288033,5.747056
2026-01-01T19:46:00Z,98323.33,98334.88,98328.92,9.419482,36.812449,41.283554,138.139925,174.344531,26,2.511559,6.907923
2026-01-01T19:47:00Z,98314.46,98325.97,98321.65,8.906117,37.214400,40.099006,139.684643,169.420276,24,2.556440,6.349678
2026-01-01T19:48:00Z,98311.67,98323.14,98315.98,9.527959,34.062505,43.293849,127.887562,183.002893,24,2.950003,6.577957
2026-01-01T19:49:00Z,98324.05,98335.48,98329.83,9.175968,37.562080,39.873384,141.064071,168.622026,25,3.515256,5.660712
2026-01-01T19:50:00Z,98317.42,98328.81,98324.27,9.551340,34.731568,43.592494,130.468948,184.434364,26,3.335116,6.216224
2026-01-01T19:51:00Z,98327.89,98339.24,98333.14,8.676970,35.025712,42.320675,131.609329,179.135259,24,3.121285,5.555684
2026-01-01T19:52:00Z,98328.23,98339.55,98334.76,10.225586,36.525373,41.899352,137.281571,177.432687,24,3.455249,6.770338
2026-01-01T19:53:00Z,98304.37,98315.65,98308.98,9.128823,34.506499,39.133381,129.729066,165.794823,27,3.690843,5.437980
2026-01-01T19:54:00Z,98314.42,98325.65,98319.73,8.761779,34.270737,40.681102,128.878239,172.430079,25,2.770787,5.990992
2026-01-01T19:55:00Z,98311.28,98322.48,98316.38,9.170181,36.913860,39.061236,138.856527,165.638950,25,2.848618,6.321564
2026-01-01T19:56:00Z,98324.92,98336.08,98330.26,10.491253,38.386662,40.829227,144.437116,173.214109,27,3.648544,6.842709
2026-01-01T19:57:00Z,98331.26,98342.38,98335.29,8.414669,38.011800,40.209046,143.066988,170.659681,25,2.258431,6.156238
2026-01-01T19:58:00Z,98321.27,98332.35,98326.35,9.433290,38.260617,42.534908,144.044419,180.612229,25,2.805751,6.627539
2026-01-01T19:59:00Z,98315.39,98326.43,98318.89,9.605022,37.839672,39.138879,142.500442,166.266197,25,3.141866,6.463156
2026-01-01T20:00:00Z,98319.63,98330.63,98325.67,9.701931,35.878306,43.577187,135.153124,185.203046,26,3.590476,6.111455
2026-01-01T20:01:00Z,98315.20,98326.16,98320.69,9.918232,39.716026,39.405675,149.653253,167.548475,24,3.032584,6.885649
2026-01-01T20:02:00Z,98310.62,98321.55,98316.07,10.834341,38.159075,40.964509,143.828627,174.253567,26,3.946410,6.887931
2026-01-01T20:03:00Z,98331.72,98342.61,98338.37,8.649240,38.749930,41.282467,146.098737,175.683586,24,2.902132,5.747108
2026-01-01T20:04:00Z,98321.15,98331.99,98326.31,10.092374,35.715983,44.371426,134.699843,188.912191,25,2.929220,7.163154
2026-01-01T20:05:00Z,98301.82,98312.62,98305.89,8.886651,45.120394,39.965409,170.218675,170.228127,24,2.567045,6.319606
2026-01-01T20:06:00Z,98325.48,98336.24,98329.61,9.593992,37.308272,40.020010,140.789475,170.535237,26,3.499024,6.094968
2026-01-01T20:07:00Z,98303.53,98314.26,98308.89,9.103969,37.481077,44.518439,141.484463,189.786868,24,2.265989,6.837980
2026-01-01T20:08:00Z,98304.48,98315.17,98309.52,10.617213,40.308941,41.105293,152.205591,175.312414,27,3.119391,7.497822
2026-01-01T20:09:00Z,98313.99,98324.64,98321.45,9.226118,37.442851,40.357004,141.426743,172.195556,29,2.911126,6.314992
2026-01-01T20:10:00Z,98311.61,98322.22,98317.36,8.951116,36.157831,40.860381,136.615288,174.418657,25,2.435113,6.516003
2026-01-01T20:11:00Z,98318.39,98328.96,98323.44,8.958847,35.492592,41.500829,134.143561,177.228762,24,2.532303,6.426544
2026-01-01T20:12:00Z,98323.76,98334.29,98328.30,8.294792,35.990561,41.803348,136.068244,178.597261,24,2.329018,5.965774
2026-01-01T20:13:00Z,98313.24,98323.73,98317.65,8.846182,36.578768,40.224732,138.335665,171.926403,24,2.861862,5.984320
2026-01-01T20:14:00Z,98309.80,98320.25,98315.48,8.627576,35.309310,41.470099,133.577137,177.324835,24,2.619874,6.007702
2026-01-01T20:15:00Z,98317.88,98328.29,98324.11,9.566225,36.180317,42.021724,136.915915,179.759905,24,3.353225,6.213000
2026-01-01T20:16:00Z,98316.72,98327.10,98323.99,9.099221,36.782189,40.940959,139.238284,175.210782,25,3.003881,6.095339
2026-01-01T20:17:00Z,98316.72,98327.06,98320.29,9.963779,38.242563,39.750351,144.813309,170.187251,24,3.377217,6.586563
2026-01-01T20:18:00Z,98308.51,98318.81,98310.97,8.501608,35.968116,39.307371,136.244955,168.361456,25,2.349763,6.151846
2026-01-01T20:19:00Z,98316.68,98326.94,98319.68,8.729006,36.011553,45.168092,136.454131,193.545201,24,2.569585,6.159421
2026-01-01T20:20:00Z,98289.37,98299.60,98294.45,8.707277,36.422753,40.720134,138.057675,174.558589,26,2.884520,5.822758
2026-01-01T20:21:00Z,98307.26,98317.44,98310.21,8.037559,40.064001,45.862744,151.909840,196.685705,24,2.935052,5.102507
2026-01-01T20:22:00Z,98305.06,98315.21,98308.80,8.364855,37.887192,41.047341,143.703931,176.107522,26,2.690464,5.674391
2026-01-01T20:23:00Z,98312.63,98322.74,98317.69,10.059990,35.779956,44.538762,135.756774,191.165924,28,2.489089,7.570901
2026-01-01T20:24:00Z,98307.82,98317.89,98314.71,8.686057,35.773864,42.981042,135.779397,184.555980,27,2.614947,6.071110
2026-01-01T20:25:00Z,98302.33,98312.36,98306.75,8.635293,42.693750,39.382778,162.098677,169.174818,24,2.816851,5.818442
2026-01-01T20:26:00Z,98291.89,98301.89,98297.66,8.301160,37.274336,40.416651,141.570594,173.686977,24,2.478464,5.822696
2026-01-01T20:27:00Z,98296.43,98306.39,98300.68,9.136612,36.715454,41.191835,139.495707,177.090384,27,2.899440,6.237172
2026-01-01T20:28:00Z,98298.24,98308.17,98304.35,8.866252,36.233497,43.638788,137.712008,187.686389,25,2.910998,5.955254
2026-01-01T20:29:00Z,98302.81,98312.70,98308.09,9.254190,38.942909,45.635281,148.060901,196.352503,25,2.892476,6.361714
2026-01-01T20:30:00Z,98292.96,98302.81,98298.69,8.086781,38.001155,41.336256,144.530678,177.926982,24,2.131335,5.955445
2026-01-01T20:31:00Z,98307.74,98317.55,98311.25,9.505082,37.358627,40.585472,142.136695,174.765450,26,2.993937,6.511144
2026-01-01T20:32:00Z,98282.60,98292.38,98289.23,9.246520,38.943233,42.630400,148.217736,183.644549,26,3.229661,6.016859
2026-01-01T20:33:00Z,98287.75,98297.50,98293.34,9.629014,38.896339,39.688676,148.091648,171.040213,25,3.033453,6.595561
2026-01-01T20:34:00Z,98288.91,98298.61,98290.03,8.440885,36.852433,41.058487,140.359711,177.013703,27,2.864133,5.576752
2026-01-01T20:35:00Z,98289.48,98299.15,98296.07,9.499474,38.961589,40.878933,148.445903,176.309275,28,2.617494,6.881979
2026-01-01T20:36:00Z,98286.53,98296.16,98288.65,8.984316,37.918001,42.876945,144.521692,184.999447,25,3.171484,5.812832
2026-01-01T20:37:00Z,98290.30,98299.90,98294.89,8.427527,37.759033,43.282422,143.967779,186.822196,26,2.796316,5.631211
2026-01-01T20:38:00Z,98287.04,98296.60,98290.56,8.786214,36.864791,38.844637,140.609232,167.732663,28,2.976843,5.809371
2026-01-01T20:39:00Z,98278.30,98287.83,98283.30,8.999469,37.725669,40.591915,143.945272,175.345685,24,3.061495,5.937974
2026-01-01T20:40:00Z,98279.42,98288.92,98281.75,8.126389,40.186640,39.498191,153.391512,170.687237,26,2.533897,5.592492
2026-01-01T20:41:00Z,98288.79,98298.26,98293.11,9.247781,36.771201,39.630127,140.406556,171.323496,24,3.048827,6.198955
2026-01-01T20:42:00Z,98291.99,98301.42,98298.78,8.620463,40.925940,38.803566,156.328784,167.814714,24,2.868007,5.752456
2026-01-01T20:43:00Z,98295.58,98304.98,98300.22,7.765608,37.668100,39.668218,143.938002,171.619779,25,2.760926,5.004682
2026-01-01T20:44:00Z,98276.49,98285.85,98279.65,7.952986,38.584049,43.899892,147.493131,190.000029,26,2.401707,5.551279
2026-01-01T20:45:00Z,98283.03,98292.37,98288.09,8.479744,40.590132,39.376745,155.219918,170.488427,25,2.700901,5.778843
2026-01-01T20:46:00Z,98290.18,98299.48,98294.54,7.819785,39.919579,42.140129,152.713233,182.521962,25,2.518411,5.301373
2026-01-01T20:47:00Z,98261.67,98270.94,98265.25,8.832213,37.496923,42.610364,143.499649,184.628188,24,2.683064,6.149150
2026-01-01T20:48:00Z,98278.26,98287.50,98280.92,8.170881,39.928136,39.744386,152.861976,172.274635,25,2.607738,5.563143
2026-01-01T20:49:00Z,98270.00,98279.21,98274.94,8.368002,41.977652,38.925466,160.769830,168.787959,24,2.585388,5.782614
2026-01-01T20:50:00Z,98269.58,98278.76,98273.96,8.047203,39.719195,39.666836,152.178587,172.066608,25,2.347782,5.699421
2026-01-01T20:51:00Z,98270.40,98279.54,98275.05,10.269868,42.002962,39.402865,160.990579,170.984805,24,3.305307,6.964561
2026-01-01T20:52:00Z,98271.48,98280.59,98274.44,7.805818,41.805734,39.123442,160.296693,169.834831,24,2.718909,5.086910
2026-01-01T20:53:00Z,98264.22,98273.30,98268.76,8.116654,45.126642,39.210093,173.097428,170.273418,25,2.906035,5.210619
2026-01-01T20:54:00Z,98268.26,98277.32,98272.63,7.696335,39.336894,42.354907,150.947966,183.997227,25,2.464082,5.232253
2026-01-01T20:55:00Z,98264.36,98273.38,98268.17,7.832979,41.765116,40.084066,160.328680,174.195592,24,2.671210,5.161768
2026-01-01T20:56:00Z,98258.74,98267.73,98262.77,7.827144,40.928960,39.333825,157.180716,170.997086,24,2.472535,5.354609
2026-01-01T20:57:00Z,98256.29,98265.26,98261.01,7.698336,38.743548,40.228958,148.846861,174.951524,24,2.572735,5.125601
2026-01-01T20:58:00Z,98264.28,98273.22,98267.90,9.212995,38.776974,39.494853,149.034443,171.820567,26,3.142093,6.070902
2026-01-01T20:59:00Z,98259.42,98268.33,98265.01,7.840693,43.612053,41.521827,167.684301,180.703295,24,2.490006,5.350687
2026-01-01T21:00:00Z,98264.18,98273.06,98267.58,8.162083,40.338160,40.982528,155.158578,178.419624,26,2.378141,5.783942
2026-01-01T21:01:00Z,98263.65,98272.50,98267.34,9.601981,41.554502,40.562934,159.901419,176.655337,24,3.264320,6.337661
2026-01-01T21:02:00Z,98265.85,98274.67,98269.33,7.604634,37.878345,40.921674,145.814409,178.280399,24,3.032416,4.572218
2026-01-01T21:03:00Z,98260.42,98269.22,98264.29,8.555207,38.939764,38.438678,149.961111,167.521563,24,2.375763,6.179445
2026-01-01T21:04:00Z,98231.64,98240.41,98234.54,7.554224,37.939308,40.232188,146.167666,175.399060,24,2.636416,4.917808
2026-01-01T21:05:00Z,98252.68,98261.42,98255.34,8.296838,40.627335,42.903114,156.587641,187.108286,26,2.969869,5.326969
2026-01-01T21:06:00Z,98243.14,98251.86,98246.72,8.660082,38.748394,39.480556,149.406937,172.241316,24,2.553814,6.106268
2026-01-01T21:07:00Z,98237.97,98246.66,98241.17,8.030490,38.065334,42.842505,146.833542,186.972639,26,2.488830,5.541659
2026-01-01T21:08:00Z,98243.65,98252.32,98248.08,7.627507,40.765106,39.060510,157.312576,170.525566,23,1.996542,5.630965
2026-01-01T21:09:00Z,98240.80,98249.44,98243.70,9.282692,38.568786,39.712608,148.898642,173.431363,26,2.706336,6.576355
2026-01-01T21:10:00Z,98253.60,98262.22,98255.25,8.139792,39.047234,43.044690,150.808418,188.046696,24,2.752129,5.387663
2026-01-01T21:11:00Z,98254.82,98263.42,98258.77,8.481393,41.421856,41.405253,160.046455,180.945472,28,2.940716,5.540677
2026-01-01T21:12:00Z,98236.17,98244.75,98240.04,8.614163,38.775831,39.062175,149.885443,170.763127,26,3.123769,5.490395
2026-01-01T21:13:00Z,98237.91,98246.46,98240.11,8.259422,38.481212,42.949375,148.809123,187.818847,24,2.895346,5.364076
2026-01-01T21:14:00Z,98232.84,98241.37,98236.10,8.243301,42.857295,38.337203,165.801587,167.705246,24,2.842853,5.400449
2026-01-01T21:15:00Z,98238.12,98246.63,98242.61,7.512518,44.023993,38.289375,170.387253,167.551239,23,2.260999,5.251519
2026-01-01T21:16:00Z,98225.25,98233.73,98227.18,9.417673,40.128863,38.662490,155.377773,169.239437,24,3.466281,5.951392
2026-01-01T21:17:00Z,98222.73,98231.19,98228.82,9.965046,39.909879,39.295909,154.595709,172.068239,28,3.254905,6.710141
2026-01-01T21:18:00Z,98225.39,98233.83,98229.02,8.064982,40.584774,39.164079,157.277199,171.546615,26,2.297126,5.767856
2026-01-01T21:19:00Z,98219.97,98228.39,98223.49,8.832596,39.951615,41.843920,154.889933,183.344000,23,2.855149,5.977447
2026-01-01T21:20:00Z,98228.19,98236.59,98232.95,8.672617,39.155979,38.473000,151.870621,168.628013,24,2.983127,5.689490
2026-01-01T21:21:00Z,98235.39,98243.77,98241.12,7.863328,42.662811,39.047421,165.543674,171.200330,23,2.475649,5.387680
2026-01-01T21:22:00Z,98230.54,98238.90,98234.92,8.734560,40.713527,40.144367,158.048319,176.065656,23,2.555070,6.179489
2026-01-01T21:23:00Z,98225.06,98233.40,98229.39,7.243219,40.269223,38.784303,156.391462,170.154350,24,2.616627,4.626592
2026-01-01T21:24:00Z,98222.02,98230.35,98224.17,9.018115,40.485217,37.639537,157.298825,165.183853,23,3.318430,5.699685
2026-01-01T21:25:00Z,98216.99,98225.30,98221.39,7.800238,43.782439,40.553610,170.184016,178.028005,24,2.560807,5.239431
2026-01-01T21:26:00Z,98218.35,98226.65,98223.19,9.575338,41.439369,41.556312,161.147043,182.486404,23,3.678885,5.896453
2026-01-01T21:27:00Z,98208.70,98216.98,98211.63,8.823769,43.654127,37.939640,169.834329,166.655879,25,3.623931,5.199838
2026-01-01T21:28:00Z,98206.51,98214.77,98208.29,8.260041,41.273240,39.370283,160.642434,172.993235,25,2.733813,5.526228
2026-01-01T21:29:00Z,98209.45,98217.69,98215.24,8.414489,39.815889,38.118498,155.038747,167.543939,23,3.030542,5.383948
2026-01-01T21:30:00Z,98221.53,98229.76,98227.08,9.255860,43.676341,44.880339,170.146398,197.324342,22,3.568620,5.687240
2026-01-01T21:31:00Z,98207.86,98216.08,98212.08,7.575244,40.604100,37.993158,158.248510,167.093946,24,2.749971,4.825273
2026-01-01T21:32:00Z,98211.57,98219.77,98216.84,7.696835,41.303552,39.508097,161.046370,173.808672,23,2.713500,4.983335
2026-01-01T21:33:00Z,98213.05,98221.24,98218.44,8.260769,39.816045,37.546731,155.315930,165.229156,23,2.991628,5.269141
2026-01-01T21:34:00Z,98216.19,98224.36,98219.30,8.697072,41.152327,41.295727,160.600603,181.780835,26,3.225476,5.471596
2026-01-01T21:35:00Z,98193.83,98201.99,98196.58,8.309936,42.331180,40.304217,165.275540,177.468428,24,2.917780,5.392156
2026-01-01T21:36:00Z,98200.91,98209.06,98203.75,7.050585,39.480144,38.556489,154.213682,169.822385,23,2.499667,4.550919
2026-01-01T21:37:00Z,98203.11,98211.25,98207.87,8.000974,40.461993,37.323591,158.120419,164.439792,24,2.936106,5.064868
2026-01-01T21:38:00Z,98196.37,98204.49,98200.81,8.057135,41.699679,42.858428,163.031087,188.879566,23,3.194568,4.862567
2026-01-01T21:39:00Z,98197.82,98205.94,98201.97,7.751601,42.692569,36.997283,166.988884,163.095890,23,2.935755,4.815845
2026-01-01T21:40:00Z,98203.35,98211.45,98206.04,7.001292,42.065075,38.550637,164.609548,169.991963,22,2.628797,4.372495
2026-01-01T21:41:00Z,98199.90,98207.99,98205.61,7.245414,41.340384,39.258714,161.847669,173.163255,25,2.939331,4.306083
2026-01-01T21:42:00Z,98202.01,98210.09,98206.12,8.914610,41.493755,37.604134,162.522612,165.911811,25,3.110242,5.804369
2026-01-01T21:43:00Z,98201.48,98209.55,98206.67,7.413783,41.872703,39.378845,164.082269,173.790455,23,3.000227,4.413556
2026-01-01T21:44:00Z,98200.39,98208.45,98203.57,7.139931,40.963985,36.719471,160.595354,162.098797,22,2.733591,4.406341
2026-01-01T21:45:00Z,98198.02,98206.08,98201.29,7.884397,41.866526,40.558503,164.209513,179.095592,25,2.905514,4.978883
2026-01-01T21:46:00Z,98194.77,98202.82,98200.32,6.984734,43.385082,40.519319,170.244430,178.971518,22,2.590216,4.394518
2026-01-01T21:47:00Z,98207.38,98215.42,98210.58,7.549629,39.673109,41.433445,155.750810,183.058889,26,2.698565,4.851064
2026-01-01T21:48:00Z,98199.49,98207.53,98204.17,7.480849,40.587216,39.497243,159.413617,174.551561,22,2.799608,4.681241
2026-01-01T21:49:00Z,98199.41,98207.44,98203.32,6.824557,41.809193,38.765461,164.289759,171.363478,25,2.613240,4.211317
2026-01-01T21:50:00Z,98204.13,98212.16,98208.04,7.450214,41.339333,37.857190,162.519395,167.392974,27,2.485164,4.965050
2026-01-01T21:51:00Z,98206.98,98215.00,98209.21,9.198590,45.028028,36.832969,177.103912,162.907207,24,3.318327,5.880263
2026-01-01T21:52:00Z,98216.92,98224.94,98221.20,9.181441,43.695296,39.252627,171.942753,173.654566,21,3.260983,5.920458
2026-01-01T21:53:00Z,98201.97,98209.99,98205.04,7.955038,41.007158,37.454192,161.440794,165.741396,24,2.883177,5.071861
2026-01-01T21:54:00Z,98195.04,98203.05,98199.38,7.981176,43.541511,37.395013,171.499159,165.522295,22,2.620289,5.360887
2026-01-01T21:55:00Z,98191.43,98199.44,98195.08,8.358401,45.068456,36.289445,177.597359,160.669918,24,2.885442,5.472959
2026-01-01T21:56:00Z,98208.49,98216.49,98213.59,7.630211,39.771922,37.312652,156.800046,165.242202,22,2.465134,5.165077
2026-01-01T21:57:00Z,98197.60,98205.60,98200.05,7.240465,41.549882,37.045171,163.887422,164.099111,22,2.746414,4.494050
2026-01-01T21:58:00Z,98191.68,98199.69,98196.03,7.134660,45.234838,38.628899,178.507112,171.157487,23,3.076074,4.058586
2026-01-01T21:59:00Z,98194.99,98202.99,98199.83,8.358800,41.224223,37.434127,162.757892,165.904974,21,3.116375,5.242425
2026-01-01T22:00:00Z,98195.87,98203.87,98202.38,6.861166,42.716409,36.208317,168.729817,160.511927,25,2.650904,4.210261
2026-01-01T22:01:00Z,98216.59,98224.59,98220.40,6.746975,42.014107,40.888041,166.035204,181.301638,22,2.716979,4.029996
2026-01-01T22:02:00Z,98193.77,98201.77,98197.11,10.271652,47.842961,37.279711,189.160934,165.342148,22,3.945804,6.325848
2026-01-01T22:03:00Z,98210.61,98218.61,98215.67,8.509764,45.197312,41.941714,178.786525,186.063845,21,3.180679,5.329085
2026-01-01T22:04:00Z,98208.10,98216.11,98214.51,7.875057,42.960187,39.886949,170.019029,176.990752,21,3.355287,4.519770
2026-01-01T22:05:00Z,98200.13,98208.14,98204.65,8.837278,46.729025,37.980809,185.023838,168.572631,22,3.241887,5.595391
2026-01-01T22:06:00Z,98201.82,98209.83,98206.35,8.127815,40.226406,37.318303,159.353714,165.671192,21,3.078949,5.048865
2026-01-01T22:07:00Z,98183.85,98191.86,98188.94,7.112511,43.907267,36.699825,174.019436,162.963567,20,2.632440,4.480071
2026-01-01T22:08:00Z,98197.97,98205.99,98202.70,7.345818,40.356382,36.416519,160.023719,161.743014,21,2.682940,4.662878
2026-01-01T22:09:00Z,98188.41,98196.43,98192.66,8.271073,42.851483,38.444044,170.000091,170.787426,21,3.785582,4.485491
2026-01-01T22:10:00Z,98199.50,98207.53,98203.23,8.072935,41.407966,36.360199,164.353421,161.566743,21,3.299938,4.772996
2026-01-01T22:11:00Z,98201.23,98209.27,98204.07,6.537510,40.527516,35.295274,160.937320,156.870146,21,2.389510,4.148000
2026-01-01T22:12:00Z,98222.19,98230.23,98227.62,8.105867,41.744644,39.777295,165.851669,176.830096,21,3.029290,5.076577
2026-01-01T22:13:00Z,98196.88,98204.92,98200.98,6.623260,40.512146,35.617100,161.033787,158.371062,21,2.837443,3.785816
2026-01-01T22:14:00Z,98230.77,98238.82,98234.20,8.101633,40.434776,35.446431,160.805105,157.646838,20,3.060855,5.040778
2026-01-01T22:15:00Z,98188.15,98196.21,98192.29,6.715534,43.405642,39.957230,172.704786,177.747195,22,2.693859,4.021674
2026-01-01T22:16:00Z,98211.50,98219.56,98216.11,6.822164,46.988862,35.353240,187.053940,157.300601,21,2.642415,4.179749
2026-01-01T22:17:00Z,98217.34,98225.42,98222.49,6.734276,40.059137,38.425416,159.546626,171.006514,21,2.630217,4.104058
2026-01-01T22:18:00Z,98201.16,98209.24,98205.10,6.657586,45.745306,35.439731,182.283352,157.752612,21,2.501169,4.156417
2026-01-01T22:19:00Z,98218.10,98226.19,98220.30,7.411534,43.292143,35.794100,172.593465,159.363479,21,3.339179,4.072355
2026-01-01T22:20:00Z,98217.58,98225.68,98220.75,6.411422,42.835299,38.247264,170.856764,170.320952,23,2.391977,4.019444
2026-01-01T22:21:00Z,98216.95,98225.06,98219.76,7.565882,43.488502,35.438956,173.548266,157.847648,21,3.108959,4.456924
2026-01-01T22:22:00Z,98208.00,98216.12,98211.52,7.143789,40.590912,36.480474,162.065444,162.519806,22,3.089034,4.054755
2026-01-01T22:23:00Z,98215.90,98224.03,98218.99,8.235063,41.584653,36.978495,166.115741,164.771774,20,3.421980,4.813082
2026-01-01T22:24:00Z,98217.02,98225.16,98220.46,6.390181,42.944764,36.306935,171.634404,161.811757,20,2.503912,3.886269
2026-01-01T22:25:00Z,98201.19,98209.35,98204.13,6.749650,41.927001,35.906324,167.650425,160.058033,21,2.613695,4.135955
2026-01-01T22:26:00Z,98206.12,98214.30,98208.58,6.590170,41.957373,34.490056,167.855735,153.774949,20,2.866985,3.723185
2026-01-01T22:27:00Z,98213.52,98221.70,98217.26,6.994368,43.129945,34.520247,172.633130,153.939440,20,2.647673,4.346695
2026-01-01T22:28:00Z,98225.52,98233.72,98230.16,6.809181,41.134589,37.928303,164.728993,169.169806,21,2.665499,4.143682
2026-01-01T22:29:00Z,98211.25,98219.46,98218.10,6.447964,45.227353,37.867581,181.209925,168.931085,20,3.036287,3.411677
2026-01-01T22:30:00Z,98227.21,98235.44,98231.15,6.514207,43.040406,34.551192,172.534278,154.165338,20,3.001012,3.513195
2026-01-01T22:31:00Z,98220.61,98228.85,98224.76,7.434492,42.281961,36.034355,169.579234,160.813048,21,3.036101,4.398391
2026-01-01T22:32:00Z,98225.76,98234.02,98228.59,8.030207,42.003794,34.568457,168.548484,154.299487,23,3.531658,4.498549
2026-01-01T22:33:00Z,98229.14,98237.42,98233.45,6.245867,41.221940,36.934285,165.494601,164.889598,20,2.726132,3.519734
2026-01-01T22:34:00Z,98234.81,98243.11,98239.67,7.122239,45.186251,39.435780,181.501848,176.088991,20,3.531881,3.590358
2026-01-01T22:35:00Z,98227.73,98236.04,98231.75,8.267912,42.378773,35.065934,170.311006,156.604599,22,3.883420,4.384493
2026-01-01T22:36:00Z,98225.05,98233.38,98227.72,6.246275,42.524626,37.974178,170.983697,169.622686,20,2.786314,3.459961
2026-01-01T22:37:00Z,98249.52,98257.86,98253.74,8.651104,41.429430,34.229872,166.664568,152.924269,21,3.627372,5.023732
2026-01-01T22:38:00Z,98229.88,98238.25,98233.78,7.865912,44.349245,34.021320,178.501114,152.018691,23,3.194404,4.671508
2026-01-01T22:39:00Z,98248.54,98256.92,98252.58,6.593418,42.604894,37.726490,171.567414,168.603292,22,2.682654,3.910764
2026-01-01T22:40:00Z,98245.40,98253.80,98250.08,6.518868,40.136820,34.352324,161.710845,153.549607,19,2.940530,3.578338
2026-01-01T22:41:00Z,98242.04,98250.47,98246.93,6.590713,43.152350,37.422848,173.948920,167.302138,20,2.714553,3.876160
2026-01-01T22:42:00Z,98245.67,98254.12,98251.17,6.883224,41.032871,38.761170,165.489530,173.313625,20,3.105761,3.777462
2026-01-01T22:43:00Z,98267.76,98276.22,98273.00,7.126836,40.254271,35.131238,162.432209,157.108461,18,2.961675,4.165161
2026-01-01T22:44:00Z,98248.03,98256.52,98254.64,6.454519,43.413357,33.677606,175.269096,150.631824,19,3.042536,3.411984
2026-01-01T22:45:00Z,98273.06,98281.57,98277.43,6.304707,40.594001,40.069455,163.970549,179.249305,19,2.581794,3.722913
2026-01-01T22:46:00Z,98265.97,98274.49,98270.90,6.853926,39.962672,33.371327,161.503052,149.308718,20,2.940955,3.912971
2026-01-01T22:47:00Z,98264.75,98273.30,98267.82,7.578119,43.201222,35.430045,174.680604,158.544123,19,3.426640,4.151479
2026-01-01T22:48:00Z,98254.57,98263.14,98258.58,7.658608,45.921197,33.244973,185.773811,148.788814,19,3.032789,4.625818
2026-01-01T22:49:00Z,98268.97,98277.57,98274.23,6.197361,40.494579,37.124554,163.904554,166.176849,19,2.782704,3.414657
2026-01-01T22:50:00Z,98267.36,98275.98,98270.45,7.545226,41.495280,34.381164,168.041242,153.919603,20,3.487233,4.057992
2026-01-01T22:51:00Z,98285.30,98293.94,98289.02,6.771177,42.798503,34.854093,173.407946,156.059549,20,2.834879,3.936298
2026-01-01T22:52:00Z,98271.79,98280.46,98274.77,6.840332,42.443741,34.563593,172.059036,154.781037,22,3.076817,3.763515
2026-01-01T22:53:00Z,98279.59,98288.28,98284.50,6.328258,40.771048,34.371278,165.363369,153.941586,20,2.861427,3.466832
2026-01-01T22:54:00Z,98280.02,98288.74,98284.88,6.936723,44.225859,35.699718,179.468196,159.913669,21,2.671412,4.265311
2026-01-01T22:55:00Z,98278.61,98287.35,98282.99,6.490700,45.483578,32.972311,184.667213,147.716773,19,2.708075,3.782625
2026-01-01T22:56:00Z,98281.43,98290.20,98285.69,6.223415,44.391467,37.241221,180.326186,166.864162,18,2.722814,3.500602
2026-01-01T22:57:00Z,98293.06,98301.86,98298.42,5.948183,42.550210,32.745505,172.935957,146.740062,19,2.723830,3.224353
2026-01-01T22:58:00Z,98288.14,98296.96,98290.00,6.240044,42.073965,35.912856,171.088763,160.954784,21,3.057715,3.182329
2026-01-01T22:59:00Z,98303.36,98312.21,98307.75,6.108099,40.621447,33.782130,165.267723,151.424805,21,2.752609,3.355490
2026-01-01T23:00:00Z,98292.62,98301.49,98297.07,6.035155,43.538361,34.905189,177.226839,156.478666,23,2.586919,3.448236
2026-01-01T23:01:00Z,98320.50,98329.41,98322.87,8.223916,42.331389,34.203346,172.403008,153.351488,19,3.536965,4.686951
2026-01-01T23:02:00Z,98314.53,98323.47,98318.60,6.002902,41.603630,40.525625,169.526886,181.719893,20,2.917030,3.085872
2026-01-01T23:03:00Z,98321.08,98330.04,98325.43,6.141170,42.083510,34.218239,171.571246,153.455642,19,2.832514,3.308656
2026-01-01T23:04:00Z,98291.56,98300.55,98296.97,6.065937,40.301473,33.407863,164.391283,149.839205,19,3.038169,3.027768
2026-01-01T23:05:00Z,98306.88,98315.91,98313.31,8.328767,40.425857,34.357346,164.984271,154.115750,19,3.636965,4.691802
2026-01-01T23:06:00Z,98319.00,98328.05,98323.31,6.729119,40.133190,33.055800,163.874945,148.294432,17,3.102505,3.626615
2026-01-01T23:07:00Z,98330.01,98339.09,98334.53,5.807311,40.795204,37.711260,166.664717,169.198718,17,2.896293,2.911017
2026-01-01T23:08:00Z,98318.61,98327.72,98321.32,6.045484,49.406180,33.149667,201.948968,148.748688,18,2.778154,3.267330
2026-01-01T23:09:00Z,98339.14,98348.29,98344.48,6.157803,41.130980,35.736421,168.211365,160.373308,19,2.947680,3.210123
2026-01-01T23:10:00Z,98314.26,98323.43,98320.37,6.498719,41.942883,35.884989,171.621057,161.057143,18,3.036372,3.462347
2026-01-01T23:11:00Z,98331.65,98340.86,98335.53,7.141574,41.976603,34.534684,171.848485,155.012919,17,3.276629,3.864945
2026-01-01T23:12:00Z,98338.98,98348.22,98344.10,7.256779,40.268860,33.890060,164.943030,152.134982,18,3.270759,3.986020
2026-01-01T23:13:00Z,98337.74,98347.01,98343.25,6.694665,40.200670,34.823823,164.749548,156.342346,18,3.647693,3.046972
2026-01-01T23:14:00Z,98340.02,98349.32,98345.24,5.932561,42.116242,35.913608,172.689901,161.250747,17,2.441159,3.491401
2026-01-01T23:15:00Z,98357.73,98367.06,98361.60,6.355768,41.979229,34.119367,172.217893,153.209354,17,3.300208,3.055559
2026-01-01T23:16:00Z,98349.05,98358.42,98353.32,5.710573,39.521781,33.528582,162.220925,150.570613,18,2.753726,2.956847
2026-01-01T23:17:00Z,98343.77,98353.17,98348.06,5.758804,40.895797,33.493388,167.948324,150.426349,20,2.911036,2.847769
2026-01-01T23:18:00Z,98368.36,98377.79,98373.67,6.718099,41.115773,33.499503,168.939871,150.467288,17,3.585790,3.132309
2026-01-01T23:19:00Z,98355.21,98364.67,98360.74,5.903985,41.380779,31.254472,170.117549,140.395724,18,3.119510,2.784474
2026-01-01T23:20:00Z,98363.80,98373.30,98366.37,5.953038,39.240978,35.690330,161.405044,160.335377,18,2.944235,3.008803
2026-01-01T23:21:00Z,98376.01,98385.54,98380.78,5.623667,40.851309,32.234975,168.116424,144.824588,17,2.719002,2.904664
2026-01-01T23:22:00Z,98363.97,98373.54,98369.14,5.987558,41.272748,36.543029,169.939556,164.193047,16,3.091617,2.895941
2026-01-01T23:23:00Z,98381.36,98390.96,98387.01,6.861855,41.760923,34.174685,172.039496,153.563884,17,3.122391,3.739464
2026-01-01T23:24:00Z,98376.70,98386.34,98382.25,6.468757,40.627108,31.100309,167.456114,139.759943,19,3.152667,3.316091
2026-01-01T23:25:00Z,98381.15,98390.82,98384.96,5.723772,43.509094,31.042440,179.428820,139.510335,19,2.479115,3.244656
2026-01-01T23:26:00Z,98385.77,98395.47,98391.84,6.538878,39.352259,34.515615,162.371171,155.130704,17,3.231705,3.307173
2026-01-01T23:27:00Z,98402.30,98412.04,98408.23,5.625778,39.639578,31.337771,163.642235,140.857820,19,2.542837,3.082941
2026-01-01T23:28:00Z,98420.89,98430.67,98424.01,7.429268,47.327739,34.374532,195.483132,154.518129,17,3.636269,3.792998
2026-01-01T23:29:00Z,98420.28,98430.10,98424.03,5.557697,42.970638,32.303197,177.579364,145.216854,16,2.648618,2.909078
2026-01-01T23:30:00Z,98404.66,98414.52,98411.19,6.537341,41.248672,30.765171,170.552407,138.311669,18,3.349813,3.187528
2026-01-01T23:31:00Z,98409.80,98419.69,98412.56,7.167461,43.185352,31.284719,178.653506,140.656176,17,3.478990,3.688471
2026-01-01T23:32:00Z,98404.62,98414.55,98408.27,5.738766,40.746796,33.118252,168.653650,148.908707,18,3.031554,2.707212
2026-01-01T23:33:00Z,98423.18,98433.14,98427.22,6.317516,39.511402,31.534817,163.625857,141.797382,19,3.335125,2.982391
2026-01-01T23:34:00Z,98444.26,98454.26,98451.07,7.491619,39.382528,30.582165,163.177503,137.521450,16,4.250163,3.241455
2026-01-01T23:35:00Z,98428.15,98438.18,98433.79,5.914201,39.665571,30.814525,164.436265,138.573787,18,2.857802,3.056400
2026-01-01T23:36:00Z,98435.39,98445.46,98440.03,5.734670,42.751362,33.902999,177.321355,152.470631,16,2.980377,2.754292
2026-01-01T23:37:00Z,98427.55,98437.66,98431.77,7.134710,40.420931,31.074719,167.743065,139.758058,20,4.141053,2.993656
2026-01-01T23:38:00Z,98447.14,98457.28,98453.55,5.630204,43.273446,30.831998,179.674683,138.673017,17,3.086860,2.543344
2026-01-01T23:39:00Z,98446.86,98457.04,98450.42,6.274006,40.887589,35.972675,169.857234,161.801584,16,3.157785,3.116221
2026-01-01T23:40:00Z,98451.01,98461.24,98457.11,5.875230,42.969873,33.664841,178.600929,151.427732,16,3.182726,2.692505
2026-01-01T23:41:00Z,98454.63,98464.89,98457.40,5.476687,40.962724,33.302596,170.347414,149.804491,17,2.790578,2.686109
2026-01-01T23:42:00Z,98461.16,98471.46,98466.07,6.569554,39.237053,34.533833,163.256371,155.349021,16,3.399401,3.170153
2026-01-01T23:43:00Z,98476.34,98486.68,98481.33,5.978246,39.428155,31.727610,164.137271,142.730624,16,3.393155,2.585091
2026-01-01T23:44:00Z,98491.14,98501.51,98495.29,5.411994,40.862610,30.968442,170.197745,139.320272,18,3.160917,2.251077
2026-01-01T23:45:00Z,98478.22,98488.64,98481.25,6.458980,39.129686,30.364019,163.065081,136.605580,17,3.330359,3.128620
2026-01-01T23:46:00Z,98482.16,98492.61,98486.81,8.013990,38.998677,30.932142,162.604039,139.165794,16,4.257304,3.756686
2026-01-01T23:47:00Z,98493.28,98503.78,98497.45,7.130226,38.907031,36.434468,162.306656,163.925805,17,4.009831,3.120396
2026-01-01T23:48:00Z,98484.07,98494.60,98487.14,5.403836,40.260132,31.089464,168.039029,139.881286,16,3.223295,2.180541
2026-01-01T23:49:00Z,98484.13,98494.70,98492.85,6.098173,39.065511,30.353213,163.138002,136.571981,18,3.194996,2.903178
2026-01-01T23:50:00Z,98483.41,98494.02,98487.75,5.390215,38.877616,31.373708,162.438077,141.166757,16,3.087649,2.302566
2026-01-01T23:51:00Z,98499.49,98510.14,98504.02,7.543444,42.901882,31.218099,179.345745,140.469413,15,4.061570,3.481873
2026-01-01T23:52:00Z,98514.72,98525.40,98518.63,6.489391,41.788588,34.245382,174.782869,154.093787,17,3.492491,2.996900
2026-01-01T23:53:00Z,98520.00,98530.73,98524.92,6.518879,43.867718,31.789507,183.574588,143.045366,16,3.584367,2.934512
2026-01-01T23:54:00Z,98527.85,98538.62,98533.11,5.758881,38.679156,31.137606,161.946203,140.113892,17,3.250846,2.508035
2026-01-01T23:55:00Z,98521.83,98532.64,98527.19,7.817838,38.375551,29.291009,160.758736,131.806056,16,3.972967,3.844870
2026-01-01T23:56:00Z,98526.74,98537.58,98529.91,5.851459,38.622678,31.779753,161.878218,143.006467,15,3.223856,2.627604
2026-01-01T23:57:00Z,98543.58,98554.47,98549.06,6.287610,38.624142,30.000630,161.968611,135.001550,17,3.316687,2.970922
2026-01-01T23:58:00Z,98538.74,98549.66,98545.77,7.237979,42.928449,29.999833,180.112176,134.998676,15,3.681980,3.555999
2026-01-01T23:59:00Z,98555.81,98566.77,98563.32,6.026791,39.999972,29.470865,167.912618,132.618750,15,3.578804,2.447986
2026-01-02T00:00:00Z,98544.96,98555.96,98549.06,7.698560,41.639194,29.404051,174.884613,132.318231,16,4.169906,3.528654
2026-01-02T00:01:00Z,98557.94,98568.97,98565.68,7.747109,38.275357,31.790082,160.840004,143.055220,15,4.676926,3.070183
2026-01-02T00:02:00Z,98559.05,98570.12,98563.95,7.093561,40.187487,31.593271,168.962794,142.169117,15,3.807676,3.285886
2026-01-02T00:03:00Z,98568.05,98579.17,98574.60,5.450423,39.562810,30.120812,166.422731,135.542365,17,3.243376,2.207047
2026-01-02T00:04:00Z,98559.26,98570.41,98563.91,6.009159,37.980727,30.123660,159.850482,135.554176,16,3.477720,2.531440
2026-01-02T00:05:00Z,98578.86,98590.06,98585.47,5.562954,41.424634,29.472042,174.435299,132.620683,16,3.079010,2.483944
2026-01-02T00:06:00Z,98589.85,98601.08,98593.71,7.054203,40.049275,31.810904,168.731140,143.143618,17,3.665799,3.388403
2026-01-02T00:07:00Z,98592.91,98604.18,98597.34,5.729438,38.618557,29.224134,162.787617,131.501787,15,2.951162,2.778276
2026-01-02T00:08:00Z,98575.08,98586.39,98582.03,6.250499,38.488220,32.165711,162.322132,144.735904,18,3.725474,2.525025
2026-01-02T00:09:00Z,98584.83,98596.18,98589.77,5.290993,38.584578,29.360056,162.812639,132.108936,17,3.175696,2.115296
2026-01-02T00:10:00Z,98608.23,98619.62,98614.14,5.683444,40.865837,30.161988,172.527786,135.714591,15,3.228165,2.455279
2026-01-02T00:11:00Z,98605.33,98616.76,98610.15,5.948470,38.577742,32.364765,162.951959,145.622806,16,3.124892,2.823578
2026-01-02T00:12:00Z,98610.38,98621.85,98617.26,5.593176,40.022191,31.634891,169.140502,142.335330,16,3.273942,2.319234
2026-01-02T00:13:00Z,98610.84,98622.35,98617.99,5.473285,43.571225,31.020793,184.234230,139.568623,15,3.036988,2.436297
2026-01-02T00:14:00Z,98610.21,98621.76,98617.68,5.346222,41.524701,29.418267,175.671256,132.354765,15,3.184107,2.162116
2026-01-02T00:15:00Z,98632.42,98644.01,98639.45,6.383073,38.255369,28.843038,161.923562,129.762795,16,3.883271,2.499802
2026-01-02T00:16:00Z,98632.77,98644.39,98639.04,6.175307,38.036229,32.758658,161.078799,147.374060,16,3.845066,2.330241
2026-01-02T00:17:00Z,98630.14,98641.80,98635.92,6.082239,39.626650,32.116276,167.900264,144.479087,16,3.191357,2.890882
2026-01-02T00:18:00Z,98623.85,98635.55,98629.02,6.301064,36.837709,29.599624,156.163504,133.152684,15,3.512388,2.788676
2026-01-02T00:19:00Z,98641.10,98652.84,98647.54,6.263687,38.290355,30.325079,162.404871,136.410780,17,3.339600,2.924087
2026-01-02T00:20:00Z,98640.35,98652.13,98645.14,6.602363,38.055638,29.478335,161.492063,132.596421,16,3.319490,3.282872
2026-01-02T00:21:00Z,98639.72,98651.53,98648.40,5.902203,40.740322,31.612694,172.973257,142.190816,15,3.423585,2.478618
2026-01-02T00:22:00Z,98633.43,98645.28,98639.20,6.712530,38.196968,28.503141,162.257772,128.198523,14,3.848977,2.863552
2026-01-02T00:23:00Z,98649.85,98661.74,98655.61,6.288089,42.620297,31.372207,181.140271,141.096008,15,3.686349,2.601740
2026-01-02T00:24:00Z,98657.45,98669.37,98664.87,6.470897,38.752501,30.172533,164.785872,135.693756,15,3.528868,2.942029
2026-01-02T00:25:00Z,98652.19,98664.15,98659.51,5.546580,36.981851,33.686547,157.336822,151.489353,16,3.240318,2.306263
2026-01-02T00:26:00Z,98662.84,98674.84,98669.75,5.200064,38.763138,28.006337,164.999237,125.938504,18,2.959380,2.240685
2026-01-02T00:27:00Z,98664.69,98676.73,98670.83,7.052641,38.311483,30.810695,163.159745,138.541344,15,4.037150,3.015491
2026-01-02T00:28:00Z,98682.85,98694.92,98687.95,6.135596,38.026181,28.643406,162.027073,128.788573,15,3.431190,2.704406
2026-01-02T00:29:00Z,98673.32,98685.43,98677.28,5.583362,37.574118,29.668420,160.182205,133.389288,16,3.441402,2.141961
2026-01-02T00:30:00Z,98679.52,98691.67,98686.65,6.186169,36.423801,31.331227,155.357095,140.856499,15,3.928033,2.258136
2026-01-02T00:31:00Z,98675.01,98687.20,98683.17,6.532168,36.273532,31.629895,154.794595,142.190070,15,3.910775,2.621393
2026-01-02T00:32:00Z,98701.20,98713.42,98706.43,5.305488,37.813308,29.392818,161.447192,132.124658,14,2.954158,2.351330
2026-01-02T00:33:00Z,98693.02,98705.28,98701.03,7.075006,38.966613,29.971776,166.455484,134.717909,16,4.131528,2.943479
2026-01-02T00:34:00Z,98696.34,98708.63,98701.87,7.127169,38.037505,28.649718,162.568672,128.766385,17,4.035964,3.091205
2026-01-02T00:35:00Z,98701.16,98713.49,98707.24,6.192858,41.132376,29.476070,175.884579,132.470787,16,3.790959,2.401900
2026-01-02T00:36:00Z,98702.95,98715.31,98710.51,5.574804,42.311177,28.836763,181.016408,129.587917,15,3.402957,2.171848
2026-01-02T00:37:00Z,98707.77,98720.16,98715.29,6.046565,37.944453,29.867842,162.416346,134.211092,16,3.849819,2.196746
2026-01-02T00:38:00Z,98702.28,98714.71,98708.40,5.570311,38.164334,33.512464,163.439671,150.576288,14,3.332425,2.237886
2026-01-02T00:39:00Z,98710.04,98722.50,98714.16,6.169630,36.270778,29.306546,155.408486,131.667807,16,3.820965,2.348665
2026-01-02T00:40:00Z,98729.63,98742.13,98737.68,5.402233,38.946019,31.265383,166.954732,140.456729,20,3.336837,2.065396
2026-01-02T00:41:00Z,98719.22,98731.75,98726.31,5.625443,41.156137,29.883609,176.517509,134.237778,15,3.523305,2.102138
2026-01-02T00:42:00Z,98723.66,98736.23,98732.66,7.050618,37.337241,28.812370,160.218498,129.414434,14,4.588780,2.461838
2026-01-02T00:43:00Z,98735.82,98748.42,98743.23,6.751453,38.866796,28.428669,166.865337,127.679557,18,4.210114,2.541339
2026-01-02T00:44:00Z,98735.50,98748.14,98741.68,5.177204,42.034433,31.862206,180.554894,143.087229,14,3.284938,1.892266
2026-01-02T00:45:00Z,98733.18,98745.85,98737.18,5.334655,36.696757,33.022051,157.705969,148.281976,14,3.354616,1.980039
2026-01-02T00:46:00Z,98734.33,98747.03,98741.14,5.232252,35.279078,29.511016,151.688885,132.503352,18,3.478237,1.754015
2026-01-02T00:47:00Z,98750.81,98763.54,98759.13,6.048549,37.416599,27.510137,160.959506,123.507386,14,3.574185,2.474364
2026-01-02T00:48:00Z,98742.72,98755.49,98748.01,5.348285,41.212583,33.743452,177.377139,151.476848,17,3.163579,2.184705
2026-01-02T00:49:00Z,98760.21,98773.01,98766.91,6.036655,35.467323,27.922481,152.725445,125.333281,16,3.517349,2.519306
2026-01-02T00:50:00Z,98755.35,98768.18,98761.64,5.786173,36.395030,27.504635,156.797789,123.444873,15,3.835822,1.950351
2026-01-02T00:51:00Z,98763.89,98776.75,98771.12,6.819918,40.000858,32.498444,172.417647,145.842330,14,4.375568,2.444349
2026-01-02T00:52:00Z,98770.89,98783.78,98775.71,5.468837,35.433176,28.663141,152.804704,128.616817,14,3.303232,2.165605
2026-01-02T00:53:00Z,98773.30,98786.22,98779.66,6.189024,39.011158,27.715647,168.317549,124.351507,16,3.730909,2.458115
2026-01-02T00:54:00Z,98771.85,98784.80,98779.28,5.130347,35.085560,29.461045,151.454634,132.167697,16,2.935312,2.195034
2026-01-02T00:55:00Z,98776.81,98789.79,98782.74,5.079799,34.599712,29.713584,149.430721,133.285361,17,3.386899,1.692900
2026-01-02T00:56:00Z,98782.14,98795.15,98788.43,5.324884,35.039694,30.734215,151.405148,137.847501,15,3.205836,2.119048
2026-01-02T00:57:00Z,98786.28,98799.32,98792.20,6.997701,37.485504,27.422536,162.052705,122.979528,18,4.438854,2.558847
2026-01-02T00:58:00Z,98781.80,98794.86,98789.36,7.527885,35.380073,27.515605,153.025538,123.382004,14,4.758140,2.769745
2026-01-02T00:59:00Z,98777.92,98791.01,98783.95,6.098478,36.299874,28.422085,157.080480,127.431069,16,3.913806,2.184672
2026-01-02T01:00:00Z,98785.96,98799.08,98791.39,5.437820,36.317524,28.187632,157.233433,126.364108,16,3.257524,2.180295
2026-01-02T01:01:00Z,98794.48,98807.63,98798.91,7.072627,34.632504,27.521519,150.011233,123.362284,15,4.353770,2.718857
2026-01-02T01:02:00Z,98790.04,98803.22,98794.42,6.586262,36.778159,31.276240,159.382537,140.174330,16,4.463950,2.122312
2026-01-02T01:03:00Z,98791.45,98804.66,98796.88,5.137308,39.831744,28.449136,172.699300,127.487056,14,3.348626,1.788682
2026-01-02T01:04:00Z,98799.78,98813.01,98808.63,5.915053,38.737925,27.870575,168.038096,124.877758,15,3.825219,2.089834
2026-01-02T01:05:00Z,98799.73,98812.99,98809.30,5.360233,35.657685,27.268924,154.751306,122.165458,16,3.513128,1.847105
2026-01-02T01:06:00Z,98801.25,98814.53,98808.74,5.128858,35.377490,28.021586,153.609334,125.520171,16,3.262470,1.866388
2026-01-02T01:07:00Z,98794.18,98807.48,98802.22,6.448298,38.083259,29.231287,165.437412,130.920671,14,4.203050,2.245248
2026-01-02T01:08:00Z,98808.68,98822.01,98814.05,7.251136,34.783586,27.543534,151.175928,123.344141,15,4.543892,2.707245
2026-01-02T01:09:00Z,98796.29,98809.64,98803.55,6.538309,34.319712,27.113373,149.231402,121.400399,15,4.353025,2.185284
2026-01-02T01:10:00Z,98811.95,98825.33,98819.47,5.157194,34.052312,33.585032,148.139576,150.355436,17,3.185675,1.971519
2026-01-02T01:11:00Z,98826.57,98839.97,98831.94,5.515750,33.565390,27.605039,146.091082,123.565619,16,3.435566,2.080184
2026-01-02T01:12:00Z,98809.26,98822.69,98816.00,6.051940,34.830068,30.021635,151.667826,134.362674,16,3.998635,2.053305
2026-01-02T01:13:00Z,98818.18,98831.63,98825.04,6.145970,36.130362,31.780313,157.404882,142.212120,17,3.862185,2.283785
2026-01-02T01:14:00Z,98825.08,98838.55,98831.73,6.166594,33.509545,29.647020,146.056455,132.645566,18,3.843411,2.323183
2026-01-02T01:15:00Z,98832.19,98845.68,98836.96,5.318993,33.552844,29.293545,146.314549,131.043649,16,3.393584,1.925409
2026-01-02T01:16:00Z,98822.85,98836.37,98830.66,5.618725,34.465265,31.607306,150.364509,141.371873,16,3.481839,2.136887
2026-01-02T01:17:00Z,98827.96,98841.49,98834.80,7.135620,34.709053,29.170468,151.499646,130.451633,16,4.576307,2.559313
2026-01-02T01:18:00Z,98826.95,98840.51,98832.28,7.378502,33.813641,27.921255,147.660906,124.844885,19,4.883692,2.494810
2026-01-02T01:19:00Z,98823.86,98837.44,98830.68,5.715592,40.471868,30.069586,176.819907,134.428729,14,3.614194,2.101398
2026-01-02T01:20:00Z,98841.15,98854.75,98848.27,6.037070,33.401879,29.900966,145.999948,133.652723,18,3.631680,2.405390
2026-01-02T01:21:00Z,98832.35,98845.97,98838.77,6.232562,34.562252,30.268853,151.142752,135.274398,16,4.470540,1.762023
2026-01-02T01:22:00Z,98830.57,98844.21,98836.59,5.394194,33.176069,30.583088,145.148740,136.655514,15,3.413916,1.980278
2026-01-02T01:23:00Z,98829.63,98843.28,98835.51,5.117275,37.114610,29.117646,162.456049,130.085052,19,3.428836,1.688439
2026-01-02T01:24:00Z,98842.06,98855.74,98848.36,7.238004,32.952874,27.655169,144.306699,123.529837,15,4.962849,2.275156
2026-01-02T01:25:00Z,98843.36,98857.05,98851.28,5.158493,35.316012,27.632779,154.727184,123.408101,16,3.600985,1.557508
2026-01-02T01:26:00Z,98850.70,98864.41,98858.08,5.628494,33.421593,31.748854,146.495218,141.765260,16,3.580685,2.047809
2026-01-02T01:27:00Z,98830.43,98844.16,98836.94,7.210424,34.023140,30.948400,149.200953,138.166183,16,4.525610,2.684813
2026-01-02T01:28:00Z,98839.97,98853.71,98847.39,6.716502,33.330009,27.301908,146.228859,121.864578,15,4.519985,2.196517
2026-01-02T01:29:00Z,98839.81,98853.56,98846.64,5.570988,32.734237,29.682444,143.681180,132.465926,15,3.455541,2.115447
2026-01-02T01:30:00Z,98848.89,98862.66,98854.12,5.387977,35.628844,28.809070,156.458427,128.544333,18,3.717690,1.670287
2026-01-02T01:31:00Z,98849.34,98863.13,98857.02,8.547209,33.436186,28.451825,146.897050,126.926451,18,5.891671,2.655539
2026-01-02T01:32:00Z,98854.58,98868.38,98860.70,5.333004,32.524648,28.385572,142.957717,126.606817,15,3.351507,1.981497
2026-01-02T01:33:00Z,98844.46,98858.28,98850.75,5.024690,34.789042,29.271708,152.980358,130.534126,17,3.268951,1.755739
2026-01-02T01:34:00Z,98847.85,98861.68,98856.17,7.466686,38.431222,32.387793,169.073341,144.401946,16,5.249025,2.217661
2026-01-02T01:35:00Z,98847.32,98861.16,98853.66,7.257376,33.218399,31.469374,146.206577,140.279637,17,4.715867,2.541509
2026-01-02T01:36:00Z,98845.23,98859.09,98851.68,5.187528,34.566041,29.383514,152.207009,130.955643,15,3.325470,1.862058
2026-01-02T01:37:00Z,98842.67,98856.53,98849.96,6.530556,33.390288,28.327492,147.096220,126.223934,20,4.330417,2.200139
2026-01-02T01:38:00Z,98854.67,98868.55,98861.43,6.405927,32.030740,29.457434,141.170575,131.232298,16,4.423460,1.982467
2026-01-02T01:39:00Z,98859.61,98873.50,98866.49,7.745248,32.416927,30.459800,142.936923,135.670129,15,5.115237,2.630011
2026-01-02T01:40:00Z,98867.79,98881.69,98875.26,5.073410,32.832548,31.574274,144.834520,140.605101,18,3.657242,1.416168
2026-01-02T01:41:00Z,98842.56,98856.46,98851.28,5.073834,35.302209,30.634738,155.798689,136.392824,17,3.392334,1.681500
2026-01-02T01:42:00Z,98857.70,98871.62,98864.33,7.549552,35.730927,28.207243,157.761175,125.558692,16,5.247701,2.301851
2026-01-02T01:43:00Z,98854.24,98868.16,98859.09,6.173923,32.911300,27.639916,145.376541,123.007276,18,4.213286,1.960637
2026-01-02T01:44:00Z,98835.64,98849.57,98841.63,5.622776,32.197199,28.648496,142.285396,127.468532,18,4.077137,1.545639
2026-01-02T01:45:00Z,98852.27,98866.21,98858.56,7.580459,38.633765,27.877531,170.805453,124.011425,19,4.786221,2.794238
2026-01-02T01:46:00Z,98845.68,98859.63,98854.02,5.273567,34.641575,27.326387,153.223114,121.533209,16,3.614647,1.658920
2026-01-02T01:47:00Z,98855.05,98869.01,98861.09,5.399897,33.746414,31.576500,149.329542,140.404574,16,3.799579,1.600318
2026-01-02T01:48:00Z,98858.83,98872.80,98865.73,5.234040,34.640912,28.473737,153.355154,126.580090,17,3.398226,1.835815
2026-01-02T01:49:00Z,98848.80,98862.77,98855.18,5.209398,32.900912,30.894552,145.716065,137.311100,18,3.631086,1.578312
2026-01-02T01:50:00Z,98871.90,98885.87,98878.43,5.278438,32.144159,27.585164,142.426729,122.574826,17,3.497830,1.780608
2026-01-02T01:51:00Z,98852.57,98866.55,98860.50,6.548156,31.272547,28.838489,138.625173,128.114810,16,4.325122,2.223034
2026-01-02T01:52:00Z,98870.23,98884.21,98877.87,5.372568,33.127604,29.609811,146.912172,131.511202,16,3.565842,1.806725
2026-01-02T01:53:00Z,98873.61,98887.59,98881.06,5.988083,35.042824,27.524308,155.473088,122.220185,16,3.895263,2.092820
2026-01-02T01:54:00Z,98851.36,98865.35,98859.81,6.703085,31.767782,28.795434,141.003823,127.834695,16,4.539473,2.163612
2026-01-02T01:55:00Z,98850.96,98864.95,98857.12,5.291940,32.998194,32.275746,146.528295,143.251490,16,3.424723,1.867218
2026-01-02T01:56:00Z,98860.71,98874.71,98869.58,7.359383,32.205405,27.671009,143.069447,122.784841,16,4.986825,2.372559
2026-01-02T01:57:00Z,98850.94,98864.94,98857.63,5.167305,31.535019,28.868375,140.151418,128.067270,18,3.635465,1.531841
2026-01-02T01:58:00Z,98850.02,98864.02,98856.39,6.261950,31.826980,31.530146,141.509493,139.841803,18,4.510988,1.750962
2026-01-02T01:59:00Z,98844.41,98858.41,98852.71,5.177961,36.151139,31.299089,160.804178,138.783272,17,3.689365,1.488597
2026-01-02T02:00:00Z,98852.49,98866.49,98860.80,5.218873,33.825242,30.263241,150.522328,134.157331,16,3.588302,1.630571
2026-01-02T02:01:00Z,98851.07,98865.07,98856.16,6.470268,33.058986,31.286721,147.174870,138.660174,16,4.560599,1.909669
2026-01-02T02:02:00Z,98847.76,98861.76,98857.92,6.592820,32.718825,32.011608,145.722093,141.837499,18,4.649035,1.943785
2026-01-02T02:03:00Z,98860.23,98874.23,98868.44,5.482245,36.116350,30.419694,160.921692,134.750217,18,3.743927,1.738318
2026-01-02T02:04:00Z,98871.60,98885.59,98877.95,6.164575,32.119429,31.306840,143.172968,138.644960,21,4.173349,1.991225
2026-01-02T02:05:00Z,98869.70,98883.69,98877.75,5.338085,32.230598,27.997512,143.728700,123.957750,16,3.327820,2.010265
2026-01-02T02:06:00Z,98855.79,98869.78,98862.79,5.905747,31.503410,27.937386,140.544567,123.659815,17,4.114182,1.791565
2026-01-02T02:07:00Z,98853.70,98867.69,98860.76,6.980126,33.119377,27.977729,147.815322,123.806377,17,4.562705,2.417421
2026-01-02T02:08:00Z,98837.44,98851.42,98844.78,6.002030,35.273468,28.995739,157.494613,128.277845,20,3.902048,2.099982
2026-01-02T02:09:00Z,98835.37,98849.35,98842.90,5.525835,31.225711,33.982310,139.479232,150.299130,16,3.658664,1.867171
2026-01-02T02:10:00Z,98852.89,98866.86,98858.05,6.243763,31.755620,27.907526,141.904743,123.398587,17,4.430558,1.813205
2026-01-02T02:11:00Z,98835.69,98849.66,98842.98,6.798816,33.185100,32.414663,148.353565,143.289649,17,4.418698,2.380118
2026-01-02T02:12:00Z,98834.91,98848.87,98840.55,6.672786,31.626517,28.498706,141.443890,125.945335,18,4.612556,2.060230
2026-01-02T02:13:00Z,98852.29,98866.24,98858.29,6.672245,34.320965,31.388256,153.557032,138.677807,18,4.603625,2.068620
2026-01-02T02:14:00Z,98862.46,98876.41,98870.12,5.832049,35.238292,29.000261,157.725487,128.092499,17,3.823593,2.008456
2026-01-02T02:15:00Z,98842.22,98856.16,98848.96,5.717001,32.633201,28.016631,146.124461,123.714013,19,3.647817,2.069184
2026-01-02T02:16:00Z,98833.15,98847.09,98839.56,6.541745,30.723331,28.186875,137.628125,124.431491,17,4.636880,1.904865
2026-01-02T02:17:00Z,98832.08,98846.01,98838.95,6.918465,32.678201,28.768186,146.444169,126.962489,19,4.474478,2.443987
2026-01-02T02:18:00Z,98830.29,98844.21,98837.43,6.341763,38.098751,30.801617,170.804439,135.898676,17,4.428138,1.913625
2026-01-02T02:19:00Z,98834.42,98848.32,98841.04,5.842622,31.511718,29.010339,141.330005,127.959484,19,4.320366,1.522256
2026-01-02T02:20:00Z,98839.45,98853.35,98844.54,5.603126,31.285318,30.838576,140.370596,135.985046,17,3.791971,1.811154
2026-01-02T02:21:00Z,98833.46,98847.35,98841.87,6.418782,31.331110,33.325525,140.631960,146.909602,17,4.538543,1.880239
2026-01-02T02:22:00Z,98826.56,98840.44,98833.29,5.393971,33.506645,30.368051,150.456611,133.833755,17,3.563448,1.830523
2026-01-02T02:23:00Z,98825.54,98839.41,98834.47,5.708998,33.663989,30.783283,151.222841,135.624586,17,3.953613,1.755385
2026-01-02T02:24:00Z,98822.46,98836.31,98828.40,5.763531,31.699215,30.716124,142.452867,135.289430,22,3.870717,1.892814
2026-01-02T02:25:00Z,98812.98,98826.82,98819.73,6.727885,30.754677,29.360082,138.262413,129.278968,18,4.595748,2.132137
2026-01-02T02:26:00Z,98836.05,98849.87,98842.70,6.151012,29.685468,32.665090,133.507762,143.789389,18,4.256856,1.894156
2026-01-02T02:27:00Z,98817.16,98830.97,98823.83,5.409614,33.054824,33.313927,148.719019,146.602165,19,3.640092,1.769521
2026-01-02T02:28:00Z,98825.65,98839.45,98831.42,5.880270,31.998468,34.123372,144.022143,150.119556,18,3.988023,1.892247
2026-01-02T02:29:00Z,98818.02,98831.81,98825.00,7.453247,29.631253,31.504381,133.419074,138.556301,19,5.247415,2.205831
2026-01-02T02:30:00Z,98817.28,98831.05,98822.00,5.613876,33.396099,29.378048,150.428743,129.165776,20,3.524298,2.089578
2026-01-02T02:31:00Z,98809.92,98823.68,98816.60,5.449543,29.770790,32.405911,134.150415,142.435153,18,3.748802,1.700741
2026-01-02T02:32:00Z,98820.67,98834.41,98827.37,5.370096,30.270031,29.526866,136.452177,129.741207,18,3.623755,1.746340
2026-01-02T02:33:00Z,98824.07,98837.79,98831.70,6.751662,34.563435,32.892458,155.865432,144.485334,19,4.453124,2.298538
2026-01-02T02:34:00Z,98817.09,98830.80,98824.04,6.085646,30.394312,29.627966,137.116564,130.105408,19,3.843099,2.242547
2026-01-02T02:35:00Z,98819.81,98833.50,98826.20,6.169726,33.338695,29.386101,150.456257,129.003287,21,4.264586,1.905141
2026-01-02T02:36:00Z,98798.95,98812.62,98805.35,6.277364,30.976316,30.367303,139.847543,133.269126,23,4.157464,2.119900
2026-01-02T02:37:00Z,98814.69,98828.35,98823.24,5.680439,38.141042,32.756588,172.258395,143.709581,19,3.995081,1.685358
2026-01-02T02:38:00Z,98822.92,98836.56,98830.23,6.685909,35.811218,31.431987,161.796486,137.854797,19,4.582749,2.103160
2026-01-02T02:39:00Z,98807.54,98821.16,98814.68,5.826281,30.744391,29.508482,138.956023,129.377604,19,4.488064,1.338217
2026-01-02T02:40:00Z,98804.84,98818.44,98813.47,5.514206,31.731949,32.274637,143.472638,141.460451,20,3.510244,2.003962
2026-01-02T02:41:00Z,98800.50,98814.08,98806.79,6.437807,33.901009,30.041554,153.336367,131.630559,21,4.614637,1.823170
2026-01-02T02:42:00Z,98788.89,98802.45,98797.08,7.264164,29.052987,30.337867,131.456746,132.886016,20,4.683081,2.581083
2026-01-02T02:43:00Z,98783.01,98796.55,98790.48,5.767468,30.600011,31.767102,138.507274,139.101228,19,4.117198,1.650270
2026-01-02T02:44:00Z,98796.73,98810.24,98805.89,6.728981,29.376235,31.645365,133.016457,138.522989,20,4.764925,1.964056
2026-01-02T02:45:00Z,98777.88,98791.38,98785.75,6.716730,29.657950,36.153756,134.340814,158.205942,21,4.548265,2.168466
2026-01-02T02:46:00Z,98781.25,98794.72,98788.83,6.678870,30.377699,29.282904,137.650771,128.097413,19,4.684752,1.994119
2026-01-02T02:47:00Z,98765.14,98778.59,98770.97,6.711678,30.308036,31.498128,137.384536,137.742216,21,4.246089,2.465589
2026-01-02T02:48:00Z,98782.90,98796.33,98789.07,7.965925,30.998261,30.710187,140.563638,134.251805,20,5.301777,2.664148
2026-01-02T02:49:00Z,98773.72,98787.12,98779.51,5.694596,31.059415,36.856749,140.891202,161.068012,23,3.538786,2.155811
2026-01-02T02:50:00Z,98770.84,98784.22,98777.53,6.341451,29.547934,36.664996,134.082471,160.176120,20,4.384707,1.956744
2026-01-02T02:51:00Z,98777.19,98790.54,98784.19,5.509620,34.639996,29.408675,157.244811,128.432426,20,3.424709,2.084912
2026-01-02T02:52:00Z,98777.50,98790.84,98784.73,5.625849,32.220901,31.523062,146.315087,137.619504,22,4.010640,1.615209
2026-01-02T02:53:00Z,98759.71,98773.02,98767.78,5.719674,33.093220,32.660300,150.328982,142.535606,19,3.718874,2.000801
2026-01-02T02:54:00Z,98766.10,98779.38,98771.56,5.824489,31.151567,30.584477,141.558243,133.430504,21,3.819662,2.004827
2026-01-02T02:55:00Z,98765.95,98779.21,98772.40,7.769722,30.071449,32.137912,136.697484,140.159285,19,5.124237,2.645485
2026-01-02T02:56:00Z,98750.91,98764.14,98759.86,5.777927,31.000909,35.227133,140.971340,153.578672,20,4.096275,1.681651
2026-01-02T02:57:00Z,98765.63,98778.83,98771.30,5.602833,33.474808,31.332069,152.273392,136.549886,19,3.912701,1.690132
2026-01-02T02:58:00Z,98752.27,98765.45,98757.32,7.249474,30.471197,30.106628,138.657801,131.163293,21,4.985153,2.264321
2026-01-02T02:59:00Z,98760.63,98773.78,98766.53,6.331726,30.734198,32.174047,139.902294,140.120959,20,4.219655,2.112070
2026-01-02T03:00:00Z,98744.38,98757.51,98751.33,5.658593,30.425964,32.873649,138.546250,143.117185,22,3.887802,1.770790
2026-01-02T03:01:00Z,98755.71,98768.80,98763.11,5.740984,28.701073,34.521953,130.736049,150.239796,20,4.070678,1.670306
2026-01-02T03:02:00Z,98744.92,98757.98,98747.28,6.989231,30.813694,33.060299,140.406455,143.827333,21,4.782172,2.207059
2026-01-02T03:03:00Z,98756.20,98769.24,98762.25,6.685605,30.155610,33.038162,137.453825,143.679505,21,4.309769,2.375836
2026-01-02T03:04:00Z,98748.45,98761.45,98757.33,8.524003,30.511215,30.280581,139.121069,131.639652,20,5.590447,2.933556
2026-01-02T03:05:00Z,98744.64,98757.62,98751.52,7.723128,34.742408,31.618498,158.466444,137.406294,20,4.994451,2.728677
2026-01-02T03:06:00Z,98748.53,98761.48,98753.67,6.836162,28.638886,31.298753,130.670277,135.967333,22,4.427005,2.409157
2026-01-02T03:07:00Z,98744.61,98757.53,98750.62,5.985560,31.798802,31.268763,145.135628,135.787466,20,4.059494,1.926066
2026-01-02T03:08:00Z,98729.95,98742.84,98733.86,6.070704,29.196699,30.290343,133.302691,131.490354,20,3.928610,2.142094
2026-01-02T03:09:00Z,98741.49,98754.34,98747.24,7.298583,29.084239,30.390641,132.832408,131.877158,20,5.204813,2.093770
2026-01-02T03:10:00Z,98718.06,98730.89,98723.47,6.346467,29.190949,33.203156,133.362896,144.028487,20,4.264533,2.081934
2026-01-02T03:11:00Z,98717.88,98730.68,98725.11,6.025138,31.852074,31.093168,145.567453,134.825677,22,3.890886,2.134252
2026-01-02T03:12:00Z,98722.36,98735.12,98727.66,6.243328,29.042824,31.536333,132.771374,136.696295,21,4.212844,2.030484
2026-01-02T03:13:00Z,98727.99,98740.72,98734.67,7.079139,29.129045,31.491208,133.207959,136.449540,22,4.588132,2.491007
2026-01-02T03:14:00Z,98726.57,98739.27,98731.50,6.475310,30.356931,35.457194,138.867107,153.576100,23,4.139501,2.335809
2026-01-02T03:15:00Z,98713.68,98726.35,98718.85,6.579380,35.511202,31.141647,162.496414,134.833144,21,4.575992,2.003388
2026-01-02T03:16:00Z,98706.28,98718.91,98714.98,5.765446,29.116082,38.212268,133.274637,165.383823,22,3.684046,2.081401
2026-01-02T03:17:00Z,98716.88,98729.48,98724.55,6.235301,29.894489,30.925479,136.880364,133.795370,22,4.588284,1.647017
2026-01-02T03:18:00Z,98714.17,98726.74,98720.99,6.702571,29.616057,32.501329,135.647550,140.559280,24,4.165357,2.537214
2026-01-02T03:19:00Z,98702.76,98715.29,98709.40,7.796639,29.681063,34.045392,135.987240,147.180342,21,5.420958,2.375681
2026-01-02T03:20:00Z,98706.98,98719.48,98713.87,7.011575,29.543430,31.306220,135.398195,135.286506,22,4.697628,2.313946
2026-01-02T03:21:00Z,98685.24,98697.71,98692.50,7.135380,32.425281,31.337365,148.651138,135.368625,23,5.152639,1.982741
2026-01-02T03:22:00Z,98700.20,98712.64,98704.31,6.167960,29.112822,31.433462,133.505936,135.730920,25,3.703722,2.464238
2026-01-02T03:23:00Z,98698.73,98711.12,98704.34,6.810982,30.744369,32.292793,141.030458,139.387083,20,4.257740,2.553242
2026-01-02T03:24:00Z,98680.41,98692.77,98687.64,8.454724,32.377157,36.051009,148.564948,155.547855,23,5.277877,3.176847
2026-01-02T03:25:00Z,98687.72,98700.04,98695.82,6.093505,28.857125,33.837708,132.452537,145.940740,21,4.280165,1.813340
2026-01-02T03:26:00Z,98681.38,98693.67,98689.52,6.580747,30.026554,37.018114,137.861042,159.594616,23,4.357150,2.223597
2026-01-02T03:27:00Z,98684.98,98697.24,98691.84,6.445967,28.643535,34.491660,131.549976,148.643427,22,4.417414,2.028553
2026-01-02T03:28:00Z,98685.43,98697.65,98691.47,6.887738,29.907989,31.996585,137.397463,137.835874,23,4.705161,2.182578
2026-01-02T03:29:00Z,98691.51,98703.69,98697.19,6.305576,32.664763,36.259389,150.105848,156.136867,22,4.001650,2.303926
2026-01-02T03:30:00Z,98681.85,98693.99,98688.35,5.926562,31.080741,32.333420,142.868119,139.175350,22,3.895118,2.031444
2026-01-02T03:31:00Z,98680.08,98692.19,98685.88,6.701866,32.581419,33.646420,149.809399,144.768668,22,4.445414,2.256452
2026-01-02T03:32:00Z,98673.52,98685.59,98681.09,6.014956,29.125729,32.517650,133.958484,139.855403,21,3.922927,2.092029
2026-01-02T03:33:00Z,98659.73,98671.77,98664.79,8.126767,29.439702,32.788394,135.441085,140.962627,23,5.131784,2.994983
2026-01-02T03:34:00Z,98661.18,98673.18,98667.45,6.874623,30.213075,31.587790,139.038409,135.745730,24,4.415822,2.458801
2026-01-02T03:35:00Z,98666.06,98678.02,98672.98,6.827749,31.514500,32.730890,145.068249,140.600604,23,4.567800,2.259949
2026-01-02T03:36:00Z,98673.90,98685.83,98679.08,7.280020,28.712620,33.280731,132.207504,142.903887,21,4.964421,2.315600
2026-01-02T03:37:00Z,98650.17,98662.06,98654.48,6.091383,35.441514,34.994060,163.236065,150.198875,23,3.713782,2.377601
2026-01-02T03:38:00Z,98663.51,98675.37,98667.93,6.723374,31.553434,39.092050,145.368494,167.718633,25,4.727020,1.996354
2026-01-02T03:39:00Z,98643.58,98655.39,98649.51,8.086477,33.897341,33.740036,156.209822,144.696596,23,5.292563,2.793915
2026-01-02T03:40:00Z,98656.86,98668.63,98660.94,7.605195,31.106395,33.898384,143.387292,145.315195,23,4.743696,2.861499
2026-01-02T03:41:00Z,98641.86,98653.59,98647.49,6.166691,28.279447,32.513181,130.391538,139.318929,21,3.952288,2.214403
2026-01-02T03:42:00Z,98655.12,98666.82,98662.27,6.123882,30.378988,36.340930,140.109809,155.655584,23,3.853728,2.270154
2026-01-02T03:43:00Z,98655.04,98666.70,98661.07,7.645751,29.168083,33.396345,134.560969,142.983192,24,5.271193,2.374558
2026-01-02T03:44:00Z,98650.87,98662.49,98655.84,6.217692,31.471261,32.866248,145.224724,140.654279,22,3.687622,2.530070
2026-01-02T03:45:00Z,98638.47,98650.05,98645.33,6.415816,28.668178,34.702327,132.324706,148.449100,22,4.224221,2.191594
2026-01-02T03:46:00Z,98640.83,98652.38,98647.06,6.901988,29.306828,34.897930,135.307954,149.222448,22,4.330891,2.571097
2026-01-02T03:47:00Z,98639.62,98651.13,98645.99,7.146349,28.211914,35.289433,130.286656,150.832211,25,4.670624,2.475725
2026-01-02T03:48:00Z,98635.39,98646.86,98641.54,6.477913,29.249122,35.428914,135.111502,151.363640,24,4.150267,2.327646
2026-01-02T03:49:00Z,98657.10,98668.53,98662.72,6.771493,32.117142,32.761046,148.397880,139.905627,22,4.193168,2.578325
2026-01-02T03:50:00Z,98639.68,98651.07,98644.28,7.443052,30.741857,32.590923,142.079510,139.119236,27,4.779105,2.663947
2026-01-02T03:51:00Z,98641.98,98653.33,98647.51,6.233199,29.809168,34.794745,137.803728,148.462470,22,3.762751,2.470449
2026-01-02T03:52:00Z,98650.86,98662.17,98655.72,8.339859,39.553449,36.380985,182.896102,155.163431,23,4.948421,3.391438
2026-01-02T03:53:00Z,98640.78,98652.06,98645.34,7.086943,29.664878,34.843990,137.205287,148.543657,23,4.414575,2.672368
2026-01-02T03:54:00Z,98637.31,98648.54,98643.66,6.811572,31.917350,32.868551,147.659876,140.061088,22,4.460727,2.350845
2026-01-02T03:55:00Z,98629.18,98640.37,98635.58,8.526363,29.602188,33.742577,136.982819,143.722680,23,5.145285,3.381078
2026-01-02T03:56:00Z,98639.38,98650.54,98647.55,8.190034,29.866678,33.955386,138.240417,144.565702,23,5.191554,2.998480
2026-01-02T03:57:00Z,98626.55,98637.67,98632.88,7.474982,30.093958,34.244161,139.326093,145.731046,23,4.972317,2.502666
2026-01-02T03:58:00Z,98621.82,98632.90,98629.33,7.522255,29.423794,33.823244,136.256132,143.876275,26,5.145551,2.376703
2026-01-02T03:59:00Z,98625.29,98636.33,98629.60,7.433887,34.509363,33.691450,159.844531,143.252239,23,4.614189,2.819698
2026-01-02T04:00:00Z,98645.25,98656.25,98652.79,7.353382,28.768072,34.721919,133.282841,147.568157,24,5.008240,2.345142
2026-01-02T04:01:00Z,98623.10,98634.06,98627.16,7.361776,29.453680,34.114345,136.491283,144.921431,23,4.803283,2.558493
2026-01-02T04:02:00Z,98618.67,98629.59,98623.14,7.783172,28.873943,34.460353,133.835861,146.325956,24,4.441279,3.341893
2026-01-02T04:03:00Z,98617.53,98628.41,98623.10,6.978195,29.359831,33.996967,136.119459,144.293689,24,4.265201,2.712994
2026-01-02T04:04:00Z,98606.93,98617.77,98613.83,7.049246,32.247959,37.239208,149.543778,157.983794,23,4.477844,2.571402
2026-01-02T04:05:00Z,98638.65,98649.46,98643.31,7.651347,28.326739,35.049098,131.389710,148.625501,26,4.494789,3.156557
2026-01-02T04:06:00Z,98608.23,98619.00,98614.48,8.860010,29.636825,34.224762,137.497339,145.064369,25,6.015811,2.844199
2026-01-02T04:07:00Z,98619.32,98630.04,98624.94,7.133094,28.757190,35.292340,133.446168,149.521640,23,4.424078,2.709015
2026-01-02T04:08:00Z,98612.15,98622.84,98618.96,7.522431,32.279976,36.551546,149.826662,154.786138,23,4.322721,3.199709
2026-01-02T04:09:00Z,98611.78,98622.42,98617.48,8.071997,29.238767,38.746282,135.740796,164.005542,24,4.902265,3.169732
2026-01-02T04:10:00Z,98621.48,98632.09,98626.26,7.173468,31.566527,37.980532,146.579340,160.690857,24,4.465523,2.707945
2026-01-02T04:11:00Z,98610.69,98621.26,98615.41,7.424411,31.191730,37.041362,144.870256,156.645586,23,4.512638,2.911773
2026-01-02T04:12:00Z,98617.58,98628.11,98622.70,6.672434,30.797904,35.610196,143.071764,150.524131,25,4.249737,2.422697
2026-01-02T04:13:00Z,98628.43,98638.92,98633.20,7.699437,30.764670,36.581370,142.947717,154.558088,24,4.660948,3.038490
2026-01-02T04:14:00Z,98596.95,98607.40,98603.96,7.300590,30.195736,38.854597,140.333691,164.086807,23,4.502334,2.798255
2026-01-02T04:15:00Z,98612.95,98623.37,98617.13,7.816488,33.741989,34.907291,156.847487,147.348715,25,5.100657,2.715831
2026-01-02T04:16:00Z,98607.27,98617.65,98613.15,7.934569,29.424536,36.274996,136.806351,153.050942,24,4.705556,3.229012
2026-01-02T04:17:00Z,98620.32,98630.66,98623.72,8.115015,32.316806,35.645471,150.284428,150.324886,23,4.741068,3.373947
2026-01-02T04:18:00Z,98614.14,98624.44,98618.51,9.397413,34.672201,40.497801,161.270554,170.708579,24,5.465369,3.932044
2026-01-02T04:19:00Z,98606.70,98616.97,98611.17,6.710958,28.550715,38.124486,132.824422,160.629303,23,4.016853,2.694105
2026-01-02T04:20:00Z,98602.47,98612.69,98610.20,8.896666,29.665068,37.814597,138.036129,159.248958,26,5.571656,3.325010
2026-01-02T04:21:00Z,98620.68,98630.86,98625.98,8.777282,29.547643,38.633853,137.516844,162.622630,24,5.173562,3.603720
2026-01-02T04:22:00Z,98604.66,98614.81,98610.26,6.856060,29.146362,35.684071,135.675750,150.135256,24,4.239566,2.616494
2026-01-02T04:23:00Z,98605.94,98616.05,98610.80,9.516552,31.003734,39.019490,144.349698,164.090979,24,5.900600,3.615952
2026-01-02T04:24:00Z,98612.33,98622.40,98617.41,6.862045,31.097145,35.948127,144.812335,151.103219,24,3.903091,2.958953
2026-01-02T04:25:00Z,98602.52,98612.55,98608.99,8.064417,35.211930,35.525563,164.005047,149.256154,24,4.790969,3.273448
2026-01-02T04:26:00Z,98604.68,98614.68,98610.52,7.854341,29.634291,38.607694,138.052234,162.128166,23,4.719381,3.134960
2026-01-02T04:27:00Z,98610.34,98620.30,98616.69,7.986784,28.957587,36.156572,134.924852,151.762580,24,4.308950,3.677834
2026-01-02T04:28:00Z,98619.03,98628.95,98623.96,7.635414,32.011167,38.829784,149.180119,162.905139,24,4.710936,2.924478
2026-01-02T04:29:00Z,98590.64,98600.52,98594.01,7.532909,29.186466,37.269925,136.041051,156.286042,24,4.272183,3.260727
2026-01-02T04:30:00Z,98608.24,98618.10,98614.66,8.737069,28.958433,39.321940,135.002473,164.811688,25,5.210844,3.526225
2026-01-02T04:31:00Z,98617.11,98626.93,98622.09,8.154582,33.008597,38.184272,153.911506,159.966297,26,4.554656,3.599926
2026-01-02T04:32:00Z,98606.09,98615.87,98609.43,7.376016,29.701132,38.076596,138.513957,159.438256,25,3.786470,3.589545
2026-01-02T04:33:00Z,98616.30,98626.05,98619.30,7.928405,32.692531,38.552354,152.491196,161.352348,26,4.508140,3.420265
2026-01-02T04:34:00Z,98601.66,98611.37,98607.95,7.830267,32.021350,38.212438,149.386284,159.852206,25,4.224155,3.606112
2026-01-02T04:35:00Z,98621.22,98630.90,98627.04,8.065282,30.618117,39.127266,142.864255,163.599667,28,4.571451,3.493831
2026-01-02T04:36:00Z,98612.15,98621.79,98615.14,8.358049,30.116204,40.785797,140.546007,170.451348,24,5.409101,2.948948
2026-01-02T04:37:00Z,98621.04,98630.64,98626.48,8.677289,30.202749,37.853181,140.973375,158.118245,24,4.820209,3.857080
2026-01-02T04:38:00Z,98617.04,98626.61,98621.66,7.208858,31.479946,35.845229,146.958967,149.657546,24,3.487441,3.721417
2026-01-02T04:39:00Z,98625.79,98635.33,98631.10,8.862283,31.385959,37.074195,146.544045,154.712787,25,4.993817,3.868466
2026-01-02T04:40:00Z,98618.41,98627.91,98620.95,7.555361,32.449605,36.627811,151.534669,152.774968,25,4.028100,3.527261
2026-01-02T04:41:00Z,98607.96,98617.43,98612.97,7.386438,30.552723,38.817871,142.699183,161.830087,24,3.886358,3.500080
2026-01-02T04:42:00Z,98616.66,98626.09,98622.50,7.086047,33.617462,39.615866,157.037949,165.075487,27,3.789517,3.296530
2026-01-02T04:43:00Z,98606.17,98615.57,98611.94,7.195224,33.185412,38.205202,155.043722,159.118756,26,4.252041,2.943183
2026-01-02T04:44:00Z,98602.65,98612.01,98606.55,8.115985,31.190944,39.147748,145.747772,162.963624,24,4.522754,3.593231
2026-01-02T04:45:00Z,98621.80,98631.13,98627.38,7.809964,32.300561,36.407642,150.955545,151.481992,24,4.763350,3.046614
2026-01-02T04:46:00Z,98620.17,98629.47,98624.54,9.090512,31.013118,36.967869,144.960333,153.736516,25,5.272797,3.817715
2026-01-02T04:47:00Z,98616.40,98625.66,98622.38,6.990029,30.615021,37.982071,143.120618,157.875590,26,3.978065,3.011964
2026-01-02T04:48:00Z,98603.66,98612.90,98608.36,7.895431,33.750870,36.051459,157.803148,149.776093,24,4.457745,3.437686
2026-01-02T04:49:00Z,98621.06,98630.26,98625.67,7.260235,32.769415,37.946751,153.236269,157.571308,27,3.771398,3.488837
2026-01-02T04:50:00Z,98613.39,98622.57,98617.44,7.942368,34.053936,40.986200,159.265438,170.107193,26,4.060534,3.881834
2026-01-02T04:51:00Z,98620.28,98629.43,98623.91,10.318368,34.002547,40.796214,159.047254,169.233742,24,5.483231,4.835137
2026-01-02T04:52:00Z,98629.67,98638.78,98633.80,8.941709,34.079260,38.411833,159.427972,159.262599,28,5.289367,3.652341
2026-01-02T04:53:00Z,98623.87,98632.96,98627.78,7.222776,33.077597,36.372438,154.762985,150.730952,27,3.931360,3.291416
2026-01-02T04:54:00Z,98620.01,98629.06,98626.63,8.607062,33.942535,44.466799,158.831034,184.181822,26,4.650452,3.956610
2026-01-02T04:55:00Z,98619.22,98628.24,98622.13,7.441108,32.968580,36.373183,154.293774,150.581868,26,4.175957,3.265150
2026-01-02T04:56:00Z,98632.98,98641.98,98637.26,8.544138,30.781720,37.508921,144.077868,155.205116,25,4.886808,3.657330
2026-01-02T04:57:00Z,98626.33,98635.29,98630.62,7.532534,34.421717,37.988297,161.135893,157.108970,24,3.813527,3.719007
2026-01-02T04:58:00Z,98629.00,98637.93,98632.05,7.959593,30.069807,40.029175,140.781280,165.465366,28,4.487438,3.472155
2026-01-02T04:59:00Z,98635.52,98644.43,98639.46,8.116647,31.513618,37.070800,147.559163,153.158589,28,4.183281,3.933366
2026-01-02T05:00:00Z,98622.36,98631.24,98626.33,7.229446,32.987302,37.518892,154.478313,154.930871,24,3.639001,3.590445
2026-01-02T05:01:00Z,98638.78,98647.63,98644.91,7.423551,30.272625,38.870075,141.782533,160.428499,27,3.929633,3.493919
2026-01-02T05:02:00Z,98626.40,98635.22,98629.55,7.529224,32.899613,37.610622,154.104218,155.150961,25,3.886034,3.643190
2026-01-02T05:03:00Z,98641.23,98650.02,98647.17,7.738116,33.989580,39.252607,159.228113,161.841506,26,4.069897,3.668219
2026-01-02T05:04:00Z,98645.27,98654.04,98650.53,8.158464,36.108953,38.675418,169.175782,159.379887,25,4.221216,3.937248
2026-01-02T05:05:00Z,98642.27,98651.01,98645.91,7.746059,32.886881,41.039905,154.097107,169.036923,27,4.092946,3.653113
2026-01-02T05:06:00Z,98642.41,98651.12,98646.73,9.933677,31.311101,40.636858,146.729609,167.290673,27,5.539891,4.393786
2026-01-02T05:07:00Z,98663.76,98672.45,98667.98,7.296571,33.502413,39.067982,157.015411,160.749124,24,3.895131,3.401440
2026-01-02T05:08:00Z,98660.30,98668.97,98662.22,7.919904,32.269917,40.373916,151.255072,166.036742,27,4.247638,3.672266
2026-01-02T05:09:00Z,98662.90,98671.55,98668.67,8.151709,32.074627,42.935324,150.355302,176.479156,28,4.056924,4.094785
2026-01-02T05:10:00Z,98653.40,98662.02,98658.35,7.443744,31.351091,43.922178,146.978553,180.441961,24,4.173142,3.270602
2026-01-02T05:11:00Z,98648.38,98656.98,98653.06,8.303812,32.037415,40.368278,150.211123,165.755734,24,4.565181,3.738631
2026-01-02T05:12:00Z,98662.92,98671.49,98666.34,10.636407,33.958033,40.533540,159.231721,166.347859,28,6.204333,4.432074
2026-01-02T05:13:00Z,98652.95,98661.50,98656.18,8.202676,32.110288,39.603883,150.581924,162.448034,26,4.472611,3.730066
2026-01-02T05:14:00Z,98660.34,98668.87,98666.91,7.837352,35.849327,42.031438,168.131995,172.315613,26,3.731727,4.105624
2026-01-02T05:15:00Z,98654.50,98663.00,98660.40,8.401888,35.096528,37.808740,164.616497,154.923020,24,4.243512,4.158377
2026-01-02T05:16:00Z,98659.35,98667.83,98664.97,8.721521,33.081497,38.100892,155.179136,156.038565,25,4.233517,4.488004
2026-01-02T05:17:00Z,98672.39,98680.85,98675.84,7.674994,31.948009,37.836362,149.875304,154.874143,26,3.858049,3.816945
2026-01-02T05:18:00Z,98671.58,98680.02,98675.89,8.958482,39.644259,38.054416,185.996095,155.685097,25,4.298013,4.660469
2026-01-02T05:19:00Z,98656.45,98664.87,98660.18,8.841498,32.312153,41.164552,151.609280,168.320690,29,4.678819,4.162679
2026-01-02T05:20:00Z,98680.41,98688.81,98683.69,8.706508,31.161912,38.100397,146.224276,155.709618,27,4.350766,4.355742
2026-01-02T05:21:00Z,98679.45,98687.83,98684.04,7.563249,31.278251,41.154082,146.781891,168.101041,26,3.425784,4.137465
2026-01-02T05:22:00Z,98680.21,98688.57,98685.47,8.317368,35.333644,41.241921,165.825839,168.371123,28,4.703089,3.614279
2026-01-02T05:23:00Z,98671.27,98679.61,98676.19,7.861926,37.867185,38.250871,177.729563,156.077754,25,4.288299,3.573628
2026-01-02T05:24:00Z,98684.85,98693.18,98690.86,7.621622,36.664787,41.858097,172.098797,170.706411,24,3.855534,3.766087
2026-01-02T05:25:00Z,98663.76,98672.07,98670.24,7.713745,32.822772,38.125877,154.076023,155.403427,27,4.182752,3.530994
2026-01-02T05:26:00Z,98686.57,98694.86,98692.58,8.473291,33.852693,39.129481,158.921735,159.409778,25,3.773126,4.700165
2026-01-02T05:27:00Z,98684.85,98693.13,98690.46,8.913327,34.015485,39.304545,159.696775,160.038137,24,4.842660,4.070667
2026-01-02T05:28:00Z,98688.13,98696.39,98694.91,8.139005,33.871165,41.445142,159.029661,168.664594,26,3.762025,4.376980
2026-01-02T05:29:00Z,98701.16,98709.41,98703.53,8.143633,36.293741,42.102013,170.414828,171.246799,24,4.371699,3.771935
2026-01-02T05:30:00Z,98691.04,98699.26,98695.21,8.945604,36.034684,40.592249,169.208873,165.018171,28,4.394747,4.550857
2026-01-02T05:31:00Z,98695.22,98703.44,98698.33,7.837139,35.643051,41.692929,167.379854,169.402519,25,3.804348,4.032790
2026-01-02T05:32:00Z,98715.78,98723.98,98717.84,8.955304,38.690014,39.338808,181.698870,159.752329,25,5.004898,3.950406
2026-01-02T05:33:00Z,98704.46,98712.65,98708.87,9.893184,32.446441,40.050311,152.385822,162.554949,25,5.293261,4.599924
2026-01-02T05:34:00Z,98699.86,98708.03,98703.05,8.666124,33.510611,38.195747,157.392166,154.944928,26,4.804613,3.861511
2026-01-02T05:35:00Z,98703.73,98711.89,98708.08,8.687802,35.777514,44.200057,168.047993,179.206188,28,3.950038,4.737764
2026-01-02T05:36:00Z,98718.04,98726.18,98721.56,8.210398,32.933191,38.340565,154.695790,155.366102,27,3.861393,4.349005
2026-01-02T05:37:00Z,98716.91,98725.05,98721.31,8.419639,32.684659,38.913410,153.535669,157.602970,25,3.832167,4.587473
2026-01-02T05:38:00Z,98717.01,98725.13,98722.60,8.336734,32.185046,39.350701,151.195629,159.288602,24,4.089903,4.246831
2026-01-02T05:39:00Z,98711.87,98719.98,98714.23,8.080905,33.159620,39.368741,155.780663,159.276115,26,4.364563,3.716343
2026-01-02T05:40:00Z,98726.71,98734.81,98731.32,8.871559,36.799197,39.748070,172.886212,160.724418,26,4.413413,4.458146
2026-01-02T05:41:00Z,98728.65,98736.74,98731.58,8.867022,38.108432,41.967459,179.044189,169.607462,26,4.392371,4.474651
2026-01-02T05:42:00Z,98723.45,98731.53,98726.68,8.743404,36.733989,40.343496,172.593129,162.956643,25,4.142715,4.600689
2026-01-02T05:43:00Z,98725.37,98733.44,98730.78,7.878561,35.006847,38.918712,164.484048,157.116951,25,3.658965,4.219596
2026-01-02T05:44:00Z,98739.88,98747.95,98745.32,9.228849,32.337933,38.720861,151.948899,156.233959,28,4.921466,4.307383
2026-01-02T05:45:00Z,98736.80,98744.86,98741.07,8.434426,34.443089,38.887113,161.845644,156.820121,27,4.060979,4.373447
2026-01-02T05:46:00Z,98725.80,98733.86,98731.21,9.543877,33.905435,38.697234,159.323927,155.970141,27,4.206096,5.337781
2026-01-02T05:47:00Z,98732.44,98740.49,98735.56,8.567756,32.821060,40.395664,154.232587,162.727726,25,4.228151,4.339605
2026-01-02T05:48:00Z,98744.88,98752.92,98749.70,8.677724,36.048944,41.478096,169.405333,166.997782,27,3.840727,4.836996
2026-01-02T05:49:00Z,98740.65,98748.68,98744.78,9.082825,33.507355,39.556024,157.465273,159.173006,24,4.061695,5.021130
2026-01-02T05:50:00Z,98745.42,98753.45,98748.57,8.902169,33.338482,39.243360,156.675002,157.829327,27,4.051199,4.850970
2026-01-02T05:51:00Z,98762.00,98770.02,98766.69,8.869172,37.042080,40.108966,174.083499,161.223200,25,4.065505,4.803667
2026-01-02T05:52:00Z,98745.90,98753.91,98751.12,8.187639,33.455370,42.785832,157.230049,171.889928,27,3.625761,4.561878
2026-01-02T05:53:00Z,98765.68,98773.69,98770.10,9.080017,37.572649,43.615347,176.582690,175.127361,27,4.260759,4.819258
2026-01-02T05:54:00Z,98752.86,98760.87,98759.52,9.412682,36.065428,38.853876,169.501334,155.924040,26,4.592621,4.820061
2026-01-02T05:55:00Z,98759.85,98767.85,98766.33,8.066451,35.461431,44.543028,166.664505,178.657963,27,3.819155,4.247296
2026-01-02T05:56:00Z,98767.24,98775.24,98771.92,8.478933,38.004151,43.480986,178.616617,174.303368,27,3.476529,5.002405
2026-01-02T05:57:00Z,98761.15,98769.16,98763.23,8.253719,39.046688,41.072781,183.517761,164.559939,24,3.836125,4.417594
2026-01-02T05:58:00Z,98776.22,98784.22,98781.28,9.605956,36.328367,47.074993,170.742633,188.505372,24,4.519999,5.085957
2026-01-02T05:59:00Z,98778.54,98786.54,98781.54,10.400746,35.168018,41.261321,165.289515,165.135301,26,4.593889,5.806857
2026-01-02T06:00:00Z,98777.10,98785.10,98780.42,8.859193,33.788956,40.787658,158.808093,163.150630,25,3.983917,4.875277
2026-01-02T06:01:00Z,98766.02,98774.03,98771.53,8.681563,40.457099,40.055222,190.148172,160.133503,25,4.367906,4.313657
2026-01-02T06:02:00Z,98767.22,98775.22,98770.16,10.521052,34.059243,39.655399,160.077794,158.448570,24,4.823659,5.697393
2026-01-02T06:03:00Z,98792.77,98800.77,98799.09,11.084119,36.004217,39.374982,169.218275,157.242225,24,4.424643,6.659477
2026-01-02T06:04:00Z,98783.20,98791.21,98784.25,9.463529,34.015762,41.178664,159.871492,164.355322,25,4.187405,5.276124
2026-01-02T06:05:00Z,98785.34,98793.35,98790.53,10.108456,40.185278,39.632976,188.866026,158.099609,24,4.671008,5.437448
2026-01-02T06:06:00Z,98775.95,98783.96,98780.14,8.914164,36.695059,39.581233,172.460488,157.806876,24,3.801619,5.112546
2026-01-02T06:07:00Z,98796.94,98804.95,98800.95,10.113479,35.191986,39.312635,165.394129,156.650264,24,4.445903,5.667576
2026-01-02T06:08:00Z,98809.77,98817.79,98813.54,8.121792,38.178382,39.417061,179.426767,156.980427,23,3.145996,4.975796
2026-01-02T06:09:00Z,98802.83,98810.85,98805.93,9.746405,36.991919,43.017651,173.847760,171.226171,25,4.677536,5.068870
2026-01-02T06:10:00Z,98797.89,98805.92,98802.54,9.913818,34.992627,39.546856,164.448695,157.324920,24,3.956923,5.956895
2026-01-02T06:11:00Z,98824.24,98832.27,98828.72,8.381970,35.400883,38.947479,166.363767,154.855600,24,3.418578,4.963392
2026-01-02T06:12:00Z,98814.67,98822.70,98816.58,8.516286,35.230668,40.534532,165.559997,161.077421,23,3.551115,4.965172
2026-01-02T06:13:00Z,98798.70,98806.74,98802.83,8.285264,36.902548,41.919477,173.412299,166.489644,27,3.581504,4.703760
2026-01-02T06:14:00Z,98820.70,98828.75,98826.18,9.092032,37.876641,40.106088,177.984888,159.200144,24,4.210775,4.881257
2026-01-02T06:15:00Z,98819.55,98827.61,98823.34,8.950205,40.361253,42.932275,189.654681,170.325146,23,3.691753,5.258453
2026-01-02T06:16:00Z,98833.75,98841.81,98837.83,8.235111,35.497467,42.275826,166.794860,167.628796,23,3.677346,4.557764
2026-01-02T06:17:00Z,98820.45,98828.52,98825.69,11.578846,35.363932,43.308939,166.161860,171.630976,24,4.748842,6.830003
2026-01-02T06:18:00Z,98826.50,98834.59,98830.21,8.271216,36.136842,41.259426,169.787461,163.419115,23,3.552538,4.718678
2026-01-02T06:19:00Z,98834.97,98843.06,98840.92,8.546586,35.436615,41.387083,166.491236,163.834736,23,3.484978,5.061608
2026-01-02T06:20:00Z,98834.33,98842.43,98838.34,9.301280,36.603858,39.654813,171.968487,156.891180,25,3.619209,5.682071
2026-01-02T06:21:00Z,98840.24,98848.35,98845.22,9.998432,36.779242,39.418127,172.785293,155.869098,25,4.079476,5.918955
2026-01-02T06:22:00Z,98834.50,98842.63,98838.11,9.280842,38.749712,39.475669,182.034448,156.010889,23,3.809799,5.471043
2026-01-02T06:23:00Z,98833.84,98841.97,98838.09,10.170885,38.059479,41.079515,178.783801,162.260222,26,4.244538,5.926347
2026-01-02T06:24:00Z,98845.73,98853.88,98849.21,9.043852,35.664211,40.736209,167.524103,160.815790,25,3.921841,5.122011
2026-01-02T06:25:00Z,98834.11,98842.27,98838.12,9.668273,39.145561,49.337293,183.867804,194.663574,26,3.973137,5.695137
2026-01-02T06:26:00Z,98847.71,98855.89,98853.35,9.387272,35.573268,44.138418,167.080025,174.055365,23,3.538136,5.849136
2026-01-02T06:27:00Z,98838.93,98847.11,98844.39,8.550831,38.040280,42.886291,178.657479,169.024793,24,3.323153,5.227678
2026-01-02T06:28:00Z,98846.78,98854.98,98851.01,9.000050,35.237378,39.401289,165.484349,155.204250,24,4.042177,4.957873
2026-01-02T06:29:00Z,98851.34,98859.56,98855.92,10.047974,35.565172,40.223059,167.014137,158.354184,24,4.431410,5.616565
2026-01-02T06:30:00Z,98849.20,98857.43,98853.76,8.482210,36.683757,42.637565,172.256742,167.767600,23,3.259079,5.223131
2026-01-02T06:31:00Z,98852.08,98860.32,98856.40,9.733880,36.819416,39.575070,172.883100,155.631913,23,3.613897,6.119983
2026-01-02T06:32:00Z,98859.76,98868.02,98863.81,8.806025,38.263557,39.537208,179.652531,155.397573,22,3.401743,5.404282
2026-01-02T06:33:00Z,98864.77,98873.04,98871.02,9.137673,35.893166,40.646803,168.512157,159.670954,22,3.678731,5.458942
2026-01-02T06:34:00Z,98852.85,98861.14,98855.61,8.945353,37.098059,39.858111,174.157132,156.486743,22,3.717965,5.227389
2026-01-02T06:35:00Z,98848.82,98857.13,98853.76,9.272843,38.329602,40.014067,179.926082,157.012729,23,3.667943,5.604900
2026-01-02T06:36:00Z,98866.92,98875.24,98872.16,8.666895,41.607676,44.190556,195.299945,173.305761,26,3.212994,5.453901
2026-01-02T06:37:00Z,98864.65,98872.99,98867.28,8.957801,37.346785,40.885988,175.287067,160.257891,23,3.692516,5.265286
2026-01-02T06:38:00Z,98854.65,98863.01,98856.36,8.647009,41.095712,42.358568,192.868047,165.938681,25,3.443617,5.203391
2026-01-02T06:39:00Z,98871.47,98879.86,98877.15,8.619225,36.501655,39.849771,171.294163,156.024813,25,3.626045,4.993181
2026-01-02T06:40:00Z,98861.80,98870.20,98866.10,10.796286,38.940412,39.889864,182.724139,156.096056,25,4.187978,6.608308
2026-01-02T06:41:00Z,98860.48,98868.90,98864.58,9.122536,35.828826,43.220750,168.109580,169.037573,22,3.479354,5.643182
2026-01-02T06:42:00Z,98869.21,98877.65,98875.50,9.144998,38.404116,43.037808,180.177804,168.229724,22,3.520453,5.624544
2026-01-02T06:43:00Z,98876.87,98885.33,98878.83,8.990354,37.096840,39.835239,174.029632,155.625842,25,2.945365,6.044989
2026-01-02T06:44:00Z,98878.17,98886.66,98880.39,9.222756,41.108217,43.860412,192.830985,171.257166,25,3.463299,5.759457
2026-01-02T06:45:00Z,98888.02,98896.53,98893.24,8.567630,38.917093,43.090892,182.536447,168.160261,22,3.344709,5.222921
2026-01-02T06:46:00Z,98890.59,98899.12,98895.52,9.085429,38.743178,43.140317,181.704045,168.260871,22,3.243421,5.842008
2026-01-02T06:47:00Z,98876.74,98885.29,98881.80,9.123698,37.797724,39.445236,177.253288,153.764595,22,3.913950,5.209747
2026-01-02T06:48:00Z,98899.55,98908.12,98906.10,10.250458,37.075746,40.828240,173.850909,159.068627,24,3.631106,6.619352
2026-01-02T06:49:00Z,98898.88,98907.47,98901.50,9.064802,38.840609,43.965032,182.108682,171.195927,23,3.230209,5.834593
2026-01-02T06:50:00Z,98894.92,98903.54,98899.45,9.976146,36.936859,39.222901,173.165462,152.646910,22,3.857501,6.118646
2026-01-02T06:51:00Z,98885.73,98894.37,98890.48,8.735566,38.354730,39.692348,179.794364,154.389394,23,3.561397,5.174169
2026-01-02T06:52:00Z,98891.82,98900.48,98892.80,9.220014,39.862435,42.386299,186.842609,164.777774,23,3.475891,5.744124
2026-01-02T06:53:00Z,98889.71,98898.40,98893.27,9.514986,37.712444,41.869480,176.746520,162.679669,23,4.013680,5.501306
2026-01-02T06:54:00Z,98906.83,98915.55,98913.01,8.646630,39.504573,44.308098,185.125735,172.060631,23,3.035002,5.611629
2026-01-02T06:55:00Z,98899.77,98908.51,98904.20,8.944564,40.019516,43.798577,187.518285,169.989158,21,3.531624,5.412939
2026-01-02T06:56:00Z,98888.82,98897.59,98893.20,8.671204,37.207788,43.278270,174.323988,167.878100,24,3.668135,5.003069
2026-01-02T06:57:00Z,98897.52,98906.31,98901.40,10.046506,37.660532,42.637894,176.425109,165.303848,23,3.829627,6.216879
2026-01-02T06:58:00Z,98910.37,98919.19,98914.87,9.623477,37.769755,39.649399,176.916323,153.633886,22,3.700693,5.922784
2026-01-02T06:59:00Z,98908.53,98917.38,98914.74,9.636528,38.521731,38.892090,180.417414,150.617361,21,3.917496,5.719032
2026-01-02T07:00:00Z,98903.06,98911.94,98909.13,9.179019,38.317369,38.914090,179.438820,150.620507,22,3.368437,5.810582
2026-01-02T07:01:00Z,98902.51,98911.42,98905.52,9.700209,37.211529,39.539364,174.239030,152.957414,23,3.536912,6.163297
2026-01-02T07:02:00Z,98905.86,98914.79,98908.38,9.219163,39.041059,40.954939,182.783026,158.347389,22,2.957910,6.261254
2026-01-02T07:03:00Z,98891.77,98900.73,98898.00,10.110177,39.694611,41.462814,185.819509,160.223913,21,3.765910,6.344267
2026-01-02T07:04:00Z,98907.41,98916.40,98911.27,9.702026,38.876109,40.456714,181.964713,156.251165,21,3.567755,6.134271
2026-01-02T07:05:00Z,98911.61,98920.63,98915.75,10.559514,37.239192,45.414546,174.280346,175.304028,22,3.912868,6.646646
2026-01-02T07:06:00Z,98893.36,98902.41,98898.09,9.183319,37.587089,38.694167,175.885393,149.281800,23,3.424338,5.758981
2026-01-02T07:07:00Z,98904.69,98913.78,98909.63,8.769439,40.435447,38.618667,189.188788,148.909791,22,3.178237,5.591202
2026-01-02T07:08:00Z,98902.33,98911.44,98903.73,9.643952,43.560926,38.745138,203.784650,149.316562,21,3.000559,6.643393
2026-01-02T07:09:00Z,98897.74,98906.89,98901.97,10.426337,38.491644,39.710901,180.045049,152.955638,20,3.820375,6.605962
2026-01-02T07:10:00Z,98887.93,98897.11,98893.29,11.364390,40.262374,43.638118,188.301424,167.991354,21,4.419101,6.945289
2026-01-02T07:11:00Z,98901.94,98911.15,98908.66,10.625985,37.905364,41.793353,177.252986,160.802763,21,3.930375,6.695609
2026-01-02T07:12:00Z,98915.69,98924.92,98919.04,8.769182,37.854172,39.251408,176.988251,150.940957,20,3.033143,5.736039
2026-01-02T07:13:00Z,98901.35,98910.62,98905.01,9.440489,39.302278,38.877409,183.732235,149.422136,22,3.420688,6.019801
2026-01-02T07:14:00Z,98923.70,98933.00,98928.57,10.428524,40.842270,38.846724,190.903380,149.223775,24,4.043033,6.385491
2026-01-02T07:15:00Z,98901.48,98910.81,98905.95,10.532828,39.607303,43.510806,185.103346,167.050178,21,3.672551,6.860278
2026-01-02T07:16:00Z,98909.18,98918.55,98913.86,10.942882,39.323767,39.642080,183.750499,152.115221,21,3.377406,7.565477
2026-01-02T07:17:00Z,98894.49,98903.89,98899.15,9.752214,39.297686,41.772783,183.600537,160.205083,21,3.573806,6.178408
2026-01-02T07:18:00Z,98894.59,98904.02,98901.23,8.997072,41.596774,41.644891,194.311875,159.628887,22,2.987277,6.009796
2026-01-02T07:19:00Z,98912.30,98921.77,98914.55,11.255784,40.716551,43.886988,190.170233,168.132880,20,3.744998,7.510786
2026-01-02T07:20:00Z,98902.59,98912.09,98906.20,9.282602,39.455642,42.137438,184.251786,161.343825,20,3.233956,6.048647
2026-01-02T07:21:00Z,98900.76,98910.29,98904.04,9.248491,41.590182,43.852242,194.188538,167.819963,21,2.689571,6.558920
2026-01-02T07:22:00Z,98910.13,98919.70,98914.84,9.724989,43.768502,45.615244,204.326080,174.473579,22,3.356318,6.368670
2026-01-02T07:23:00Z,98895.46,98905.07,98900.88,10.967202,44.665261,44.439652,208.478124,169.886324,22,4.168446,6.798756
2026-01-02T07:24:00Z,98895.53,98905.16,98899.93,9.631262,40.241826,38.466123,187.800157,146.971979,20,2.670959,6.960303
2026-01-02T07:25:00Z,98892.22,98901.89,98897.40,10.170726,42.987931,43.180124,200.581854,164.895435,21,4.021457,6.149269
2026-01-02T07:26:00Z,98889.13,98898.84,98893.65,9.040247,40.834131,41.475837,190.499745,158.302875,21,2.729143,6.311103
2026-01-02T07:27:00Z,98910.25,98919.99,98912.85,9.483922,43.472246,38.096609,202.772152,145.327946,20,3.140972,6.342950
2026-01-02T07:28:00Z,98898.65,98908.43,98903.53,9.122668,38.875221,42.700278,181.298168,162.803211,20,3.316249,5.806419
2026-01-02T07:29:00Z,98910.05,98919.86,98914.41,8.983116,39.725546,38.306393,185.231092,145.973241,19,3.013992,5.969124
2026-01-02T07:30:00Z,98906.37,98916.23,98913.29,9.674597,39.225041,39.882036,182.864779,151.897048,20,3.586605,6.087992
2026-01-02T07:31:00Z,98906.42,98916.31,98911.02,9.813222,41.923476,39.680756,195.409536,151.050533,20,3.467627,6.345595
2026-01-02T07:32:00Z,98888.21,98898.14,98893.41,10.205947,38.876369,42.478348,181.173694,161.614584,19,3.726854,6.479093
2026-01-02T07:33:00Z,98900.60,98910.56,98906.37,9.768241,39.971204,41.739654,186.241654,158.720380,20,3.275692,6.492549
2026-01-02T07:34:00Z,98884.51,98894.50,98892.19,9.151204,39.275930,40.662730,182.968101,154.543807,19,3.400807,5.750397
2026-01-02T07:35:00Z,98891.00,98901.04,98895.52,9.009882,41.400210,39.349042,192.827927,149.472320,19,2.615801,6.394081
2026-01-02T07:36:00Z,98894.88,98904.95,98898.99,9.195027,43.358262,39.043616,201.909570,148.234229,19,2.919741,6.275286
2026-01-02T07:37:00Z,98889.28,98899.39,98894.18,8.976252,39.915078,44.618867,185.839854,169.312564,21,3.403129,5.573123
2026-01-02T07:38:00Z,98883.56,98893.71,98889.14,10.694454,43.014182,38.226738,200.230184,144.980768,19,3.028812,7.665642
2026-01-02T07:39:00Z,98889.04,98899.22,98892.47,9.846046,39.122402,39.371123,182.078459,149.242939,23,3.331017,6.515029
2026-01-02T07:40:00Z,98887.93,98898.16,98894.13,9.435633,40.384850,37.929567,187.916922,143.703404,19,3.250677,6.184955
2026-01-02T07:41:00Z,98888.37,98898.63,98893.86,11.050584,40.550974,38.089541,188.652362,144.234261,21,3.365677,7.684906
2026-01-02T07:42:00Z,98880.29,98890.59,98887.04,9.395978,40.342714,38.710883,187.645769,146.510800,19,2.716105,6.679873
2026-01-02T07:43:00Z,98883.29,98893.63,98889.77,10.423890,41.445136,38.578137,192.734352,145.932502,21,3.331673,7.092216
2026-01-02T07:44:00Z,98883.11,98893.49,98888.06,10.739180,39.894467,39.842924,185.485214,150.638700,19,3.461512,7.277668
2026-01-02T07:45:00Z,98883.03,98893.44,98887.01,9.362801,41.541452,38.303600,193.102796,144.743776,20,3.188215,6.174586
2026-01-02T07:46:00Z,98865.63,98876.08,98872.48,10.964108,40.129129,41.374747,186.498809,156.268327,20,3.767020,7.197088
2026-01-02T07:47:00Z,98873.39,98883.88,98874.67,10.269428,43.774805,39.485454,203.399170,149.055644,19,3.562205,6.707223
2026-01-02T07:48:00Z,98879.87,98890.40,98886.32,9.743697,40.251582,37.417628,186.988857,141.176889,18,3.305602,6.438095
2026-01-02T07:49:00Z,98873.58,98884.15,98880.91,9.713667,39.347127,37.444441,182.748071,141.205346,20,3.477675,6.235993
2026-01-02T07:50:00Z,98875.95,98886.56,98880.79,11.031894,40.877191,40.577533,189.813456,152.941820,20,3.693083,7.338811
2026-01-02T07:51:00Z,98872.21,98882.86,98878.54,9.635728,39.629691,38.742677,183.980597,145.951130,19,2.893662,6.742067
2026-01-02T07:52:00Z,98875.39,98886.07,98881.80,9.235718,39.847280,39.175489,184.950107,147.506067,18,2.210157,7.025562
2026-01-02T07:53:00Z,98864.17,98874.89,98869.58,11.245321,39.216443,38.112268,181.981760,143.429430,19,3.864057,7.381264
2026-01-02T07:54:00Z,98849.72,98860.48,98856.15,9.006964,45.275405,40.187437,210.051100,151.161852,18,2.648441,6.358523
2026-01-02T07:55:00Z,98869.14,98879.94,98875.94,10.435358,40.777641,43.057268,189.141515,161.874040,19,3.716238,6.719120
2026-01-02T07:56:00Z,98851.79,98862.63,98855.54,9.851143,44.249821,37.612081,205.200130,141.330976,20,3.092060,6.759083
2026-01-02T07:57:00Z,98858.44,98869.33,98864.37,9.166133,41.073366,39.116302,190.426313,146.908682,18,2.887284,6.278850
2026-01-02T07:58:00Z,98848.24,98859.16,98854.57,9.900129,42.791633,38.032243,198.346827,142.764986,22,3.098285,6.801845
2026-01-02T07:59:00Z,98858.89,98869.85,98865.79,9.423764,41.058314,41.069278,190.268310,154.087486,20,3.436710,5.987054
2026-01-02T08:00:00Z,98860.01,98871.01,98864.72,9.801188,39.593126,39.479496,183.435455,148.048110,20,3.054242,6.746946
2026-01-02T08:01:00Z,98848.28,98859.32,98852.04,9.152803,39.699514,39.145937,183.884881,146.723397,17,3.183768,5.969035
2026-01-02T08:02:00Z,98838.32,98849.40,98843.77,11.146157,40.515859,38.586345,187.621429,144.553354,20,3.325945,7.820212
2026-01-02T08:03:00Z,98856.62,98867.74,98860.90,9.113654,42.196321,40.909833,195.356444,153.180874,17,3.234252,5.879402
2026-01-02T08:04:00Z,98843.30,98854.46,98848.45,9.104072,42.071565,39.089962,194.731760,146.293439,19,2.842792,6.261280
2026-01-02T08:05:00Z,98835.32,98846.52,98841.41,10.493765,42.522447,39.499450,196.770751,147.752171,19,3.836667,6.657098
2026-01-02T08:06:00Z,98838.29,98849.53,98846.03,9.352165,42.310918,36.539671,195.743848,136.612723,18,2.819804,6.532362
2026-01-02T08:07:00Z,98840.79,98852.07,98846.22,10.526712,41.323006,37.808828,191.126181,141.287547,18,3.352142,7.174570
2026-01-02T08:08:00Z,98843.05,98854.36,98848.23,9.083059,46.034901,39.314249,212.866487,146.840307,17,3.163810,5.919249
2026-01-02T08:09:00Z,98821.94,98833.30,98829.27,9.079345,39.874314,37.214912,184.333528,138.930440,17,3.270097,5.809248
2026-01-02T08:10:00Z,98802.51,98813.90,98809.76,10.117308,40.579268,37.433832,187.545030,139.678735,18,3.138411,6.978898
2026-01-02T08:11:00Z,98826.71,98838.14,98832.56,9.372133,41.876583,36.902057,193.491570,137.626694,18,2.827119,6.545013
2026-01-02T08:12:00Z,98820.64,98832.11,98823.59,9.307014,42.083217,38.856303,194.396487,144.843882,18,3.270141,6.036873
2026-01-02T08:13:00Z,98814.14,98825.65,98819.18,9.674520,42.527731,38.726478,196.399145,144.289178,18,3.196090,6.478430
2026-01-02T08:14:00Z,98809.49,98821.04,98816.84,9.366352,40.542912,37.055740,187.184310,137.996745,18,2.774495,6.591857
2026-01-02T08:15:00Z,98821.60,98833.18,98827.77,9.715993,43.836171,38.651940,202.336140,143.870826,20,2.633065,7.082927
2026-01-02T08:16:00Z,98810.44,98822.07,98816.12,9.532811,41.465046,37.675181,191.341232,140.166877,17,3.170546,6.362265
2026-01-02T08:17:00Z,98802.11,98813.77,98808.34,9.748237,41.151896,39.560227,189.845830,147.108564,18,3.259348,6.488889
2026-01-02T08:18:00Z,98791.18,98802.88,98796.31,9.123943,42.084132,40.421690,194.094670,150.239213,17,3.299340,5.824604
2026-01-02T08:19:00Z,98798.88,98810.62,98803.46,10.099311,40.611215,41.908701,187.251145,155.690893,18,3.493460,6.605851
2026-01-02T08:20:00Z,98776.77,98788.54,98782.77,10.045290,39.809383,37.868965,183.504377,140.615487,17,2.799935,7.245354
2026-01-02T08:21:00Z,98778.16,98789.98,98782.71,10.339394,43.598895,39.331268,200.917693,145.975148,19,3.025298,7.314096
2026-01-02T08:22:00Z,98785.85,98797.70,98792.82,9.750798,41.918632,38.330936,193.121561,142.194299,17,3.067543,6.683254
2026-01-02T08:23:00Z,98775.19,98787.08,98784.03,9.426567,44.972860,37.138585,207.135415,137.705238,16,3.454008,5.972559
2026-01-02T08:24:00Z,98771.34,98783.27,98778.04,10.022355,46.329247,37.439434,213.323411,138.754564,18,3.100951,6.921404
2026-01-02T08:25:00Z,98776.69,98788.65,98782.83,10.136349,42.738319,40.564111,196.733984,150.263469,18,3.237334,6.899015
2026-01-02T08:26:00Z,98763.19,98775.20,98767.86,9.856057,40.243729,35.468004,185.198762,131.323428,20,3.433121,6.422936
2026-01-02T08:27:00Z,98762.73,98774.77,98769.22,9.266040,45.994566,38.646910,211.603837,143.025943,16,2.881367,6.384673
2026-01-02T08:28:00Z,98756.16,98768.23,98762.50,9.610142,40.985055,36.640676,188.503292,135.537250,17,3.255265,6.354877
2026-01-02T08:29:00Z,98767.82,98779.94,98773.94,9.523261,41.495273,42.479853,190.795305,157.063014,19,3.182254,6.341007
2026-01-02T08:30:00Z,98759.76,98771.91,98765.56,11.732917,41.267097,35.856082,189.691500,132.510429,17,3.960190,7.772728
2026-01-02T08:31:00Z,98746.43,98758.62,98752.42,9.433271,40.594947,36.489393,186.547778,134.787853,19,3.331215,6.102057
2026-01-02T08:32:00Z,98734.42,98746.65,98741.03,9.112364,40.866882,40.930745,187.742677,151.123237,17,3.105387,6.006977
2026-01-02T08:33:00Z,98744.64,98756.89,98750.92,10.428123,41.457439,35.546997,190.399857,131.184522,18,3.389013,7.039109
2026-01-02T08:34:00Z,98744.38,98756.67,98750.75,10.603452,43.333784,35.336596,198.958581,130.347611,19,3.608083,6.995369
2026-01-02T08:35:00Z,98741.98,98754.31,98748.42,9.509718,39.991150,35.983929,183.557068,132.674121,16,3.456695,6.053022
2026-01-02T08:36:00Z,98731.99,98744.35,98738.20,11.076512,42.667399,37.756901,195.782475,139.147011,16,3.406139,7.670373
2026-01-02T08:37:00Z,98726.18,98738.57,98729.22,9.472320,43.736462,37.689325,200.627740,138.834183,17,2.946876,6.525443
2026-01-02T08:38:00Z,98724.28,98736.71,98728.41,10.204431,40.047872,35.381424,183.652022,130.273019,16,2.915891,7.288540
2026-01-02T08:39:00Z,98715.25,98727.72,98720.51,9.662059,42.466020,36.156308,194.682109,133.065356,16,3.480305,6.181754
2026-01-02T08:40:00Z,98711.52,98724.02,98718.55,9.054836,41.673413,38.189910,190.990179,140.485639,16,2.554225,6.500611
2026-01-02T08:41:00Z,98725.18,98737.72,98731.97,10.916285,40.009713,35.059742,183.309151,128.912498,16,3.287178,7.629107
2026-01-02T08:42:00Z,98709.61,98722.17,98717.22,10.323121,41.340116,37.483847,189.346121,137.763483,15,2.696848,7.626273
2026-01-02T08:43:00Z,98706.23,98718.83,98715.41,9.905270,40.275387,35.347460,184.412236,129.853140,19,2.784821,7.120448
2026-01-02T08:44:00Z,98692.55,98705.19,98699.14,9.708220,41.623597,37.742492,190.525973,138.589317,17,2.906722,6.801498
2026-01-02T08:45:00Z,98695.48,98708.14,98704.12,9.951176,42.355499,40.630519,193.815370,149.127296,17,3.245749,6.705428
2026-01-02T08:46:00Z,98704.65,98717.35,98714.36,10.124660,40.665589,34.928959,186.023838,128.143521,18,3.260285,6.864376
2026-01-02T08:47:00Z,98697.52,98710.25,98705.14,9.156375,41.772104,35.859368,191.025029,131.498425,16,2.667624,6.488750
2026-01-02T08:48:00Z,98693.04,98705.80,98699.89,9.890808,40.398473,39.178771,184.684546,143.607227,17,2.696470,7.194338
2026-01-02T08:49:00Z,98682.87,98695.67,98689.05,10.504344,42.665433,35.232907,194.985682,129.086909,20,3.740050,6.764294
2026-01-02T08:50:00Z,98671.01,98683.83,98676.28,9.126751,45.187018,36.438056,206.443160,133.443628,17,3.338567,5.788184
2026-01-02T08:51:00Z,98675.79,98688.64,98681.93,9.177787,41.324139,37.576388,188.734006,137.552110,17,3.622089,5.555698
2026-01-02T08:52:00Z,98654.27,98667.16,98661.87,9.833710,46.665183,34.967139,213.058145,127.944790,17,3.172237,6.661473
2026-01-02T08:53:00Z,98663.10,98676.02,98670.18,9.686415,48.276826,35.469106,220.344390,129.725010,16,3.160859,6.525556
2026-01-02T08:54:00Z,98667.21,98680.16,98673.02,10.119394,42.437064,39.536553,193.627049,144.538629,16,3.633022,6.486372
2026-01-02T08:55:00Z,98652.70,98665.68,98660.12,9.204336,41.035029,36.145753,187.168237,132.085382,19,2.791175,6.413161
2026-01-02T08:56:00Z,98645.52,98658.53,98650.71,10.072283,42.401517,35.414509,193.336921,129.357543,18,2.899605,7.172678
2026-01-02T08:57:00Z,98633.27,98646.31,98639.86,11.145956,42.323464,34.487974,192.916739,125.919207,16,3.749037,7.396919
2026-01-02T08:58:00Z,98666.38,98679.44,98672.25,10.462653,42.153139,35.205686,192.076055,128.484749,16,3.500014,6.962639
2026-01-02T08:59:00Z,98628.78,98641.87,98635.82,9.634832,40.731546,34.553583,185.535969,126.051216,17,3.068385,6.566448
2026-01-02T09:00:00Z,98626.33,98639.45,98632.58,8.990602,41.019670,35.167269,186.785259,128.235567,17,2.895081,6.095521
2026-01-02T09:01:00Z,98637.25,98650.40,98644.25,9.121329,45.001016,35.478711,204.844957,129.316614,16,3.524835,5.596495
2026-01-02T09:02:00Z,98630.36,98643.53,98638.11,11.698603,41.412446,35.779803,188.445457,130.359231,16,4.038294,7.660308
2026-01-02T09:03:00Z,98614.59,98627.80,98622.80,9.334520,40.850594,37.199944,185.825074,135.476580,18,3.381045,5.953475
2026-01-02T09:04:00Z,98619.19,98632.42,98626.44,9.459787,40.522004,33.238556,184.266890,120.999317,16,3.223631,6.236156
2026-01-02T09:05:00Z,98611.57,98624.83,98616.79,9.262560,41.440607,37.114771,188.378909,135.053899,19,3.464909,5.797652
2026-01-02T09:06:00Z,98608.88,98622.16,98615.52,9.189769,40.174428,35.213760,182.559723,128.083461,15,3.304523,5.885246
2026-01-02T09:07:00Z,98590.38,98603.69,98596.02,10.124621,40.276862,33.683799,182.961330,122.468047,19,3.518740,6.605882
2026-01-02T09:08:00Z,98579.28,98592.61,98584.09,10.575208,41.567602,40.248798,188.758447,146.277138,17,3.581486,6.993723
2026-01-02T09:09:00Z,98611.83,98625.19,98619.82,9.900702,41.048971,34.958406,186.337715,126.998252,16,3.053602,6.847100
2026-01-02T09:10:00Z,98601.60,98614.98,98608.96,8.997158,41.110575,36.356756,186.551368,132.024517,17,2.961482,6.035676
2026-01-02T09:11:00Z,98579.81,98593.21,98588.91,9.353389,40.858751,35.326689,185.342787,128.232027,16,2.751200,6.602189
2026-01-02T09:12:00Z,98576.56,98589.99,98583.22,9.213561,41.855094,35.206905,189.794659,127.745707,16,3.153220,6.060340
2026-01-02T09:13:00Z,98578.40,98591.85,98584.69,9.663659,43.287780,34.488827,196.220944,125.089988,15,3.374362,6.289296
2026-01-02T09:14:00Z,98577.74,98591.21,98584.87,9.516866,42.056423,34.021627,190.570690,123.346161,15,3.634329,5.882538
2026-01-02T09:15:00Z,98561.05,98574.54,98567.53,10.122151,43.305473,33.797538,196.159626,122.484985,16,3.709720,6.412431
2026-01-02T09:16:00Z,98550.61,98564.12,98555.82,9.198474,40.099421,32.793066,181.571362,118.797644,16,3.258346,5.940128
2026-01-02T09:17:00Z,98565.30,98578.84,98574.47,9.313643,44.107792,32.399532,199.648622,117.325753,14,3.325603,5.988041
2026-01-02T09:18:00Z,98548.40,98561.95,98556.36,9.133596,46.622102,34.577206,210.952143,125.162468,15,2.759420,6.374176
2026-01-02T09:19:00Z,98557.63,98571.21,98565.82,9.627876,41.216687,39.503174,186.425632,142.937642,14,3.231998,6.395878
2026-01-02T09:20:00Z,98542.33,98555.93,98549.86,9.514216,41.130936,38.130976,185.969159,137.918893,14,3.391716,6.122500
2026-01-02T09:21:00Z,98534.07,98547.69,98542.55,9.884947,42.836095,35.570152,193.607135,128.606699,17,3.618130,6.266817
2026-01-02T09:22:00Z,98544.64,98558.28,98550.31,10.202500,42.769674,32.684543,193.235061,118.128073,14,3.645104,6.557396
2026-01-02T09:23:00Z,98545.21,98558.87,98550.93,10.464725,46.923773,38.071102,211.924307,137.543419,17,3.567861,6.896864
2026-01-02T09:24:00Z,98525.87,98539.55,98531.59,11.506231,42.707869,32.639146,192.811516,117.873895,16,4.063142,7.443089
2026-01-02T09:25:00Z,98520.41,98534.10,98525.21,9.292682,43.062471,34.167685,194.339284,123.347318,16,3.262443,6.030240
2026-01-02T09:26:00Z,98528.70,98542.41,98534.19,10.791286,41.631546,32.102680,187.810615,115.848811,17,4.097136,6.694150
2026-01-02T09:27:00Z,98529.34,98543.06,98535.05,9.502261,41.597710,32.252799,187.586829,116.346862,15,3.673984,5.828277
2026-01-02T09:28:00Z,98523.59,98537.33,98529.91,8.929562,41.333618,34.536735,186.324955,124.539280,17,3.728657,5.200905
2026-01-02T09:29:00Z,98517.19,98530.94,98521.21,10.070124,40.931038,35.080055,184.439705,126.451502,15,3.264076,6.806048
2026-01-02T09:30:00Z,98502.64,98516.41,98510.26,10.815167,41.395933,32.338587,186.463042,116.526386,15,3.583253,7.231914
2026-01-02T09:31:00Z,98505.48,98519.26,98513.23,8.825367,41.031188,32.953971,184.748957,118.700169,15,2.890696,5.934671
2026-01-02T09:32:00Z,98513.45,98527.25,98520.25,9.474220,43.705186,35.231606,196.713001,126.857817,16,3.442796,6.031424
2026-01-02T09:33:00Z,98504.99,98518.81,98512.14,8.834281,39.563982,35.761064,178.004776,128.717410,16,3.415207,5.419074
2026-01-02T09:34:00Z,98491.81,98505.64,98497.58,9.419745,40.475371,33.664764,182.034396,121.128230,15,3.373276,6.046469
2026-01-02T09:35:00Z,98489.16,98503.00,98494.56,9.137045,43.388683,35.458626,195.060541,127.536795,19,3.542630,5.594415
2026-01-02T09:36:00Z,98494.27,98508.12,98501.22,9.114411,41.914031,33.687469,188.357156,121.123010,18,3.882019,5.232391
2026-01-02T09:37:00Z,98490.44,98504.31,98498.91,10.138219,42.429136,34.233862,190.596977,123.043792,14,3.252460,6.885759
2026-01-02T09:38:00Z,98480.52,98494.39,98487.97,8.989105,40.450401,35.620651,181.636519,127.982942,16,3.055551,5.933554
2026-01-02T09:39:00Z,98473.17,98487.06,98481.59,9.596543,40.943991,31.114222,183.780074,111.752303,17,3.319338,6.277204
2026-01-02T09:40:00Z,98468.68,98482.58,98476.90,8.994667,39.411122,32.595499,176.829359,117.031661,15,3.660919,5.333748
2026-01-02T09:41:00Z,98476.36,98490.26,98481.70,9.987771,39.882367,32.829461,178.872351,117.830732,16,3.788766,6.199006
2026-01-02T09:42:00Z,98471.21,98485.13,98479.82,8.979334,42.922752,31.492613,192.431417,112.993508,17,3.994279,4.985055
2026-01-02T09:43:00Z,98475.17,98489.10,98483.38,9.408300,40.281621,32.357273,180.518156,116.055998,14,3.105312,6.302988
2026-01-02T09:44:00Z,98468.68,98482.61,98476.00,9.795291,39.539960,32.587901,177.123062,116.843306,14,4.214023,5.581269
2026-01-02T09:45:00Z,98450.17,98464.11,98458.87,11.366994,41.188851,34.046059,184.434824,122.030105,15,3.999265,7.367729
2026-01-02T09:46:00Z,98449.83,98463.78,98456.57,9.576468,39.046965,32.894365,174.772986,117.862387,16,3.933501,5.642967
2026-01-02T09:47:00Z,98459.67,98473.63,98468.98,9.108446,39.990044,32.819303,178.921321,117.554049,15,3.526706,5.581741
2026-01-02T09:48:00Z,98448.70,98462.66,98455.35,9.598556,40.617063,31.773069,181.652483,113.768706,19,3.644259,5.954297
2026-01-02T09:49:00Z,98446.97,98460.93,98453.26,9.674371,41.117674,31.631462,183.816036,113.224202,16,3.697700,5.976671
2026-01-02T09:50:00Z,98440.11,98454.09,98447.36,9.683493,44.667282,34.109551,199.602439,122.054351,14,3.410904,6.272589
2026-01-02T09:51:00Z,98432.98,98446.96,98440.68,9.527501,41.906155,35.782146,187.186719,127.997606,15,3.629209,5.898291
2026-01-02T09:52:00Z,98436.72,98450.71,98444.50,8.875294,44.389878,33.856093,198.199014,121.068573,15,3.188124,5.687170
2026-01-02T09:53:00Z,98428.32,98442.31,98436.76,10.291388,39.594161,32.586527,176.712977,116.491095,17,3.683545,6.607843
2026-01-02T09:54:00Z,98422.07,98436.06,98428.73,10.173311,40.337372,34.039751,179.955071,121.647174,16,4.435305,5.738006
2026-01-02T09:55:00Z,98431.13,98445.12,98438.07,8.967377,39.808272,30.884375,177.520477,110.335792,18,3.610893,5.356484
2026-01-02T09:56:00Z,98413.68,98427.68,98420.89,9.532864,42.551285,35.023847,189.673163,125.084741,16,3.522835,6.010028
2026-01-02T09:57:00Z,98414.41,98428.41,98422.07,8.918858,41.351119,33.173370,184.245971,118.438775,16,3.059073,5.859785
2026-01-02T09:58:00Z,98422.52,98436.52,98429.61,8.740598,40.064585,39.026917,178.438414,139.294304,15,3.786006,4.954592
2026-01-02T09:59:00Z,98412.71,98426.71,98421.23,8.589885,38.752932,31.828211,172.523672,113.565674,15,3.687952,4.901934
2026-01-02T10:00:00Z,98408.79,98422.79,98415.66,8.963661,41.831479,31.573994,186.150081,112.624035,17,3.501842,5.461820
2026-01-02T10:01:00Z,98415.56,98429.56,98420.24,9.946953,39.309652,31.033054,174.853588,110.660787,14,3.987768,5.959185
2026-01-02T10:02:00Z,98396.04,98410.04,98403.91,11.824693,39.402733,29.794086,175.192896,106.210619,14,4.301793,7.522900
2026-01-02T10:03:00Z,98407.80,98421.80,98415.52,10.076924,38.845759,30.349311,172.642622,108.157417,16,4.149591,5.927334
2026-01-02T10:04:00Z,98414.32,98428.31,98421.29,8.708134,39.784698,33.458193,176.739733,119.201173,17,3.452570,5.255564
2026-01-02T10:05:00Z,98395.99,98409.98,98401.83,10.040341,39.776438,30.882013,176.627048,109.990507,14,3.807038,6.233303
2026-01-02T10:06:00Z,98404.12,98418.11,98412.69,9.011003,40.886204,32.001253,181.476662,113.943389,18,3.340536,5.670467
2026-01-02T10:07:00Z,98383.65,98397.64,98389.86,8.744964,41.750709,34.342281,185.233694,122.243224,15,3.241254,5.503710
2026-01-02T10:08:00Z,98398.92,98412.91,98404.48,11.377820,38.922713,31.073122,172.611947,110.574520,14,4.164965,7.212855
2026-01-02T10:09:00Z,98391.16,98405.14,98398.62,10.673634,38.416692,30.804088,170.293793,109.585733,14,3.755467,6.918166
2026-01-02T10:10:00Z,98385.52,98399.49,98393.50,9.343569,38.807579,32.393157,171.951506,115.206087,17,3.172026,6.171543
2026-01-02T10:11:00Z,98388.38,98402.35,98395.07,9.232434,42.024362,35.847940,186.123252,127.457043,15,4.135927,5.096507
2026-01-02T10:12:00Z,98381.63,98395.59,98390.03,9.008654,42.100438,35.855704,186.378437,127.448983,15,3.608044,5.400610
2026-01-02T10:13:00Z,98396.27,98410.22,98401.55,8.953237,39.400176,30.889624,174.347717,109.766603,15,3.689558,5.263678
2026-01-02T10:14:00Z,98391.64,98405.59,98400.06,9.422156,38.384371,30.550025,169.777870,108.529965,14,3.634875,5.787282
2026-01-02T10:15:00Z,98375.73,98389.67,98383.46,8.926324,43.085382,31.594439,190.486695,112.209660,14,4.207481,4.718842
2026-01-02T10:16:00Z,98358.61,98372.54,98364.30,9.859585,37.707978,31.662034,166.638552,112.419310,16,3.940710,5.918875
2026-01-02T10:17:00Z,98371.16,98385.09,98377.54,9.778181,38.125048,30.381709,168.406823,107.844461,14,3.890390,5.887791
2026-01-02T10:18:00Z,98366.49,98380.41,98375.44,8.367090,39.753078,32.671672,175.520000,115.942203,18,3.042637,5.324453
2026-01-02T10:19:00Z,98351.64,98365.55,98357.52,8.789621,39.577650,30.634406,174.667426,108.683901,16,3.778743,5.010878
2026-01-02T10:20:00Z,98372.49,98386.39,98378.52,8.412544,37.613997,33.139451,165.926969,117.540532,17,3.118045,5.294499
2026-01-02T10:21:00Z,98361.47,98375.36,98370.54,9.860268,38.290814,31.824427,168.836829,112.847141,15,4.571042,5.289226
2026-01-02T10:22:00Z,98367.68,98381.56,98374.61,9.684697,37.961025,28.968419,167.307394,102.693606,19,3.777079,5.907618
2026-01-02T10:23:00Z,98357.46,98371.32,98365.18,8.824817,41.625573,29.001406,183.375611,102.784434,16,3.453387,5.371429
2026-01-02T10:24:00Z,98374.62,98388.47,98379.86,10.550786,38.133726,28.731559,167.916841,101.802442,17,4.195564,6.355222
2026-01-02T10:25:00Z,98370.99,98384.83,98377.85,11.105791,37.530795,30.468459,165.187040,107.929770,15,4.922196,6.183594
2026-01-02T10:26:00Z,98359.43,98373.26,98364.33,9.507964,37.431993,29.686211,164.677356,105.132824,16,4.410929,5.097036
2026-01-02T10:27:00Z,98355.15,98368.96,98361.15,8.271984,39.436442,35.210528,173.416704,124.666549,15,3.405519,4.866465
2026-01-02T10:28:00Z,98356.51,98370.31,98361.81,9.249035,37.540089,29.529968,165.002412,104.528633,17,4.180882,5.068153
2026-01-02T10:29:00Z,98350.57,98364.35,98357.86,9.016756,37.944092,30.275679,166.701884,107.142586,16,3.786310,5.230447
2026-01-02T10:30:00Z,98353.18,98366.95,98360.50,9.800491,37.910575,28.939766,166.478291,102.390637,16,4.540897,5.259594
2026-01-02T10:31:00Z,98345.36,98359.11,98352.32,10.234787,39.069265,33.689636,171.487673,119.167984,16,3.990836,6.243952
2026-01-02T10:32:00Z,98356.10,98369.84,98363.99,8.346488,41.999641,29.503549,184.265163,104.336587,15,3.714054,4.632434
2026-01-02T10:33:00Z,98352.54,98366.26,98359.66,8.573785,37.363557,30.075448,163.849611,106.334611,17,3.742587,4.831198
2026-01-02T10:34:00Z,98347.15,98360.86,98352.08,9.271112,39.088546,32.186447,171.334891,113.772369,16,4.211367,5.059745
2026-01-02T10:35:00Z,98346.64,98360.33,98352.82,9.314041,37.807125,30.048763,165.641296,106.192212,16,3.609975,5.704066
2026-01-02T10:36:00Z,98343.70,98357.37,98350.77,8.821966,40.389636,33.044035,176.873645,116.751509,17,3.599596,5.222369
2026-01-02T10:37:00Z,98341.22,98354.88,98348.47,8.816410,37.861786,28.492483,165.726545,100.647771,16,4.191546,4.624864
2026-01-02T10:38:00Z,98334.49,98348.12,98340.21,8.402206,40.220239,30.566672,175.967717,107.951211,15,3.565118,4.837088
2026-01-02T10:39:00Z,98338.29,98351.91,98343.67,9.179762,38.257797,28.748594,167.303586,101.508536,16,3.442755,5.737006
2026-01-02T10:40:00Z,98355.91,98369.51,98361.14,8.122166,39.337198,31.432863,171.943290,110.962836,16,3.686311,4.435854
2026-01-02T10:41:00Z,98349.69,98363.26,98357.79,8.820902,41.726492,29.765569,182.301306,105.054957,16,3.921828,4.899074
2026-01-02T10:42:00Z,98353.68,98367.24,98360.86,8.419994,40.805176,29.464374,178.192265,103.970327,16,3.744257,4.675737
2026-01-02T10:43:00Z,98346.75,98360.28,98352.29,8.507652,36.459797,31.322334,159.141375,110.503799,16,3.619508,4.888145
2026-01-02T10:44:00Z,98333.48,98347.00,98336.67,8.212953,36.241835,28.299314,158.115302,99.818492,16,3.639082,4.573871
2026-01-02T10:45:00Z,98342.16,98355.65,98349.02,8.314819,37.552805,31.649924,163.757259,111.614563,17,4.014995,4.299823
2026-01-02T10:46:00Z,98347.95,98361.42,98355.09,8.547329,39.726987,31.546842,173.156126,111.229061,15,3.819195,4.728135
2026-01-02T10:47:00Z,98353.41,98366.86,98360.12,9.647793,37.742691,31.999460,164.429125,112.802910,16,3.401563,6.246229
2026-01-02T10:48:00Z,98345.73,98359.16,98351.02,8.247235,39.134480,30.497861,170.411426,107.488849,17,3.812685,4.434551
2026-01-02T10:49:00Z,98352.54,98365.94,98358.25,8.233016,39.176062,32.340219,170.511153,113.960533,19,3.592154,4.640862
2026-01-02T10:50:00Z,98340.28,98353.66,98348.66,9.105483,36.649956,31.773151,159.440244,111.941307,16,4.333820,4.771663
2026-01-02T10:51:00Z,98344.78,98358.14,98352.43,7.978381,37.332383,30.126556,162.331310,106.120494,15,3.782097,4.196284
2026-01-02T10:52:00Z,98333.30,98346.63,98339.81,9.227266,37.428088,27.974995,162.669425,98.523671,17,4.147289,5.079977
2026-01-02T10:53:00Z,98348.92,98362.22,98354.77,9.526324,36.307772,30.523536,157.724526,107.479911,18,4.676909,4.849415
2026-01-02T10:54:00Z,98355.61,98368.89,98362.77,8.203597,38.587224,30.025839,167.546021,105.708673,16,3.765550,4.438047
2026-01-02T10:55:00Z,98335.57,98348.83,98340.58,9.335658,40.197728,32.980934,174.454701,116.092064,18,4.265865,5.069793
2026-01-02T10:56:00Z,98348.44,98361.67,98354.69,8.768308,35.939725,32.026754,155.900010,112.713969,16,4.109296,4.659012
2026-01-02T10:57:00Z,98353.78,98366.98,98361.51,8.960547,37.069692,29.222293,160.723813,102.826598,16,4.076670,4.883876
2026-01-02T10:58:00Z,98347.72,98360.89,98353.69,9.207921,36.894623,31.222647,159.887246,109.847040,16,4.510060,4.697862
2026-01-02T10:59:00Z,98354.46,98367.61,98360.59,7.935754,39.561957,29.378465,171.363236,103.341874,16,3.776234,4.159520
2026-01-02T11:00:00Z,98340.61,98353.73,98346.46,8.590281,39.505909,28.973748,171.037258,101.901747,18,3.750052,4.840229
2026-01-02T11:01:00Z,98348.63,98361.72,98355.23,9.082848,35.766157,31.108578,154.770925,109.392598,16,3.937268,5.145579
2026-01-02T11:02:00Z,98348.18,98361.24,98355.76,7.906664,39.115983,29.653664,169.184057,104.260093,17,3.970601,3.936063
2026-01-02T11:03:00Z,98369.19,98382.23,98374.81,8.522059,35.664785,28.085812,154.181599,98.732428,16,3.529704,4.992355
2026-01-02T11:04:00Z,98343.19,98356.20,98350.21,8.284127,37.301071,33.796121,161.176471,118.788369,18,3.777866,4.506261
2026-01-02T11:05:00Z,98344.19,98357.16,98351.19,7.852277,35.418237,29.827093,152.965805,104.822218,17,3.842121,4.010156
2026-01-02T11:06:00Z,98336.36,98349.31,98341.78,10.448099,39.708852,29.951959,171.412102,105.245643,16,4.973664,5.474436
2026-01-02T11:07:00Z,98357.74,98370.65,98363.41,7.756494,38.143602,27.920645,164.574391,98.093893,18,3.629171,4.127324
2026-01-02T11:08:00Z,98352.49,98365.38,98358.55,7.863988,35.726713,28.658485,154.070574,100.671954,17,3.683771,4.180217
2026-01-02T11:09:00Z,98347.28,98360.14,98354.45,8.136478,35.810671,29.343034,154.356481,103.062384,16,3.628939,4.507540
2026-01-02T11:10:00Z,98347.95,98360.78,98356.17,8.382022,35.734103,30.648619,153.950370,107.633414,17,4.059570,4.322452
2026-01-02T11:11:00Z,98360.00,98372.80,98364.43,8.012155,36.158460,28.503967,155.701542,100.088387,17,3.529431,4.482724
2026-01-02T11:12:00Z,98345.57,98358.33,98350.98,7.953321,36.021004,28.191622,155.032813,98.978703,18,3.632566,4.320755
2026-01-02T11:13:00Z,98372.42,98385.15,98380.01,9.191818,37.184522,29.530762,159.961151,103.667069,21,4.246420,4.945397
2026-01-02T11:14:00Z,98357.55,98370.25,98362.79,8.682179,34.422837,32.883823,148.007319,115.423456,18,3.916494,4.765684
2026-01-02T11:15:00Z,98353.16,98365.83,98359.64,7.753369,35.081461,27.211417,150.764164,95.501389,18,4.142868,3.610501
2026-01-02T11:16:00Z,98370.43,98383.06,98378.09,8.107727,38.196551,27.286501,164.069636,95.753417,17,3.478697,4.629030
2026-01-02T11:17:00Z,98368.57,98381.17,98372.95,7.939305,35.728388,27.368119,153.391333,96.028565,17,4.056028,3.883277
2026-01-02T11:18:00Z,98360.76,98373.33,98365.77,9.272827,36.964682,27.575182,158.619804,96.744012,17,4.585712,4.687115
2026-01-02T11:19:00Z,98359.25,98371.79,98366.53,7.956518,39.193684,27.978847,168.100603,98.149228,18,3.948280,4.008238
2026-01-02T11:20:00Z,98362.47,98374.97,98370.23,7.756096,34.855504,31.443552,149.419415,110.291280,19,3.370066,4.386031
2026-01-02T11:21:00Z,98359.19,98371.66,98364.79,7.963477,36.775339,29.326992,157.570365,102.856271,18,3.362714,4.600763
2026-01-02T11:22:00Z,98375.43,98387.86,98382.26,8.182811,37.749055,29.095107,161.661225,102.032385,19,4.523483,3.659328
2026-01-02T11:23:00Z,98354.19,98366.58,98359.97,8.929861,35.889839,30.808318,153.621837,108.029425,20,4.672636,4.257225
2026-01-02T11:24:00Z,98371.83,98384.19,98376.89,8.720268,35.895087,31.503432,153.566978,110.455942,17,3.912833,4.807435
2026-01-02T11:25:00Z,98375.63,98387.96,98382.28,7.924760,35.633881,27.587430,152.372673,96.716543,17,3.910175,4.014585
2026-01-02T11:26:00Z,98383.35,98395.64,98389.40,7.835764,34.533364,27.550866,147.592308,96.579342,19,3.998190,3.837574
2026-01-02T11:27:00Z,98373.91,98386.17,98380.82,8.565199,35.124344,28.150388,150.042288,98.672018,19,4.685154,3.880045
2026-01-02T11:28:00Z,98380.26,98392.48,98388.99,8.826304,33.664020,30.157202,143.731445,105.696951,20,4.277829,4.548475
2026-01-02T11:29:00Z,98374.55,98386.73,98381.40,8.479387,39.735745,32.988772,169.569329,115.611365,21,4.078263,4.401124
2026-01-02T11:30:00Z,98383.52,98395.67,98388.70,8.012405,37.031032,29.399356,157.947093,103.023503,18,3.959534,4.052871
2026-01-02T11:31:00Z,98359.67,98371.78,98365.94,8.498016,37.554846,29.581947,160.100045,103.655068,18,4.827344,3.670673
2026-01-02T11:32:00Z,98375.72,98387.79,98381.52,7.813365,34.329827,29.330380,146.277149,102.765641,20,3.894140,3.919225
2026-01-02T11:33:00Z,98390.18,98402.21,98396.11,7.603742,37.203832,27.186031,158.442517,95.245330,18,3.645970,3.957772
2026-01-02T11:34:00Z,98393.44,98405.44,98399.85,9.882817,36.405688,27.191913,154.964510,95.259091,20,4.999595,4.883222
2026-01-02T11:35:00Z,98403.72,98415.68,98408.32,8.289997,36.819040,29.014638,156.644155,101.637458,22,4.004446,4.285552
2026-01-02T11:36:00Z,98396.83,98408.76,98400.44,8.596776,37.007436,27.118533,157.365396,94.989146,21,4.164506,4.432270
2026-01-02T11:37:00Z,98380.96,98392.85,98387.07,9.682152,36.221596,31.154194,153.945188,109.118055,20,5.202343,4.479809
2026-01-02T11:38:00Z,98384.88,98396.73,98389.95,7.932970,33.949261,27.877219,144.213844,97.634436,18,3.938186,3.994783
2026-01-02T11:39:00Z,98380.26,98392.08,98384.16,8.203827,33.999426,27.912657,144.353092,97.752848,21,3.796862,4.406964
2026-01-02T11:40:00Z,98406.49,98418.26,98410.45,7.642345,35.966349,34.023465,152.626001,119.146863,21,4.033249,3.609096
2026-01-02T11:41:00Z,98392.80,98404.54,98400.31,7.840384,35.180601,30.548086,149.215144,106.970759,20,4.152213,3.688171
2026-01-02T11:42:00Z,98394.73,98406.43,98400.93,8.597225,34.567527,35.991644,146.539680,126.026231,20,4.601788,3.995437
2026-01-02T11:43:00Z,98394.99,98406.65,98401.06,8.870593,36.289746,29.381190,153.761622,102.874561,19,5.025131,3.845462
2026-01-02T11:44:00Z,98414.60,98426.23,98419.51,8.079696,33.199099,27.055036,140.594141,94.725580,20,4.717381,3.362315
2026-01-02T11:45:00Z,98409.48,98421.07,98414.56,8.234521,35.700316,29.241366,151.108784,102.376084,21,3.768833,4.465688
2026-01-02T11:46:00Z,98409.14,98420.68,98415.04,7.909833,35.301368,28.633602,149.343293,100.244310,21,3.871944,4.037889
2026-01-02T11:47:00Z,98411.79,98423.30,98417.25,7.639362,34.786005,30.518526,147.087279,106.839383,21,3.981246,3.658116
2026-01-02T11:48:00Z,98420.09,98431.56,98425.42,9.194490,35.626947,30.798090,150.565464,107.814420,20,5.342238,3.852252
2026-01-02T11:49:00Z,98408.06,98419.49,98414.16,8.134432,36.501664,30.982101,154.182628,108.455193,21,4.837195,3.297237
2026-01-02T11:50:00Z,98420.76,98432.15,98425.21,8.092619,38.016822,27.910110,160.499786,97.698666,21,4.422361,3.670258
2026-01-02T11:51:00Z,98438.50,98449.85,98445.62,8.926497,36.632169,27.062568,154.574197,94.729420,20,5.200206,3.726291
2026-01-02T11:52:00Z,98412.89,98424.21,98418.40,8.111679,32.135475,29.986806,135.529752,104.962956,20,4.510248,3.601431
2026-01-02T11:53:00Z,98424.84,98436.12,98430.63,7.573433,34.553754,32.049427,145.653376,112.180470,20,4.402307,3.171126
2026-01-02T11:54:00Z,98447.07,98458.30,98453.17,7.375621,32.989204,27.859074,138.986436,97.511532,19,3.959298,3.416324
2026-01-02T11:55:00Z,98427.94,98439.13,98433.50,7.472591,33.308032,28.506738,140.257042,99.776975,20,4.154015,3.318576
2026-01-02T11:56:00Z,98424.88,98436.04,98429.79,7.624965,33.991254,27.178799,143.059881,95.127867,19,4.151815,3.473151
2026-01-02T11:57:00Z,98436.05,98447.16,98440.25,7.082198,32.561629,30.279496,136.971950,105.979532,19,4.009801,3.072397
2026-01-02T11:58:00Z,98441.99,98453.07,98448.51,8.196198,33.345189,28.335839,140.195288,99.175975,21,4.323545,3.872653
2026-01-02T11:59:00Z,98437.81,98448.85,98444.73,8.399663,39.248939,31.058535,164.931173,108.705021,21,4.127452,4.272210
2026-01-02T12:00:00Z,98424.20,98435.20,98428.54,8.900561,32.666540,28.187969,137.199470,98.657891,20,5.544454,3.356107
2026-01-02T12:01:00Z,98437.88,98448.84,98444.18,7.133551,36.275770,32.273311,152.279091,112.956742,20,3.983365,3.150186
2026-01-02T12:02:00Z,98434.07,98444.99,98441.78,7.754016,33.507657,30.151896,140.585955,105.532209,23,4.100243,3.653773
2026-01-02T12:03:00Z,98443.92,98454.81,98450.53,10.794893,33.073651,28.008112,138.692872,98.029593,22,5.752733,5.042160
2026-01-02T12:04:00Z,98446.00,98456.84,98452.02,8.918463,31.776693,30.866471,133.184820,108.034997,21,5.218914,3.699549
2026-01-02T12:05:00Z,98454.33,98465.14,98460.94,7.099229,34.307973,29.562696,143.719275,103.472952,20,4.196050,2.903180
2026-01-02T12:06:00Z,98450.76,98461.52,98457.71,7.022404,31.776567,28.848484,133.045673,100.974636,21,3.889428,3.132976
2026-01-02T12:07:00Z,98451.71,98462.43,98459.29,7.488959,34.384967,28.292618,143.891829,99.030762,21,4.297822,3.191137
2026-01-02T12:08:00Z,98452.69,98463.38,98455.88,8.074682,34.078790,27.437464,142.536250,96.039480,21,5.034989,3.039693
2026-01-02T12:09:00Z,98451.75,98462.40,98454.31,7.093202,35.119354,31.973278,146.811898,111.918799,23,4.201926,2.891276
2026-01-02T12:10:00Z,98471.75,98482.36,98476.03,7.115058,34.518339,29.087031,144.224188,101.818449,20,4.131193,2.983864
2026-01-02T12:11:00Z,98464.73,98475.30,98468.07,7.398705,32.778101,28.647971,136.881708,100.284393,23,4.232693,3.166012
2026-01-02T12:12:00Z,98454.35,98464.88,98460.66,7.880420,35.082855,29.312533,146.429942,102.613951,21,4.826613,3.053807
2026-01-02T12:13:00Z,98480.76,98491.26,98485.88,7.076551,31.580106,27.489911,131.741265,96.236794,20,4.400573,2.675978
2026-01-02T12:14:00Z,98474.44,98484.89,98478.04,7.041059,39.672876,31.807857,165.415092,111.357162,22,3.752761,3.288298
2026-01-02T12:15:00Z,98477.80,98488.22,98480.60,8.408057,31.165268,29.028562,129.874973,101.631044,20,5.092251,3.315806
2026-01-02T12:16:00Z,98478.39,98488.76,98482.43,8.264425,33.705027,29.179184,140.385541,102.162685,20,5.175349,3.089076
2026-01-02T12:17:00Z,98488.72,98499.06,98493.55,7.377137,31.025792,27.849858,129.158688,97.512795,23,4.247740,3.129396
2026-01-02T12:18:00Z,98468.42,98478.71,98476.79,8.426198,31.658647,31.341614,131.724362,109.743956,21,4.763159,3.663039
2026-01-02T12:19:00Z,98487.88,98498.14,98493.46,6.904195,33.300219,29.441040,138.482156,103.094196,22,3.931082,2.973113
2026-01-02T12:20:00Z,98482.96,98493.18,98487.87,8.449427,33.753437,29.400802,140.293534,102.958746,22,4.888448,3.560979
2026-01-02T12:21:00Z,98482.74,98492.93,98487.62,6.758451,33.157965,28.138946,137.746450,98.545334,23,4.303398,2.455053
2026-01-02T12:22:00Z,98499.64,98509.79,98505.07,6.907007,32.633917,31.282971,135.498540,109.562410,23,3.497685,3.409322
2026-01-02T12:23:00Z,98483.93,98494.04,98487.94,6.713132,33.006910,31.724378,136.975573,111.115135,23,4.240432,2.472700
2026-01-02T12:24:00Z,98481.81,98491.89,98486.71,7.242241,31.518431,32.861980,130.730124,115.106940,22,3.996336,3.245905
2026-01-02T12:25:00Z,98498.88,98508.91,98505.54,7.600857,33.094990,33.358285,137.197485,116.853133,22,4.555176,3.045681
2026-01-02T12:26:00Z,98490.56,98500.56,98496.28,7.308053,30.875160,29.434777,127.928089,103.116325,24,4.287549,3.020504
2026-01-02T12:27:00Z,98494.76,98504.72,98500.35,9.642249,33.708389,28.248154,139.594237,98.966439,23,5.864883,3.777366
2026-01-02T12:28:00Z,98493.24,98503.17,98497.96,7.582346,32.010636,28.032776,132.494113,98.219192,23,4.730695,2.851650
2026-01-02T12:29:00Z,98498.35,98508.24,98503.85,7.491730,30.164378,33.025329,124.787031,115.720670,23,4.332519,3.159211
2026-01-02T12:30:00Z,98492.93,98502.78,98497.48,8.290734,34.955975,30.889141,144.533760,108.244123,21,4.758445,3.532289
2026-01-02T12:31:00Z,98515.73,98525.55,98522.01,7.740724,33.794912,30.860844,139.659994,108.153898,23,4.335029,3.405695
2026-01-02T12:32:00Z,98504.17,98513.95,98510.26,8.281277,35.615338,30.041512,147.106069,105.291473,22,5.219401,3.061876
2026-01-02T12:33:00Z,98522.19,98531.93,98527.65,7.283239,32.883939,28.575640,135.753243,100.162600,22,4.611338,2.671901
2026-01-02T12:34:00Z,98521.66,98531.37,98528.32,7.098856,37.309407,29.868416,153.942167,104.703496,22,4.278562,2.820293
2026-01-02T12:35:00Z,98501.93,98511.60,98508.03,8.235497,33.393943,29.279717,137.714560,102.649396,22,4.808083,3.427414
2026-01-02T12:36:00Z,98524.16,98533.80,98528.04,7.457286,34.384501,29.603079,141.725443,103.793009,22,4.479291,2.977995
2026-01-02T12:37:00Z,98514.79,98524.40,98519.74,8.384552,32.596775,28.978826,134.286610,101.614305,22,5.007631,3.376921
2026-01-02T12:38:00Z,98523.89,98533.46,98528.52,7.255519,32.337445,31.561876,133.148658,110.682993,22,4.330783,2.924736
2026-01-02T12:39:00Z,98513.08,98522.62,98519.84,7.866916,30.413612,30.830372,125.161904,108.128959,22,4.738053,3.128863
2026-01-02T12:40:00Z,98533.73,98543.23,98538.77,9.407316,30.861143,30.696917,126.937312,107.672386,22,6.070181,3.337135
2026-01-02T12:41:00Z,98524.64,98534.10,98527.49,6.551579,31.073993,32.070378,127.746060,112.502234,22,3.871929,2.679651
2026-01-02T12:42:00Z,98534.26,98543.69,98540.26,7.967941,30.238836,31.571671,124.247817,110.765182,22,4.975524,2.992417
2026-01-02T12:43:00Z,98528.13,98537.52,98534.28,6.807833,29.640750,29.005097,121.726794,101.772352,22,3.911019,2.896814
2026-01-02T12:44:00Z,98531.44,98540.81,98535.39,6.747663,30.266200,28.886825,124.230507,101.369252,23,3.968795,2.778868
2026-01-02T12:45:00Z,98533.36,98542.70,98537.87,7.492931,35.195281,29.130014,144.387051,102.234911,24,4.335735,3.157196
2026-01-02T12:46:00Z,98525.60,98534.90,98530.10,8.440077,31.578807,28.864944,129.483088,101.317040,23,5.815956,2.624121
2026-01-02T12:47:00Z,98548.23,98557.50,98552.28,7.958501,29.592942,29.103591,121.277177,102.167496,25,5.283646,2.674855
2026-01-02T12:48:00Z,98528.81,98538.04,98534.52,8.495874,32.128200,29.408876,131.598524,103.252393,25,5.500737,2.995137
2026-01-02T12:49:00Z,98535.97,98545.17,98540.50,6.936027,33.273669,32.621693,136.219445,114.547306,23,4.321176,2.614851
2026-01-02T12:50:00Z,98521.23,98530.40,98525.40,6.703022,31.304308,30.428084,128.090346,106.858927,23,4.279429,2.423593
2026-01-02T12:51:00Z,98524.44,98533.58,98528.62,6.456687,34.543606,28.701283,141.271303,100.808342,23,4.314033,2.142654
2026-01-02T12:52:00Z,98531.00,98540.11,98535.97,6.480319,29.317084,31.096761,119.834297,109.237169,23,3.862129,2.618190
2026-01-02T12:53:00Z,98551.60,98560.68,98555.38,7.557930,34.377826,29.750776,140.447163,104.523709,23,4.974194,2.583735
2026-01-02T12:54:00Z,98536.32,98545.37,98542.64,6.802032,34.590973,35.256736,141.244537,123.885649,23,4.608756,2.193275
2026-01-02T12:55:00Z,98531.41,98540.44,98536.43,7.393503,32.765996,33.650054,133.723174,118.257359,23,4.736970,2.656534
2026-01-02T12:56:00Z,98557.50,98566.49,98562.60,6.810989,30.792402,30.229875,125.603410,106.253540,23,4.185963,2.625026
2026-01-02T12:57:00Z,98543.54,98552.50,98549.88,7.926145,29.786003,29.571714,121.435250,103.955945,24,4.606805,3.319339
2026-01-02T12:58:00Z,98552.88,98561.81,98557.39,6.973825,31.816109,29.349657,129.644600,103.191226,22,4.214071,2.759755
2026-01-02T12:59:00Z,98549.86,98558.77,98553.51,8.380114,37.325619,33.879034,152.016011,119.134844,24,5.249306,3.130808
2026-01-02T13:00:00Z,98537.99,98546.86,98542.51,8.312725,32.141439,30.971064,130.834636,108.926382,27,5.301546,3.011178
2026-01-02T13:01:00Z,98541.66,98550.51,98547.79,6.679523,31.293757,31.600126,127.318163,111.156805,22,4.247168,2.432356
2026-01-02T13:02:00Z,98548.66,98557.48,98552.31,6.686827,29.792988,29.586489,121.149633,104.090734,23,4.477388,2.209439
2026-01-02T13:03:00Z,98545.11,98553.91,98547.29,6.709960,30.671816,29.773695,124.658842,104.766857,22,4.131785,2.578175
2026-01-02T13:04:00Z,98559.98,98568.75,98566.24,7.124778,30.395076,30.347365,123.470309,106.803580,22,4.706808,2.417971
2026-01-02T13:05:00Z,98551.27,98560.01,98555.67,7.025135,29.407385,29.245747,119.396499,102.944301,24,4.759943,2.265192
2026-01-02T13:06:00Z,98556.30,98565.01,98561.87,6.585253,30.170239,31.914052,122.430597,112.356296,23,3.868936,2.716317
2026-01-02T13:07:00Z,98546.87,98555.57,98550.33,7.858803,31.615112,29.483871,128.227793,103.819030,24,5.274984,2.583819
2026-01-02T13:08:00Z,98565.20,98573.87,98567.27,6.811274,29.029620,30.827183,117.680684,108.568641,25,4.008599,2.802676
2026-01-02T13:09:00Z,98545.54,98554.18,98551.14,6.936804,30.454891,29.861973,123.394970,105.188503,23,4.242083,2.694721
2026-01-02T13:10:00Z,98549.89,98558.51,98554.43,6.451016,30.461473,30.452272,123.358215,107.287665,23,4.093626,2.357389
2026-01-02T13:11:00Z,98541.47,98550.07,98547.40,6.800043,30.973767,30.571907,125.368425,107.729350,28,4.267116,2.532927
2026-01-02T13:12:00Z,98559.27,98567.84,98565.00,7.513391,34.752637,34.111019,140.591497,120.223323,24,4.813124,2.700268
2026-01-02T13:13:00Z,98551.04,98559.59,98555.87,7.659567,28.867065,33.257451,116.721613,117.237518,25,4.773175,2.886392
2026-01-02T13:14:00Z,98555.28,98563.80,98560.29,7.041419,32.451392,31.120467,131.147359,109.725731,25,4.558096,2.483323
2026-01-02T13:15:00Z,98551.73,98560.24,98554.98,6.317043,31.505870,33.443940,127.261039,117.941224,25,4.194766,2.122277
2026-01-02T13:16:00Z,98559.34,98567.82,98562.99,6.305317,29.860214,29.785963,120.552132,105.062262,24,4.314392,1.990924
2026-01-02T13:17:00Z,98561.37,98569.83,98566.41,7.860937,29.824834,32.635436,120.347818,115.136364,25,4.855441,3.005496
2026-01-02T13:18:00Z,98562.50,98570.94,98564.51,6.640729,29.435911,31.850073,118.717870,112.388691,23,4.348246,2.292482
2026-01-02T13:19:00Z,98557.34,98565.76,98562.69,6.698835,31.046816,32.042246,125.151006,113.090286,25,4.317279,2.381556
2026-01-02T13:20:00Z,98560.85,98569.26,98564.37,7.247258,29.516672,33.078405,118.922374,116.771853,24,4.859654,2.387604
2026-01-02T13:21:00Z,98566.90,98575.28,98571.10,6.435425,29.864664,35.671668,120.263255,125.953247,24,4.009616,2.425809
2026-01-02T13:22:00Z,98550.23,98558.59,98554.18,6.577212,29.704328,35.731383,119.556840,126.191234,24,4.040634,2.536578
2026-01-02T13:23:00Z,98548.58,98556.92,98551.28,6.031158,29.522559,34.762547,118.764961,122.796348,25,3.872687,2.158472
2026-01-02T13:24:00Z,98552.31,98560.63,98555.31,6.616511,30.579931,35.350615,122.956276,124.901139,23,4.201965,2.414546
2026-01-02T13:25:00Z,98559.84,98568.15,98564.02,10.001285,28.725036,32.599863,115.439630,115.207787,23,6.354588,3.646698
2026-01-02T13:26:00Z,98563.97,98572.26,98567.27,6.761572,28.906150,35.356603,116.108758,124.978210,27,4.349455,2.412116
2026-01-02T13:27:00Z,98559.53,98567.80,98564.11,6.521366,28.676405,30.679266,115.127772,108.469465,24,3.869737,2.651629
2026-01-02T13:28:00Z,98559.12,98567.38,98564.57,6.160091,29.666388,32.775677,119.042217,115.908167,26,3.905456,2.254634
2026-01-02T13:29:00Z,98553.41,98561.66,98555.73,6.035208,29.720597,31.595376,119.199675,111.760105,23,3.856011,2.179197
2026-01-02T13:30:00Z,98560.11,98568.34,98564.27,6.592825,28.927557,32.011203,115.960691,113.257565,24,4.273329,2.319495
2026-01-02T13:31:00Z,98550.30,98558.51,98555.09,5.976589,31.547948,33.509692,126.401413,118.587431,24,4.043819,1.932770
2026-01-02T13:32:00Z,98547.82,98556.02,98550.60,7.483838,29.514101,30.508663,118.193186,107.992966,24,5.233406,2.250432
2026-01-02T13:33:00Z,98546.37,98554.55,98551.43,6.540567,31.627646,33.837233,126.593704,119.804257,24,4.415659,2.124908
2026-01-02T13:34:00Z,98536.96,98545.13,98541.71,7.177341,35.086823,31.933631,140.369238,113.091995,27,4.782934,2.394407
2026-01-02T13:35:00Z,98558.83,98566.98,98562.86,6.052539,30.063123,33.816491,120.211204,119.789654,25,3.926918,2.125621
2026-01-02T13:36:00Z,98542.67,98550.81,98545.58,7.282073,29.495541,30.920001,117.882815,109.556590,26,4.847849,2.434224
2026-01-02T13:37:00Z,98539.97,98548.11,98544.87,6.282697,29.265700,31.926861,116.905955,113.152593,24,3.895134,2.387563
2026-01-02T13:38:00Z,98544.94,98553.07,98549.15,7.424986,30.085903,34.776078,120.122583,123.281870,28,5.042737,2.382249
2026-01-02T13:39:00Z,98555.56,98563.68,98557.99,6.693755,29.099137,36.518868,116.125057,129.493292,27,4.844240,1.849515
2026-01-02T13:40:00Z,98555.47,98563.57,98560.35,6.888953,32.408962,32.220510,129.269331,114.281190,27,4.655074,2.233880
2026-01-02T13:41:00Z,98539.92,98548.01,98543.46,6.981027,29.539884,31.277801,117.767119,110.966519,25,4.663172,2.317855
2026-01-02T13:42:00Z,98539.80,98547.88,98545.13,6.323996,29.961315,32.881971,119.388184,116.688494,25,4.110102,2.213894
2026-01-02T13:43:00Z,98537.38,98545.46,98544.36,6.121641,37.041123,32.562715,147.526545,115.586270,26,3.881193,2.240447
2026-01-02T13:44:00Z,98546.25,98554.31,98549.72,6.088477,31.518164,34.926719,125.467960,124.010912,25,4.094342,1.994135
2026-01-02T13:45:00Z,98541.35,98549.41,98547.22,6.337610,28.443957,31.703424,113.174399,112.596727,26,4.193337,2.144273
2026-01-02T13:46:00Z,98536.56,98544.61,98541.23,5.947369,29.623971,31.691302,117.811603,112.584389,27,4.113683,1.833685
2026-01-02T13:47:00Z,98550.53,98558.57,98555.44,7.205428,28.626605,33.717347,113.789347,119.814946,25,4.707510,2.497918
2026-01-02T13:48:00Z,98533.14,98541.18,98537.80,7.539582,29.980416,35.071854,119.112334,124.662789,27,4.834805,2.704777
2026-01-02T13:49:00Z,98525.76,98533.79,98527.98,7.440702,32.233731,33.037492,128.002178,117.464520,24,5.068205,2.372497
2026-01-02T13:50:00Z,98537.80,98545.82,98541.79,6.223658,31.435413,35.992304,124.771107,128.006435,24,4.183624,2.040034
2026-01-02T13:51:00Z,98537.93,98545.95,98541.93,6.835915,28.648521,36.890512,113.654204,131.238223,26,4.759727,2.076189
2026-01-02T13:52:00Z,98524.60,98532.62,98528.58,8.150701,31.679015,34.072643,125.615664,121.248392,25,5.561808,2.588893
2026-01-02T13:53:00Z,98529.91,98537.93,98533.97,6.054560,31.480047,32.684503,124.766134,116.342274,25,4.259434,1.795126
2026-01-02T13:54:00Z,98527.97,98535.98,98530.26,6.168679,28.911237,36.370074,114.529571,129.498973,24,4.442489,1.726190
2026-01-02T13:55:00Z,98519.63,98527.64,98522.83,5.695804,28.073384,35.147457,111.156721,125.182471,26,3.886226,1.809578
2026-01-02T13:56:00Z,98520.25,98528.25,98524.75,7.822465,30.826962,32.273260,122.000636,114.979625,25,5.086931,2.735534
2026-01-02T13:57:00Z,98524.63,98532.63,98528.87,6.202681,29.744368,32.684153,117.659482,116.478215,24,4.143206,2.059475
2026-01-02T13:58:00Z,98506.43,98514.43,98510.13,6.263724,28.986845,33.482172,114.607845,119.357989,26,4.096840,2.166883
2026-01-02T13:59:00Z,98514.84,98522.84,98519.67,5.504751,28.939303,34.946735,114.364994,124.616583,26,3.422022,2.082729
2026-01-02T14:00:00Z,98520.00,98528.00,98521.48,6.321368,29.156562,32.648877,115.168420,116.458131,24,4.094966,2.226402
2026-01-02T14:01:00Z,98507.14,98515.14,98509.83,6.204720,28.767925,32.289204,113.579020,115.210537,25,3.941199,2.263521
2026-01-02T14:02:00Z,98516.03,98524.03,98519.87,6.373204,31.518489,32.400919,124.379232,115.644888,25,4.186140,2.187064
2026-01-02T14:03:00Z,98491.60,98499.61,98497.19,5.939922,28.028604,32.888112,110.554720,117.420321,24,3.938896,2.001026
2026-01-02T14:04:00Z,98497.71,98505.72,98500.34,8.182288,29.993108,32.622489,118.247255,116.508489,25,5.891796,2.290493
2026-01-02T14:05:00Z,98485.68,98493.69,98489.01,6.119901,29.137636,32.429470,114.820159,115.855711,25,4.146386,1.973515
2026-01-02T14:06:00Z,98499.73,98507.74,98503.38,6.501656,30.394709,35.160771,119.717181,125.653340,25,4.462284,2.039372
2026-01-02T14:07:00Z,98483.93,98491.94,98489.07,5.921755,30.831632,35.854655,121.380836,128.174078,29,3.680418,2.241336
2026-01-02T14:08:00Z,98498.00,98506.02,98503.60,6.267414,30.632262,33.411134,120.539187,119.477413,27,4.071463,2.195951
2026-01-02T14:09:00Z,98500.19,98508.21,98503.78,5.758278,31.329191,33.697213,123.223746,120.539518,24,4.043557,1.714721
2026-01-02T14:10:00Z,98489.26,98497.29,98494.18,5.863891,32.544904,37.086730,127.945417,132.707605,26,4.095114,1.768777
2026-01-02T14:11:00Z,98484.97,98493.00,98487.62,6.263026,28.565737,32.949001,112.249427,117.940307,30,3.924042,2.338984
2026-01-02T14:12:00Z,98480.73,98488.77,98482.08,6.009192,28.420512,36.159565,111.626689,129.475280,26,4.342790,1.666402
2026-01-02T14:13:00Z,98483.92,98491.96,98485.63,5.570408,28.955190,33.434803,113.673829,119.758681,25,3.755962,1.814446
2026-01-02T14:14:00Z,98486.34,98494.39,98491.92,7.477004,29.076541,39.351490,114.097263,140.998636,25,5.007791,2.469213
2026-01-02T14:15:00Z,98469.42,98477.47,98475.55,6.081746,28.146709,36.927856,110.397441,132.359228,24,4.406768,1.674978
2026-01-02T14:16:00Z,98460.98,98469.04,98463.54,5.574687,29.300780,40.684167,114.870881,145.872316,26,3.836550,1.738137
2026-01-02T14:17:00Z,98468.98,98477.06,98472.84,6.800658,31.362642,34.710373,122.897572,124.495874,28,4.245850,2.554808
2026-01-02T14:18:00Z,98475.62,98483.70,98477.42,8.019366,29.740141,36.468449,116.486091,130.846496,25,5.611191,2.408175
2026-01-02T14:19:00Z,98476.96,98485.06,98478.56,6.050227,31.679385,34.992203,124.024845,125.593195,25,4.283528,1.766699
2026-01-02T14:20:00Z,98455.09,98463.19,98459.68,5.466713,33.040884,33.382600,129.295978,119.857689,24,3.856332,1.610382
2026-01-02T14:21:00Z,98463.65,98471.76,98466.30,5.508574,29.814317,35.844767,116.616535,128.742904,27,3.921488,1.587086
2026-01-02T14:22:00Z,98467.64,98475.76,98472.56,6.737880,29.111193,36.929371,113.814531,132.685098,26,4.683496,2.054384
2026-01-02T14:23:00Z,98447.97,98456.10,98450.17,6.418638,29.651812,34.483418,115.875582,123.940748,26,4.245685,2.172953
2026-01-02T14:24:00Z,98451.51,98459.65,98454.35,6.943147,31.880644,34.418050,124.529220,123.749808,25,4.898930,2.044217
2026-01-02T14:25:00Z,98450.55,98458.71,98453.42,6.762317,29.063051,36.680867,113.472185,131.932923,24,4.956499,1.805818
2026-01-02T14:26:00Z,98445.44,98453.61,98449.82,6.643087,30.495912,37.302896,119.012999,134.218488,26,4.589410,2.053677
2026-01-02T14:27:00Z,98436.38,98444.57,98439.43,5.632863,31.906872,35.415081,124.463528,127.472090,25,3.886265,1.746598
2026-01-02T14:28:00Z,98448.44,98456.63,98451.12,5.719698,33.140827,37.989174,129.219148,136.786944,25,3.661794,2.057904
2026-01-02T14:29:00Z,98432.47,98440.68,98436.22,6.843764,28.739992,37.983120,112.009894,136.815161,25,4.756818,2.086945
2026-01-02T14:30:00Z,98443.71,98451.93,98448.04,5.393749,28.657602,35.265663,111.639106,127.073585,25,3.874073,1.519676
2026-01-02T14:31:00Z,98434.66,98442.90,98439.95,5.351696,31.523546,36.071908,122.749264,130.026790,24,3.338676,2.013020
2026-01-02T14:32:00Z,98435.64,98443.90,98440.82,7.106613,32.074063,37.521812,124.837684,135.303454,25,4.876665,2.229948
2026-01-02T14:33:00Z,98423.96,98432.24,98426.16,6.830754,37.532798,35.290836,146.019586,127.306098,25,4.762864,2.067890
2026-01-02T14:34:00Z,98422.96,98431.25,98425.75,6.321845,29.226164,34.817771,113.653031,125.646748,25,4.246739,2.075106
2026-01-02T14:35:00Z,98424.99,98433.30,98429.94,6.592555,31.645080,38.159464,123.005636,137.757870,24,4.161552,2.431003
2026-01-02T14:36:00Z,98404.67,98413.00,98407.49,7.625748,29.914212,35.386786,116.226879,127.796795,24,5.155851,2.469897
2026-01-02T14:37:00Z,98425.86,98434.20,98430.93,5.856910,28.648725,38.176987,111.261545,137.925958,24,3.971248,1.885662
2026-01-02T14:38:00Z,98416.24,98424.61,98421.05,5.297110,34.198619,34.865365,132.757702,126.009973,24,3.771486,1.525624
2026-01-02T14:39:00Z,98413.78,98422.17,98418.37,5.657630,30.519598,34.860155,118.424602,126.039646,25,3.925518,1.732112
2026-01-02T14:40:00Z,98403.45,98411.86,98407.95,6.273633,30.565890,41.106855,118.553051,148.682581,25,4.548567,1.725067
2026-01-02T14:41:00Z,98402.46,98410.89,98406.64,7.222279,33.519106,35.784787,129.951497,129.483091,25,5.019321,2.202957
2026-01-02T14:42:00Z,98390.64,98399.09,98393.72,7.020432,31.160512,35.934813,120.755583,130.076729,25,4.917459,2.102973
2026-01-02T14:43:00Z,98393.15,98401.61,98398.25,5.604238,30.034728,40.292400,116.343127,145.907544,30,3.740742,1.863495
2026-01-02T14:44:00Z,98378.17,98386.66,98380.46,7.178549,29.912997,40.032278,115.822241,145.022739,27,4.579006,2.599543
2026-01-02T14:45:00Z,98384.36,98392.86,98388.63,8.399901,35.204477,37.360104,136.252839,135.396011,26,5.903359,2.496542
2026-01-02T14:46:00Z,98379.48,98388.01,98384.48,5.538245,30.759674,36.596309,118.999643,132.680729,24,3.680815,1.857429
2026-01-02T14:47:00Z,98392.13,98400.68,98397.72,6.185789,33.090319,36.587609,127.962222,132.702208,24,3.911265,2.274524
2026-01-02T14:48:00Z,98370.53,98379.11,98374.98,5.505195,31.477098,36.095955,121.672668,130.971558,25,3.672442,1.832754
2026-01-02T14:49:00Z,98376.15,98384.74,98380.26,5.506856,29.610657,40.453575,114.410148,146.842065,25,3.545832,1.961024
2026-01-02T14:50:00Z,98373.33,98381.95,98378.69,6.708643,31.479376,35.293684,121.579802,128.164118,25,4.704954,2.003689
2026-01-02T14:51:00Z,98375.91,98384.55,98381.59,5.581402,30.424665,37.237556,117.457451,135.278036,26,3.839162,1.742240
2026-01-02T14:52:00Z,98371.38,98380.05,98376.88,5.760987,31.790297,39.475384,122.678783,143.466302,24,3.844972,1.916015
2026-01-02T14:53:00Z,98372.96,98381.65,98377.76,7.019348,29.976911,35.299154,115.633191,128.341175,26,4.658729,2.360618
2026-01-02T14:54:00Z,98359.87,98368.59,98363.28,7.205632,31.972931,38.654680,123.281952,140.599164,24,4.775748,2.429885
2026-01-02T14:55:00Z,98365.19,98373.93,98368.15,7.228652,30.030375,37.850204,115.744377,137.730006,27,4.709068,2.519583
2026-01-02T14:56:00Z,98354.32,98363.09,98360.85,5.182904,33.455642,39.119231,128.893575,142.406913,24,3.700519,1.482385
2026-01-02T14:57:00Z,98358.96,98367.76,98364.92,6.555523,33.221118,37.785031,127.938007,137.607377,24,4.314256,2.241267
2026-01-02T14:58:00Z,98352.79,98361.61,98357.62,5.903263,30.180582,37.093107,116.181519,135.144089,26,3.979863,1.923400
2026-01-02T14:59:00Z,98330.64,98339.50,98335.50,5.724097,34.454449,36.845945,132.580464,134.300054,24,3.976652,1.747445
2026-01-02T15:00:00Z,98323.79,98332.67,98329.36,5.537316,32.230308,37.932628,123.972157,138.319303,25,3.491257,2.046059
2026-01-02T15:01:00Z,98330.19,98339.10,98335.26,5.518324,34.899296,41.500659,134.184559,151.394098,24,3.632028,1.886297
2026-01-02T15:02:00Z,98312.10,98321.03,98316.50,6.476903,30.024175,36.333019,115.394157,132.599002,24,4.293871,2.183032
2026-01-02T15:03:00Z,98306.62,98315.59,98312.52,5.185556,31.634569,44.838061,121.535238,163.708460,25,3.461019,1.724537
2026-01-02T15:04:00Z,98336.95,98345.94,98343.28,5.805930,30.583806,36.000021,117.451912,131.496227,26,4.066223,1.739706
2026-01-02T15:05:00Z,98321.10,98330.12,98326.05,6.286244,29.608359,37.733402,113.661102,137.887036,25,4.201471,2.084773
2026-01-02T15:06:00Z,98320.38,98329.43,98324.44,5.377534,30.713871,36.668910,117.858730,134.055033,28,3.784087,1.593447
2026-01-02T15:07:00Z,98329.34,98338.43,98332.99,5.159378,33.320233,39.344174,127.810234,143.897715,25,3.618618,1.540760
2026-01-02T15:08:00Z,98322.46,98331.57,98327.49,6.723101,31.312549,38.674655,120.062433,141.510595,24,4.382712,2.340389
2026-01-02T15:09:00Z,98308.96,98318.10,98314.67,6.111048,31.680769,38.118255,121.427278,139.535671,23,3.860710,2.250339
2026-01-02T15:10:00Z,98306.69,98315.86,98308.22,6.758350,30.767742,39.138391,117.882339,143.332807,24,4.349294,2.409055
2026-01-02T15:11:00Z,98311.84,98321.04,98316.07,5.604731,35.225655,40.903754,134.910418,149.863853,24,4.060271,1.544461
2026-01-02T15:12:00Z,98307.25,98316.49,98313.50,6.975879,32.986257,40.803614,126.285498,149.562984,24,4.385464,2.590415
2026-01-02T15:13:00Z,98295.23,98304.50,98298.20,6.546393,30.546568,41.402383,116.900838,151.824986,25,4.459498,2.086895
2026-01-02T15:14:00Z,98294.16,98303.46,98299.85,6.270560,29.888858,38.980862,114.340490,143.008698,25,4.118007,2.152553
2026-01-02T15:15:00Z,98283.25,98292.58,98287.36,5.525931,30.858511,40.726273,118.005419,149.478743,25,3.749765,1.776166
2026-01-02T15:16:00Z,98302.09,98311.45,98307.67,5.951214,30.802801,38.537334,117.748179,141.507955,24,3.945967,2.005247
2026-01-02T15:17:00Z,98294.65,98304.05,98301.03,5.359575,30.654973,40.039934,117.139319,147.091506,23,3.437221,1.922354
2026-01-02T15:18:00Z,98288.50,98297.94,98294.60,5.317096,30.332176,40.358900,115.862754,148.330096,27,3.535420,1.781676
2026-01-02T15:19:00Z,98266.20,98275.67,98271.42,6.930358,32.768911,38.718198,125.124277,142.364414,26,4.549344,2.381015
2026-01-02T15:20:00Z,98271.70,98281.20,98279.09,5.620308,32.138555,43.189448,122.672152,158.876973,24,3.770621,1.849688
2026-01-02T15:21:00Z,98262.73,98272.27,98267.40,6.275885,32.930406,37.373648,125.648567,137.545508,23,4.023289,2.252597
2026-01-02T15:22:00Z,98279.72,98289.29,98285.19,5.391032,30.375961,38.763771,115.859619,142.726690,26,3.523702,1.867330
2026-01-02T15:23:00Z,98254.50,98264.11,98259.89,6.705661,32.247418,39.490760,122.953075,145.470034,23,4.681993,2.023668
2026-01-02T15:24:00Z,98252.23,98261.87,98257.02,6.383608,33.964855,40.451612,129.454565,149.077936,25,4.277374,2.106234
2026-01-02T15:25:00Z,98265.94,98275.61,98270.05,5.069727,39.140771,40.480175,149.128599,149.251954,25,3.175463,1.894264
2026-01-02T15:26:00Z,98254.18,98263.89,98260.55,5.925792,33.635762,38.880076,128.108391,143.418597,24,3.855407,2.070385
2026-01-02T15:27:00Z,98261.46,98271.21,98266.86,5.122218,30.487751,39.970717,116.077281,147.510055,23,3.148288,1.973930
2026-01-02T15:28:00Z,98252.68,98262.46,98258.56,6.873357,33.726816,38.221954,128.364081,141.121924,24,4.330862,2.542495
2026-01-02T15:29:00Z,98255.07,98264.88,98259.44,5.234723,32.445759,40.097323,123.444928,148.115154,28,3.349975,1.884748
2026-01-02T15:30:00Z,98235.90,98245.75,98242.27,6.457547,30.971248,38.115517,117.793671,140.860440,23,4.444951,2.012597
2026-01-02T15:31:00Z,98244.48,98254.37,98246.92,6.285184,30.855087,37.684156,117.311010,139.331629,23,4.178055,2.107129
2026-01-02T15:32:00Z,98244.19,98254.11,98251.75,6.832020,32.798196,42.201336,124.655522,156.106645,22,4.280289,2.551731
2026-01-02T15:33:00Z,98251.08,98261.04,98254.29,5.084840,31.850220,40.547951,121.010867,150.061386,23,3.132278,1.952562
2026-01-02T15:34:00Z,98236.04,98246.04,98241.16,5.869097,34.640909,38.952471,131.568652,144.224974,23,3.589412,2.279686
2026-01-02T15:35:00Z,98251.76,98261.79,98256.92,6.516385,31.649486,38.359689,120.166064,142.097528,25,4.099747,2.416638
2026-01-02T15:36:00Z,98229.46,98239.53,98234.47,6.247281,36.810758,38.665710,139.714921,143.299274,22,4.045150,2.202132
2026-01-02T15:37:00Z,98225.41,98235.52,98229.55,7.242226,31.154204,38.235883,118.205688,141.773881,25,4.462819,2.779407
2026-01-02T15:38:00Z,98231.48,98241.63,98238.59,7.266510,32.084935,41.280105,121.696304,153.134680,22,4.574825,2.691686
2026-01-02T15:39:00Z,98235.46,98245.64,98243.44,6.030870,31.592704,37.811646,119.789399,140.335178,24,3.783664,2.247206
2026-01-02T15:40:00Z,98219.22,98229.44,98223.09,6.757269,31.734119,41.898869,120.285764,155.579373,22,4.268992,2.488277
2026-01-02T15:41:00Z,98221.08,98231.34,98227.12,5.510056,36.276705,45.591307,137.458841,169.371779,22,3.577097,1.932960
2026-01-02T15:42:00Z,98218.92,98229.22,98225.08,5.534051,33.667399,41.206565,127.529984,153.156434,24,3.734833,1.799218
2026-01-02T15:43:00Z,98210.68,98221.02,98216.05,6.340265,32.006505,42.715432,121.199196,158.841499,22,4.056210,2.284054
2026-01-02T15:44:00Z,98204.42,98214.80,98210.28,5.184654,32.161279,39.010504,121.745916,145.134816,23,3.118933,2.065720
2026-01-02T15:45:00Z,98208.17,98218.58,98211.66,6.313774,34.781626,39.069605,131.622898,145.425465,24,3.990192,2.323582
2026-01-02T15:46:00Z,98206.72,98217.17,98211.48,6.791729,35.490399,38.481930,134.262207,143.307921,22,4.104665,2.687064
2026-01-02T15:47:00Z,98208.23,98218.72,98213.91,6.206909,37.292308,40.545051,141.034173,151.064917,24,4.222744,1.984165
2026-01-02T15:48:00Z,98216.01,98226.54,98221.53,7.021031,36.136925,38.130561,136.621597,142.138550,25,4.753757,2.267274
2026-01-02T15:49:00Z,98195.94,98206.51,98202.26,6.384454,31.807371,38.393430,120.215339,143.188788,25,3.881780,2.502673
2026-01-02T15:50:00Z,98211.63,98222.24,98216.71,7.886131,33.393569,38.700434,126.171065,144.404873,21,5.176088,2.710042
2026-01-02T15:51:00Z,98202.13,98212.78,98206.36,5.275246,34.933936,38.799318,131.950231,144.845332,23,3.701030,1.574217
2026-01-02T15:52:00Z,98194.71,98205.40,98198.26,5.665264,34.920608,41.704867,131.859377,155.769364,22,3.337748,2.327517
2026-01-02T15:53:00Z,98203.05,98213.77,98209.22,6.324191,37.787743,41.949502,142.642075,156.760802,22,4.240387,2.083804
2026-01-02T15:54:00Z,98189.95,98200.72,98195.64,6.835420,35.337135,43.287769,133.351037,161.842177,25,4.162089,2.673331
2026-01-02T15:55:00Z,98197.49,98208.29,98204.93,6.816119,32.112176,39.705278,121.144598,148.522095,21,4.610529,2.205590
2026-01-02T15:56:00Z,98194.61,98205.45,98199.00,5.396124,34.268827,38.437251,129.242013,143.850679,23,3.454846,1.941278
2026-01-02T15:57:00Z,98185.71,98196.60,98191.54,5.571783,34.351391,42.311869,129.514940,158.430592,22,3.353991,2.217791
2026-01-02T15:58:00Z,98201.26,98212.19,98206.96,6.142303,35.022065,44.425018,132.004656,166.426372,22,4.188111,1.954192
2026-01-02T15:59:00Z,98197.41,98208.37,98202.06,5.236744,34.022249,38.592932,128.198632,144.650671,23,3.494838,1.741906
2026-01-02T16:00:00Z,98190.86,98201.86,98197.72,5.934112,32.531307,41.353200,122.545020,155.074501,24,3.697138,2.236973
2026-01-02T16:01:00Z,98189.35,98200.39,98197.04,5.777712,32.752976,40.476900,123.344450,151.864945,22,3.830509,1.947203
2026-01-02T16:02:00Z,98188.41,98199.49,98194.94,7.185440,34.802870,40.730801,131.026615,152.894802,24,4.795961,2.389479
2026-01-02T16:03:00Z,98188.29,98199.41,98194.93,5.442441,33.660142,38.771478,126.688427,145.613628,23,3.271299,2.171142
2026-01-02T16:04:00Z,98161.21,98172.36,98165.26,6.819274,33.420482,38.898408,125.750917,146.164469,23,4.286045,2.533230
2026-01-02T16:05:00Z,98176.37,98187.57,98182.17,5.497730,33.313662,43.882700,125.313892,164.977258,23,3.202864,2.294866
2026-01-02T16:06:00Z,98179.15,98190.39,98184.37,5.773017,32.826610,40.793623,123.447468,153.441976,21,3.616834,2.156184
2026-01-02T16:07:00Z,98180.39,98191.67,98189.15,5.328345,33.923897,38.558016,127.538745,145.106929,20,3.519869,1.808476
2026-01-02T16:08:00Z,98162.49,98173.80,98168.09,6.042841,37.984937,40.946460,142.767383,154.174242,21,3.614796,2.428045
2026-01-02T16:09:00Z,98183.66,98195.01,98187.69,5.375474,34.126129,39.346634,128.229141,148.226354,24,3.144477,2.230997
2026-01-02T16:10:00Z,98173.93,98185.32,98182.75,5.185152,40.377161,39.498412,151.676588,148.874480,22,3.122062,2.063090
2026-01-02T16:11:00Z,98164.79,98176.22,98171.40,6.119514,38.499633,41.764784,144.585040,157.497632,21,3.412002,2.707512
2026-01-02T16:12:00Z,98172.89,98184.36,98178.15,5.086108,36.040330,40.211271,135.313301,151.717316,21,2.974665,2.111443
2026-01-02T16:13:00Z,98169.09,98180.60,98175.41,6.303547,34.026977,43.338613,127.720616,163.601132,22,4.304894,1.998653
2026-01-02T16:14:00Z,98163.12,98174.67,98169.47,5.732001,34.313140,41.630812,128.761185,157.235458,21,3.537758,2.194243
2026-01-02T16:15:00Z,98170.08,98181.67,98175.65,6.571532,34.438906,42.192404,129.199746,159.439005,22,4.020039,2.551494
2026-01-02T16:16:00Z,98197.96,98209.59,98203.50,7.232851,33.271252,41.236348,124.787255,155.906980,23,4.086587,3.146264
2026-01-02T16:17:00Z,98169.32,98180.99,98175.55,7.766783,35.048149,41.164721,131.418322,155.716975,21,4.357310,3.409473
2026-01-02T16:18:00Z,98172.00,98183.70,98178.15,5.748846,34.139739,41.400415,127.979891,156.689989,22,3.319830,2.429016
2026-01-02T16:19:00Z,98172.44,98184.18,98177.46,5.862148,33.893379,40.557290,127.024673,153.578925,21,3.643839,2.218309
2026-01-02T16:20:00Z,98174.73,98186.51,98179.12,6.146696,34.855113,43.391865,130.596745,164.398362,20,3.681504,2.465193
2026-01-02T16:21:00Z,98170.22,98182.03,98175.90,6.870325,34.508351,39.492990,129.265813,149.704896,23,3.841713,3.028612
2026-01-02T16:22:00Z,98180.84,98192.69,98188.04,5.610429,33.606243,39.963902,125.856029,151.569229,20,3.370473,2.239956
2026-01-02T16:23:00Z,98175.44,98187.33,98183.16,5.758505,33.940174,39.365466,127.076050,149.377794,22,3.507452,2.251053
2026-01-02T16:24:00Z,98167.98,98179.91,98172.77,5.345435,35.598372,40.431147,133.252796,153.502173,23,3.391711,1.953724
2026-01-02T16:25:00Z,98172.13,98184.10,98178.63,5.127675,35.817373,43.732635,134.040939,166.123951,21,3.153650,1.974025
2026-01-02T16:26:00Z,98154.92,98166.93,98159.91,5.785679,36.513573,39.899600,136.614436,151.643436,20,3.134550,2.651129
2026-01-02T16:27:00Z,98168.39,98180.43,98175.07,5.671651,39.512495,44.259241,147.800612,168.301431,19,3.229384,2.442267
2026-01-02T16:28:00Z,98163.36,98175.43,98167.82,5.244146,34.436978,40.385022,128.785604,153.650245,22,3.047335,2.196810
2026-01-02T16:29:00Z,98190.11,98202.23,98194.04,5.245325,37.679532,39.735149,140.879983,151.257587,20,2.779325,2.466000
2026-01-02T16:30:00Z,98182.31,98194.46,98187.56,6.120214,34.424672,38.895871,128.681497,148.141081,20,3.704974,2.415240
2026-01-02T16:31:00Z,98168.41,98180.60,98175.75,5.231021,39.177609,39.873473,146.415727,151.944874,22,2.989624,2.241397
2026-01-02T16:32:00Z,98184.07,98196.29,98190.33,5.245426,39.930694,41.200626,149.197366,157.085491,19,2.834046,2.411380
2026-01-02T16:33:00Z,98166.57,98178.82,98170.76,5.245065,38.288302,40.039496,143.029600,152.739519,19,2.983710,2.261355
2026-01-02T16:34:00Z,98189.88,98202.18,98194.36,6.260907,38.484066,41.671426,143.729951,159.049389,19,3.324564,2.936343
2026-01-02T16:35:00Z,98171.85,98184.17,98178.07,6.076284,36.068940,41.200981,134.681280,157.337524,21,3.673796,2.402488
2026-01-02T16:36:00Z,98177.00,98189.36,98183.37,6.704911,36.430537,41.489158,136.002837,158.522439,19,3.603457,3.101454
2026-01-02T16:37:00Z,98180.35,98192.75,98188.55,6.344665,35.171906,42.301411,131.276763,161.712138,21,3.728954,2.615711
2026-01-02T16:38:00Z,98188.01,98200.44,98194.75,5.271849,39.035942,40.524732,145.669016,155.002899,21,2.993488,2.278361
2026-01-02T16:39:00Z,98157.48,98169.95,98162.86,6.534593,37.423595,39.636256,139.623853,151.685633,19,3.983638,2.550955
2026-01-02T16:40:00Z,98178.15,98190.65,98184.49,6.378137,36.085141,39.966511,134.603120,153.031368,19,3.698837,2.679300
2026-01-02T16:41:00Z,98184.05,98196.59,98188.74,6.889501,36.387332,40.562037,135.703351,155.394851,20,3.978703,2.910798
2026-01-02T16:42:00Z,98184.31,98196.88,98190.12,6.398643,35.749445,41.798760,133.298215,160.218684,20,3.654822,2.743821
2026-01-02T16:43:00Z,98199.26,98211.86,98205.35,5.885288,35.540099,39.885989,132.491908,152.968938,19,3.180816,2.704472
2026-01-02T16:44:00Z,98182.44,98195.07,98188.44,7.708104,37.024070,39.189486,137.997622,150.378518,19,4.040624,3.667479
2026-01-02T16:45:00Z,98184.55,98197.22,98191.03,6.738085,35.031873,40.712957,130.547500,156.308454,20,3.665142,3.072943
2026-01-02T16:46:00Z,98188.05,98200.75,98194.09,5.913942,40.202616,39.888308,149.788441,153.224859,19,3.584485,2.329457
2026-01-02T16:47:00Z,98198.45,98211.18,98207.55,5.975635,38.900712,39.094439,144.911003,150.256276,21,3.424522,2.551112
2026-01-02T16:48:00Z,98196.80,98209.57,98203.03,6.754278,37.244329,41.619419,138.715449,160.047124,21,4.000754,2.753524
2026-01-02T16:49:00Z,98184.96,98197.75,98191.55,5.596659,38.150640,44.457675,142.065434,171.053921,19,3.078796,2.517863
2026-01-02T16:50:00Z,98196.07,98208.89,98200.00,6.009813,35.412411,42.251636,131.845416,162.653890,19,3.263877,2.745937
2026-01-02T16:51:00Z,98194.94,98207.80,98203.03,5.539493,37.635050,40.487586,140.096097,155.947218,20,3.067692,2.471801
2026-01-02T16:52:00Z,98201.16,98214.05,98209.29,6.017742,38.522652,43.339842,143.375442,167.023698,18,2.909967,3.107775
2026-01-02T16:53:00Z,98204.57,98217.49,98210.91,6.031518,36.245309,42.550004,134.876561,164.068641,20,3.638397,2.393122
2026-01-02T16:54:00Z,98208.89,98221.84,98214.29,5.916104,37.582788,41.059388,139.830149,158.406803,20,2.968755,2.947349
2026-01-02T16:55:00Z,98199.83,98212.81,98205.23,6.417542,37.476633,43.595730,139.412139,168.283245,20,3.639602,2.777941
2026-01-02T16:56:00Z,98198.55,98211.56,98203.74,5.481235,35.923886,47.893237,133.614195,184.972367,18,2.946282,2.534953
2026-01-02T16:57:00Z,98211.61,98224.64,98217.64,6.082063,37.333280,40.250590,138.833972,155.539542,21,3.239347,2.842716
2026-01-02T16:58:00Z,98198.44,98211.51,98204.62,6.683485,38.892017,39.772864,144.607707,153.777038,18,3.254999,3.428487
2026-01-02T16:59:00Z,98201.88,98214.97,98209.47,5.601862,37.601025,39.127402,139.785808,151.363744,18,3.057958,2.543905
2026-01-02T17:00:00Z,98210.20,98223.32,98216.02,6.794189,38.307551,43.007072,142.390588,166.462762,18,3.478671,3.315518
2026-01-02T17:01:00Z,98201.45,98214.60,98208.27,7.122819,36.498549,42.370984,135.646017,164.090069,18,3.969730,3.153089
2026-01-02T17:02:00Z,98213.53,98226.70,98220.96,6.729573,36.187174,45.491600,134.468867,176.271307,20,3.516592,3.212981
2026-01-02T17:03:00Z,98226.20,98239.40,98231.72,6.643610,38.971021,41.947509,144.792330,162.627277,17,3.583298,3.060312
2026-01-02T17:04:00Z,98221.32,98234.55,98227.97,5.497068,37.858852,39.237274,140.640038,152.202917,18,3.168971,2.328097
2026-01-02T17:05:00Z,98225.73,98238.98,98232.05,6.783067,37.727631,40.497262,140.132831,157.176235,18,3.524397,3.258669
2026-01-02T17:06:00Z,98223.55,98236.83,98229.83,5.519894,37.694844,41.103974,139.991680,159.618131,18,3.053848,2.466047
2026-01-02T17:07:00Z,98228.30,98241.60,98235.57,7.139468,36.828494,40.993063,136.755630,159.274437,18,3.602216,3.537252
2026-01-02T17:08:00Z,98233.24,98246.57,98238.68,7.031268,38.416152,39.664900,142.632063,154.198269,20,3.925205,3.106062
2026-01-02T17:09:00Z,98233.93,98247.29,98241.35,5.542575,39.755424,41.926951,147.585207,163.081217,18,2.815750,2.726825
2026-01-02T17:10:00Z,98233.88,98247.26,98239.16,6.633379,37.773278,38.883912,140.208816,151.327640,19,3.553989,3.079391
2026-01-02T17:11:00Z,98227.17,98240.58,98235.48,6.892793,36.756502,44.408255,136.417511,172.921802,17,4.000159,2.892634
2026-01-02T17:12:00Z,98246.99,98260.41,98254.20,6.282173,38.444309,41.383433,142.663994,161.231683,19,3.315538,2.966636
2026-01-02T17:13:00Z,98248.81,98262.26,98254.34,5.485138,39.705971,43.657743,147.328104,170.185704,18,2.795625,2.689513
2026-01-02T17:14:00Z,98252.81,98266.29,98258.79,5.536652,39.758708,39.943002,147.506304,155.790329,21,2.677761,2.858891
2026-01-02T17:15:00Z,98246.84,98260.34,98252.34,5.587840,37.864015,43.744463,140.460630,170.710790,18,2.995856,2.591984
2026-01-02T17:16:00Z,98250.85,98264.37,98259.44,6.694558,37.327423,40.308457,138.454369,157.388220,17,3.751078,2.943480
2026-01-02T17:17:00Z,98251.01,98264.55,98257.99,6.746215,39.162010,41.060518,145.243077,160.412687,19,3.480056,3.266159
2026-01-02T17:18:00Z,98260.53,98274.09,98267.86,7.169916,38.545048,40.003901,142.939397,156.370539,19,3.803927,3.365988
2026-01-02T17:19:00Z,98264.70,98278.28,98270.91,5.881722,39.520065,42.539541,146.539598,166.373345,17,2.859540,3.022181
2026-01-02T17:20:00Z,98262.87,98276.47,98270.38,6.551672,42.603827,42.120282,157.957785,164.824072,20,3.012868,3.538804
2026-01-02T17:21:00Z,98264.52,98278.14,98274.38,5.807587,38.550274,39.401690,142.914424,154.270430,19,2.753248,3.054339
2026-01-02T17:22:00Z,98270.10,98283.74,98278.00,5.782137,39.757836,38.835476,147.376622,152.137053,17,2.712095,3.070042
2026-01-02T17:23:00Z,98278.23,98291.89,98284.57,6.328594,44.380843,39.130362,164.497677,153.376491,20,3.558126,2.770468
2026-01-02T17:24:00Z,98281.23,98294.90,98287.93,5.860378,37.595042,38.757567,139.333083,151.998758,17,2.822095,3.038284
2026-01-02T17:25:00Z,98284.82,98298.51,98292.57,7.598495,40.172727,43.625288,148.872866,171.182940,16,3.898815,3.699680
2026-01-02T17:26:00Z,98274.76,98288.47,98281.39,6.948379,39.731213,39.507820,147.223695,155.111466,18,3.310235,3.638144
2026-01-02T17:27:00Z,98268.52,98282.25,98274.48,5.986847,42.770099,41.859217,158.470671,164.433624,17,3.152999,2.833847
2026-01-02T17:28:00Z,98291.43,98305.17,98297.36,5.984928,42.853133,39.953262,158.765115,157.032838,20,2.683822,3.301105
2026-01-02T17:29:00Z,98297.57,98311.32,98303.47,6.622847,41.087975,40.196714,152.213158,158.076573,17,3.121147,3.501699
2026-01-02T17:30:00Z,98276.01,98289.79,98282.84,6.405069,38.672890,40.077603,143.255117,157.694824,16,3.143717,3.261353
2026-01-02T17:31:00Z,98306.41,98320.20,98310.64,6.239571,43.701070,41.045118,161.868655,161.590548,20,2.879072,3.360499
2026-01-02T17:32:00Z,98302.36,98316.16,98309.76,6.775504,39.078757,42.084362,144.737046,165.773050,19,3.171994,3.603510
2026-01-02T17:33:00Z,98303.26,98317.08,98308.25,7.075694,37.841665,41.695293,140.145310,164.330795,17,3.834216,3.241478
2026-01-02T17:34:00Z,98315.04,98328.86,98321.87,6.980148,37.861393,43.607714,140.208842,171.962589,18,3.562352,3.417796
2026-01-02T17:35:00Z,98326.69,98340.53,98332.63,9.779490,39.680922,39.486261,146.937335,155.795671,18,4.623697,5.155793
2026-01-02T17:36:00Z,98333.23,98347.09,98338.37,6.126967,40.124932,38.524666,148.572152,152.085203,17,2.899411,3.227556
2026-01-02T17:37:00Z,98319.07,98332.93,98325.19,6.069210,42.214475,39.393885,156.299757,155.602143,16,2.797045,3.272165
2026-01-02T17:38:00Z,98335.27,98349.15,98342.38,5.975484,39.910461,39.720813,147.760575,156.979718,16,3.181552,2.793932
2026-01-02T17:39:00Z,98327.05,98340.94,98334.87,6.536885,40.130505,39.239090,148.567044,155.161141,16,3.105237,3.431648
2026-01-02T17:40:00Z,98337.18,98351.07,98345.11,6.713058,39.894697,42.657405,147.686283,168.770700,16,3.375857,3.337201
2026-01-02T17:41:00Z,98328.79,98342.69,98335.59,8.080354,41.357183,39.234233,153.092599,155.312473,17,3.549396,4.530957
2026-01-02T17:42:00Z,98337.60,98351.52,98343.97,7.101214,38.630343,39.913312,142.991813,158.087466,18,3.626677,3.474537
2026-01-02T17:43:00Z,98328.80,98342.72,98336.14,6.563696,40.775035,39.529835,150.923690,156.654591,17,3.177004,3.386692
2026-01-02T17:44:00Z,98345.98,98359.91,98353.67,6.377386,40.428684,42.956260,149.635373,170.326800,15,3.239039,3.138347
2026-01-02T17:45:00Z,98356.10,98370.04,98362.36,7.916075,44.525093,40.694366,164.790510,161.446696,17,3.210462,4.705613
2026-01-02T17:46:00Z,98348.29,98362.24,98356.60,6.028982,38.497077,39.179604,142.475088,155.522486,16,2.925070,3.103912
2026-01-02T17:47:00Z,98356.07,98370.03,98363.80,6.584518,39.695228,38.491869,146.904267,152.876370,16,3.336060,3.248457
2026-01-02T17:48:00Z,98370.63,98384.59,98377.79,7.657345,43.012525,38.249048,159.175815,151.995293,16,3.928533,3.728811
2026-01-02T17:49:00Z,98358.13,98372.10,98364.74,6.232227,38.986728,39.802284,144.273342,158.254318,19,2.872034,3.360193
2026-01-02T17:50:00Z,98366.54,98380.52,98372.72,7.051673,42.678040,39.429705,157.929057,156.858870,18,3.409357,3.642316
2026-01-02T17:51:00Z,98372.84,98386.81,98379.46,8.224856,39.941351,45.508620,147.798395,181.141149,15,3.565851,4.659005
2026-01-02T17:52:00Z,98369.75,98383.73,98378.86,6.349464,40.293260,41.089106,149.097336,163.639430,16,2.925142,3.424322
2026-01-02T17:53:00Z,98373.33,98387.32,98378.51,6.568622,38.641633,37.868501,142.983055,150.895779,16,3.227253,3.341369
2026-01-02T17:54:00Z,98382.00,98396.00,98390.07,6.809960,43.118959,38.060462,159.547538,151.743696,19,3.279394,3.530565
2026-01-02T17:55:00Z,98397.65,98411.64,98403.31,6.571281,39.393644,38.210425,145.761170,152.424921,17,2.946849,3.624432
2026-01-02T17:56:00Z,98398.45,98412.45,98405.39,6.578376,40.114663,39.415273,148.427309,157.317147,17,3.002582,3.575795
2026-01-02T17:57:00Z,98399.93,98413.93,98407.67,6.897921,39.440144,38.758136,145.930221,154.778882,17,3.253020,3.644902
2026-01-02T17:58:00Z,98392.06,98406.06,98396.63,6.819367,39.759222,38.863124,147.109878,155.282927,15,3.366953,3.452414
2026-01-02T17:59:00Z,98404.50,98418.50,98413.59,7.255701,43.063333,39.411820,159.334537,157.561298,17,2.891369,4.364331
2026-01-02T18:00:00Z,98411.13,98425.13,98420.60,6.251085,43.271554,38.896267,160.104749,155.585070,17,2.651700,3.599385
2026-01-02T18:01:00Z,98420.45,98434.45,98428.31,6.170475,45.259424,39.445482,167.460084,157.867984,15,2.648447,3.522029
2026-01-02T18:02:00Z,98409.18,98423.18,98416.09,6.052748,38.909046,43.332089,143.964210,173.517425,16,2.853637,3.199111
2026-01-02T18:03:00Z,98423.67,98437.67,98428.85,6.807426,40.096710,38.821575,148.359545,155.540378,16,2.743770,4.063657
2026-01-02T18:04:00Z,98436.60,98450.60,98443.27,7.644808,45.314652,38.392777,167.667662,153.906132,17,2.836626,4.808181
2026-01-02T18:05:00Z,98444.17,98458.16,98451.92,6.588001,44.288743,38.002427,163.873619,152.424218,17,2.683993,3.904008
2026-01-02T18:06:00Z,98447.49,98461.48,98455.22,7.013023,42.190275,38.990184,156.111248,156.471058,15,2.971776,4.041247
2026-01-02T18:07:00Z,98444.63,98458.61,98450.54,6.184007,39.638338,41.526016,146.671093,166.738134,18,2.343317,3.840690
2026-01-02T18:08:00Z,98444.55,98458.53,98451.73,6.555413,41.069393,42.077518,151.969263,169.044315,16,2.701490,3.853922
2026-01-02T18:09:00Z,98454.19,98468.16,98460.71,6.857922,39.816746,37.926051,147.337309,152.448691,16,2.767264,4.090658
2026-01-02T18:10:00Z,98451.61,98465.59,98456.41,7.137436,41.378191,41.131391,153.118999,165.422627,15,2.734965,4.402471
2026-01-02T18:11:00Z,98452.89,98466.86,98458.98,7.075684,45.302702,39.738577,167.646083,159.907598,15,2.965919,4.109766
2026-01-02T18:12:00Z,98456.89,98470.86,98464.98,8.931814,41.793565,38.708118,154.664829,155.845383,15,4.192371,4.739443
2026-01-02T18:13:00Z,98462.58,98476.54,98468.88,7.530394,39.318713,36.946938,145.510855,148.835065,15,3.333196,4.197198
2026-01-02T18:14:00Z,98473.67,98487.62,98481.37,6.827050,39.643855,37.665334,146.719234,151.811045,15,3.194731,3.632319
2026-01-02T18:15:00Z,98470.82,98484.76,98477.72,6.710542,43.792295,39.017374,162.078371,157.345424,16,3.298544,3.411997
2026-01-02T18:16:00Z,98460.29,98474.22,98468.55,7.423155,41.755863,40.131022,154.547549,161.923789,16,3.006166,4.416989
2026-01-02T18:17:00Z,98477.92,98491.85,98485.04,6.925053,42.907651,38.704760,158.817304,156.253215,17,2.936367,3.988686
2026-01-02T18:18:00Z,98486.45,98500.37,98492.75,7.273382,40.708577,39.295096,150.684480,158.721915,17,3.601999,3.671383
2026-01-02T18:19:00Z,98470.52,98484.42,98476.09,6.543363,43.186212,42.571995,159.863144,172.050634,16,2.691960,3.851404
2026-01-02T18:20:00Z,98505.27,98519.17,98511.53,7.765239,40.804139,40.913203,151.052949,165.435723,16,3.202344,4.562896
2026-01-02T18:21:00Z,98505.42,98519.31,98511.98,6.957295,40.393542,40.715183,149.540833,164.723483,17,2.807547,4.149748
2026-01-02T18:22:00Z,98503.65,98517.53,98511.18,6.873354,41.900624,37.034870,155.128759,149.914299,14,3.211555,3.661799
2026-01-02T18:23:00Z,98496.78,98510.65,98500.87,8.929302,42.518724,38.073313,157.426246,154.200497,16,3.579016,5.350286
2026-01-02T18:24:00Z,98509.77,98523.62,98516.64,7.669797,41.092912,38.027849,152.156330,154.098892,15,3.004751,4.665046
2026-01-02T18:25:00Z,98506.43,98520.27,98512.03,7.241779,40.514117,37.209344,150.022635,150.862808,18,2.703413,4.538367
2026-01-02T18:26:00Z,98520.92,98534.74,98526.70,7.400872,40.814669,39.300344,151.145458,159.425838,17,3.459327,3.941545
2026-01-02T18:27:00Z,98523.31,98537.13,98529.05,7.840686,40.145977,44.381273,148.679252,180.133322,15,3.212145,4.628542
2026-01-02T18:28:00Z,98515.35,98529.15,98521.56,7.630842,42.323943,37.155869,156.756327,150.887558,15,3.354660,4.276182
2026-01-02T18:29:00Z,98525.85,98539.64,98532.45,7.187953,43.609899,38.797168,161.530957,157.636753,15,3.233830,3.954124
2026-01-02T18:30:00Z,98536.40,98550.18,98544.34,6.773989,40.707514,38.821646,150.791931,157.820207,15,2.619179,4.154810
2026-01-02T18:31:00Z,98559.56,98573.31,98567.48,7.731530,43.300344,37.466728,160.409026,152.393122,16,2.951777,4.779753
2026-01-02T18:32:00Z,98536.74,98550.48,98544.68,7.523108,40.701571,37.119716,150.793865,151.061897,15,2.846037,4.677071
2026-01-02T18:33:00Z,98550.05,98563.78,98559.22,8.023366,39.766034,37.102235,147.340089,151.070889,14,3.004399,5.018967
2026-01-02T18:34:00Z,98557.11,98570.82,98562.93,8.634944,42.394049,36.104295,157.090812,147.085458,17,3.076992,5.557952
2026-01-02T18:35:00Z,98564.56,98578.25,98572.04,7.219808,44.249885,40.007291,163.982077,163.072187,15,2.917431,4.302377
2026-01-02T18:36:00Z,98554.91,98568.59,98563.27,7.269682,40.399258,38.330599,149.725946,156.320509,17,2.767185,4.502496
2026-01-02T18:37:00Z,98561.54,98575.19,98566.87,7.283690,44.230989,36.046877,163.942242,147.084641,19,2.950518,4.333172
2026-01-02T18:38:00Z,98549.64,98563.27,98556.01,8.858648,42.051878,35.967402,155.880305,146.837774,15,3.463096,5.395551
2026-01-02T18:39:00Z,98567.29,98580.91,98575.38,7.487570,42.379966,37.877484,157.111940,154.717201,16,3.188236,4.299334
2026-01-02T18:40:00Z,98577.11,98590.71,98584.21,7.708519,43.789054,36.173896,162.352125,147.836350,15,3.130476,4.578043
2026-01-02T18:41:00Z,98566.29,98579.87,98571.45,6.825626,39.873377,36.387956,147.849669,148.789325,15,2.579545,4.246081
2026-01-02T18:42:00Z,98575.83,98589.39,98583.92,7.491791,43.166019,40.545569,160.075678,165.876699,18,3.096220,4.395571
2026-01-02T18:43:00Z,98574.77,98588.31,98582.83,8.104361,43.534415,38.611752,161.459343,158.048019,15,3.243942,4.860420
2026-01-02T18:44:00Z,98568.92,98582.43,98576.27,7.564311,40.976057,38.998949,151.987835,159.716471,16,2.799801,4.764510
2026-01-02T18:45:00Z,98582.13,98595.63,98590.60,9.224917,42.239212,41.645808,156.690893,170.645580,16,3.451955,5.772962
2026-01-02T18:46:00Z,98576.23,98589.70,98581.06,6.703107,42.122643,36.606051,156.276591,150.073241,16,2.526341,4.176767
2026-01-02T18:47:00Z,98601.45,98614.90,98608.94,7.070473,41.802793,36.826420,155.108312,151.055379,16,2.652185,4.418289
2026-01-02T18:48:00Z,98603.85,98617.28,98612.71,7.634077,44.388814,36.231075,164.723611,148.690731,16,3.209785,4.424292
2026-01-02T18:49:00Z,98609.36,98622.77,98616.59,7.786290,40.304955,38.311145,149.587184,157.308964,14,2.923290,4.863000
2026-01-02T18:50:00Z,98595.96,98609.34,98601.95,7.435380,43.322067,35.367996,160.805101,145.299501,17,2.489669,4.945711
2026-01-02T18:51:00Z,98605.70,98619.05,98613.34,10.163433,43.059256,37.276065,159.850119,153.217626,16,3.450823,6.712610
2026-01-02T18:52:00Z,98608.11,98621.44,98616.83,7.379132,41.182745,36.683579,152.903913,150.860319,14,2.812856,4.566276
2026-01-02T18:53:00Z,98605.91,98619.22,98612.92,7.005204,41.816607,40.268746,155.278039,165.689790,15,3.296662,3.708543
2026-01-02T18:54:00Z,98622.27,98635.55,98629.24,7.359594,40.554632,36.393817,150.612402,149.823253,18,2.881125,4.478468
2026-01-02T18:55:00Z,98609.88,98623.14,98616.27,7.926548,40.612035,39.683064,150.846457,163.448309,15,3.320226,4.606322
2026-01-02T18:56:00Z,98623.26,98636.49,98629.04,9.334384,41.516663,35.697401,154.228263,147.107593,19,3.329452,6.004932
2026-01-02T18:57:00Z,98629.18,98642.39,98632.64,8.936453,40.254932,36.677028,149.562554,151.222198,15,3.854085,5.082369
2026-01-02T18:58:00Z,98628.66,98641.84,98636.66,8.474753,42.771272,41.233839,158.934889,170.097421,15,3.007638,5.467115
2026-01-02T18:59:00Z,98636.80,98649.95,98645.83,6.969977,43.848279,37.651503,162.961122,155.399085,15,2.757804,4.212174
2026-01-02T19:00:00Z,98627.79,98640.91,98636.80,7.733490,40.737974,36.130892,151.424561,149.199249,15,2.791545,4.941945
2026-01-02T19:01:00Z,98635.64,98648.73,98642.39,8.413073,40.346325,34.985024,149.991753,144.541173,15,2.625733,5.787340
2026-01-02T19:02:00Z,98637.84,98650.90,98647.14,6.952363,40.829254,39.363920,151.810710,162.715455,15,2.319761,4.632602
2026-01-02T19:03:00Z,98638.16,98651.20,98645.50,8.864647,41.716250,34.733831,155.133238,143.649409,14,3.209775,5.654873
2026-01-02T19:04:00Z,98652.96,98665.97,98661.37,7.539769,41.977888,35.326883,156.131263,146.176235,18,3.130063,4.409707
2026-01-02T19:05:00Z,98630.64,98643.62,98636.99,9.380608,45.379274,38.097667,168.809769,157.721085,18,3.516211,5.864397
2026-01-02T19:06:00Z,98643.09,98656.04,98648.07,7.315557,43.252950,38.862893,160.926499,160.970401,16,2.949789,4.365769
2026-01-02T19:07:00Z,98643.89,98656.81,98650.71,7.100447,46.567422,35.533939,173.287356,147.256130,16,2.766614,4.333833
2026-01-02T19:08:00Z,98662.63,98675.51,98670.62,7.695343,40.779395,36.192932,151.774694,150.062622,15,2.826697,4.868646
2026-01-02T19:09:00Z,98667.21,98680.07,98674.18,8.461400,40.117278,36.302569,149.336169,150.592885,15,2.803924,5.657477
2026-01-02T19:10:00Z,98660.36,98673.19,98668.26,7.162802,40.371416,38.705622,150.308494,160.641989,19,2.262197,4.900605
2026-01-02T19:11:00Z,98667.12,98679.92,98674.23,7.340922,43.513334,34.821661,162.035045,144.594586,15,2.687566,4.653356
2026-01-02T19:12:00Z,98667.59,98680.35,98673.89,8.118202,41.751164,33.727239,155.501030,140.120102,20,2.471284,5.646919
2026-01-02T19:13:00Z,98665.00,98677.73,98674.32,8.659226,42.223514,36.243338,157.288943,150.648404,18,3.302367,5.356860
2026-01-02T19:14:00Z,98664.80,98677.50,98669.05,8.506273,43.159659,35.233400,160.805906,146.523463,15,2.807454,5.698818
2026-01-02T19:15:00Z,98667.77,98680.44,98673.07,8.324280,41.035164,34.384152,152.918974,143.062821,15,2.408817,5.915463
2026-01-02T19:16:00Z,98681.87,98694.51,98690.61,8.935411,43.783186,33.699934,163.190475,140.285549,15,3.147658,5.787752
2026-01-02T19:17:00Z,98677.61,98690.21,98684.36,7.606889,41.908393,37.495102,156.232623,156.161301,15,2.765062,4.841827
2026-01-02T19:18:00Z,98677.01,98689.57,98685.85,9.323041,42.606003,37.054566,158.864121,154.402797,18,3.652916,5.670125
2026-01-02T19:19:00Z,98680.17,98692.70,98687.58,10.191725,40.405572,33.583807,150.689025,140.009494,15,3.880645,6.311079
2026-01-02T19:20:00Z,98672.31,98684.81,98678.54,8.694869,42.001986,34.989636,156.673864,145.942125,15,2.931468,5.763401
2026-01-02T19:21:00Z,98684.48,98696.94,98691.81,8.405123,42.319040,36.484967,157.888291,152.253903,16,3.132718,5.272404
2026-01-02T19:22:00Z,98689.33,98701.76,98694.97,7.729150,44.453394,36.474754,165.885126,152.285881,17,2.325117,5.404034
2026-01-02T19:23:00Z,98694.26,98706.65,98701.22,9.979080,40.085482,34.921118,149.616353,145.870592,16,3.304421,6.674660
2026-01-02T19:24:00Z,98697.12,98709.48,98702.63,7.371125,41.214691,38.397359,153.863088,160.469628,16,2.465429,4.905696
2026-01-02T19:25:00Z,98698.98,98711.31,98704.84,7.596064,42.074562,36.114302,157.106250,151.001807,15,2.503946,5.092118
2026-01-02T19:26:00Z,98696.52,98708.81,98702.35,7.306351,43.275944,33.075378,161.626616,138.362595,15,2.997064,4.309287
2026-01-02T19:27:00Z,98688.40,98700.65,98695.16,8.072983,42.453261,34.619142,158.588200,144.890758,15,2.393399,5.679583
2026-01-02T19:28:00Z,98683.06,98695.28,98689.62,7.928822,44.073628,36.533727,164.677061,152.977797,16,2.890405,5.038416
2026-01-02T19:29:00Z,98679.92,98692.10,98687.18,7.556400,44.107640,33.036740,164.840386,138.401616,15,2.731769,4.824631
2026-01-02T19:30:00Z,98694.92,98707.07,98700.82,7.421121,43.972367,34.902441,164.371357,146.288058,16,2.316972,5.104149
2026-01-02T19:31:00Z,98701.32,98713.43,98704.99,7.778108,40.293928,33.663432,150.654947,141.162737,15,2.514237,5.263870
2026-01-02T19:32:00Z,98703.12,98715.20,98708.71,8.285616,41.559892,35.705639,155.423507,149.798209,18,2.667142,5.618474
2026-01-02T19:33:00Z,98688.12,98700.16,98693.76,8.752155,48.755952,34.466883,182.376729,144.670328,16,2.723842,6.028313
2026-01-02T19:34:00Z,98703.17,98715.17,98709.33,7.367907,43.102934,34.750947,161.268332,145.932242,16,2.359419,5.008488
2026-01-02T19:35:00Z,98707.11,98719.07,98712.86,7.936732,40.214510,34.084851,150.496540,143.203185,15,2.667982,5.268750
2026-01-02T19:36:00Z,98721.74,98733.67,98726.49,9.058463,40.370375,37.365846,151.115490,157.062414,15,2.539872,6.518590
2026-01-02T19:37:00Z,98704.99,98716.88,98712.66,7.789394,39.690490,37.342664,148.605918,157.039324,16,3.079796,4.709598
2026-01-02T19:38:00Z,98714.07,98725.93,98720.91,8.067627,43.366030,32.803412,162.406620,138.015326,16,2.846212,5.221415
2026-01-02T19:39:00Z,98700.39,98712.20,98706.60,7.764551,41.872179,32.999631,156.850184,138.906334,16,2.780343,4.984208
2026-01-02T19:40:00Z,98702.12,98713.90,98707.01,7.571172,46.618202,35.351810,174.671229,148.877400,16,2.471443,5.099729
2026-01-02T19:41:00Z,98705.33,98717.07,98712.82,9.253768,44.860737,33.767672,168.127832,142.272804,18,3.382478,5.871290
2026-01-02T19:42:00Z,98702.17,98713.88,98708.98,8.390491,40.805440,34.326122,152.967653,144.693376,15,2.751755,5.638735
2026-01-02T19:43:00Z,98722.54,98734.20,98729.58,8.419646,40.067912,32.089073,150.240683,135.326766,19,2.978588,5.441058
2026-01-02T19:44:00Z,98710.91,98722.53,98716.02,7.585896,41.441114,33.647015,155.429167,141.963001,15,2.864511,4.721385
2026-01-02T19:45:00Z,98712.12,98723.70,98715.89,8.956959,40.347952,33.352298,151.367911,140.784866,18,2.975661,5.981299
2026-01-02T19:46:00Z,98714.35,98725.90,98721.66,7.667792,40.954085,33.262253,153.681548,140.469783,18,2.803576,4.864216
2026-01-02T19:47:00Z,98721.63,98733.14,98727.67,8.186159,42.459121,32.817554,159.370756,138.655781,16,2.289741,5.896418
2026-01-02T19:48:00Z,98706.74,98718.21,98712.19,8.406267,41.798736,33.187360,156.933217,140.282812,18,3.226150,5.180118
2026-01-02T19:49:00Z,98724.66,98736.09,98732.36,9.118663,42.252824,36.944679,158.680117,156.236718,20,2.995265,6.123398
2026-01-02T19:50:00Z,98720.12,98731.51,98728.01,9.208555,39.493385,37.117897,148.356685,157.041159,17,2.634215,6.574340
2026-01-02T19:51:00Z,98702.50,98713.85,98709.95,8.597838,41.487648,31.958504,155.890094,135.274187,16,2.661422,5.936416
2026-01-02T19:52:00Z,98696.96,98708.28,98701.58,10.077830,43.402572,31.780012,163.129706,134.579952,19,3.467103,6.610728
2026-01-02T19:53:00Z,98711.67,98722.94,98717.56,9.212273,47.221625,31.614010,177.532280,133.937806,18,3.215779,5.996494
2026-01-02T19:54:00Z,98714.06,98725.29,98720.33,7.757375,40.549087,32.472613,152.488550,137.637748,19,2.779431,4.977944
2026-01-02T19:55:00Z,98704.10,98715.30,98709.93,7.702212,42.471279,33.956017,159.761517,143.990299,18,2.436223,5.265989
2026-01-02T19:56:00Z,98707.40,98718.56,98713.80,8.715780,39.418343,32.374916,148.319010,137.347500,18,3.400465,5.315315
2026-01-02T19:57:00Z,98716.56,98727.68,98721.56,8.421395,42.318055,31.644514,159.274664,134.309148,16,2.392744,6.028652
2026-01-02T19:58:00Z,98709.97,98721.05,98716.25,8.237710,39.689058,33.521074,149.422244,142.337578,16,2.931897,5.305813
2026-01-02T19:59:00Z,98708.30,98719.34,98712.80,7.928115,43.205651,39.050078,162.708188,165.888960,16,2.449154,5.478962
2026-01-02T20:00:00Z,98719.39,98730.39,98724.25,8.574410,39.911902,32.178289,150.347629,136.757728,17,3.030839,5.543572
2026-01-02T20:01:00Z,98720.54,98731.50,98727.14,8.842461,40.183931,34.731801,151.416358,147.675694,17,2.997082,5.845379
2026-01-02T20:02:00Z,98703.10,98714.02,98707.11,8.268368,41.652201,30.971557,156.994868,131.745855,17,2.381327,5.887042
2026-01-02T20:03:00Z,98716.18,98727.06,98720.63,8.070671,41.281480,30.969077,155.643431,131.793446,19,2.975055,5.095616
2026-01-02T20:04:00Z,98703.27,98714.12,98709.03,9.102603,38.920029,34.432184,146.783634,146.595679,17,3.040355,6.062248
2026-01-02T20:05:00Z,98720.67,98731.48,98724.47,7.902594,40.450940,34.763516,152.602952,148.071254,19,2.447099,5.455495
2026-01-02T20:06:00Z,98715.90,98726.66,98722.44,8.918015,39.491433,35.864695,149.028027,152.828407,18,2.789470,6.128545
2026-01-02T20:07:00Z,98714.95,98725.67,98721.09,9.981005,39.597133,33.635843,149.472203,143.393198,18,3.434207,6.546798
2026-01-02T20:08:00Z,98722.25,98732.94,98727.20,9.065760,40.085645,34.161422,151.362432,145.697087,18,2.966701,6.099060
2026-01-02T20:09:00Z,98724.36,98735.00,98728.72,8.003516,40.861415,34.017058,154.339126,145.144228,18,2.965848,5.037668
2026-01-02T20:10:00Z,98720.10,98730.71,98723.01,8.159162,46.242165,31.094693,174.716971,132.732355,17,2.993139,5.166023
2026-01-02T20:11:00Z,98717.69,98728.26,98721.76,8.141728,43.963398,32.348874,166.158806,138.145454,17,2.938394,5.203334
2026-01-02T20:12:00Z,98717.63,98728.17,98724.30,7.869562,38.700004,32.947784,146.311740,140.763459,19,2.529243,5.340320
2026-01-02T20:13:00Z,98705.50,98715.99,98711.43,9.509936,40.432047,33.329970,152.908217,142.457178,19,3.137276,6.372659
2026-01-02T20:14:00Z,98713.03,98723.48,98719.93,10.112528,39.941311,35.010099,151.100258,149.702080,17,3.239512,6.873016
2026-01-02T20:15:00Z,98730.32,98740.74,98735.59,8.564748,39.285993,30.455157,148.668614,130.280619,20,2.635100,5.929648
2026-01-02T20:16:00Z,98713.56,98723.94,98720.59,8.274807,40.735082,32.684612,154.201886,139.876948,20,2.380212,5.894596
2026-01-02T20:17:00Z,98702.15,98712.49,98707.18,8.087692,39.417991,33.571747,149.264309,143.734162,18,2.546946,5.540746
2026-01-02T20:18:00Z,98709.82,98720.12,98714.16,9.310534,45.943142,33.368763,174.029721,142.925191,18,3.460881,5.849653
2026-01-02T20:19:00Z,98712.75,98723.01,98716.45,7.959249,40.812344,32.067505,154.645176,137.409206,17,2.502741,5.456508
2026-01-02T20:20:00Z,98697.75,98707.97,98703.78,8.522767,41.442881,30.895850,157.086089,132.443965,17,2.729336,5.793431
2026-01-02T20:21:00Z,98704.09,98714.28,98709.52,10.632660,40.964133,32.638068,155.322853,139.970722,19,4.198302,6.434358
2026-01-02T20:22:00Z,98714.69,98724.84,98720.15,9.490019,40.672070,30.831468,154.266813,132.277832,21,2.426560,7.063459
2026-01-02T20:23:00Z,98697.85,98707.96,98702.79,8.307103,43.032490,33.981085,163.274432,145.851058,19,2.994912,5.312191
2026-01-02T20:24:00Z,98697.36,98707.44,98701.54,9.034452,38.946740,31.276182,147.822022,134.296569,17,2.739634,6.294818
2026-01-02T20:25:00Z,98701.03,98711.07,98705.18,8.694118,39.784926,32.194576,151.054518,138.296785,18,3.143858,5.550260
2026-01-02T20:26:00Z,98711.14,98721.14,98716.41,9.206824,39.174579,31.272802,148.787854,134.392096,17,2.540490,6.666334
2026-01-02T20:27:00Z,98710.43,98720.39,98714.52,8.668628,38.207583,31.500774,145.164861,135.426939,20,3.050074,5.618554
2026-01-02T20:28:00Z,98714.82,98724.74,98719.87,9.019798,40.002265,32.155389,152.035897,138.297355,17,2.861299,6.158499
2026-01-02T20:29:00Z,98711.64,98721.53,98716.93,8.303648,41.820992,35.365764,159.003369,152.166396,17,2.408727,5.894921
2026-01-02T20:30:00Z,98700.23,98710.08,98704.96,8.352825,39.814797,31.467365,151.428548,135.447521,20,2.991269,5.361556
2026-01-02T20:31:00Z,98689.72,98699.54,98695.81,9.809318,37.838711,31.946614,143.963248,137.565591,20,3.057872,6.751447
2026-01-02T20:32:00Z,98689.99,98699.77,98696.57,8.791747,39.023990,30.290958,148.525095,130.488320,18,2.621653,6.170094
2026-01-02T20:33:00Z,98687.26,98697.00,98691.88,9.121954,39.028495,31.626024,148.594810,136.293835,22,3.341909,5.780044
2026-01-02T20:34:00Z,98695.29,98705.00,98700.38,8.325374,38.380236,29.516328,146.178647,127.252486,18,2.714417,5.610957
2026-01-02T20:35:00Z,98694.77,98704.44,98698.59,8.463759,39.397407,31.150269,150.106397,134.349918,21,2.790124,5.673635
2026-01-02T20:36:00Z,98695.63,98705.27,98701.49,10.093680,38.987698,29.768639,148.598766,128.441560,18,3.220985,6.872695
2026-01-02T20:37:00Z,98680.29,98689.89,98684.43,8.954798,38.258679,31.260438,145.872830,134.931074,19,2.545179,6.409619
2026-01-02T20:38:00Z,98691.99,98701.55,98696.28,8.865726,37.889229,30.348856,144.516631,131.047546,20,2.662123,6.203603
2026-01-02T20:39:00Z,98690.23,98699.76,98696.90,9.236493,41.523697,34.105790,158.436948,147.327448,18,2.777062,6.459432
2026-01-02T20:40:00Z,98693.30,98702.80,98697.89,9.517959,37.738717,29.739126,144.047844,128.514475,18,2.886309,6.631651
2026-01-02T20:41:00Z,98682.00,98691.47,98687.13,9.525066,38.776731,31.564568,148.064440,136.455582,18,3.069604,6.455462
2026-01-02T20:42:00Z,98681.01,98690.45,98686.14,8.760690,39.737519,32.328144,151.789258,139.810300,20,2.739303,6.021387
2026-01-02T20:43:00Z,98665.29,98674.68,98669.80,9.594633,40.286927,30.948344,153.945109,133.894294,19,2.766334,6.828299
2026-01-02T20:44:00Z,98685.94,98695.30,98691.44,9.229602,39.699240,28.903711,151.756110,125.096115,18,3.195898,6.033704
2026-01-02T20:45:00Z,98669.33,98678.66,98673.46,8.744788,39.446801,29.593282,150.847727,128.129231,19,2.494827,6.249961
2026-01-02T20:46:00Z,98678.51,98687.81,98684.38,9.601903,39.743134,35.767938,152.038238,154.922029,20,3.410277,6.191626
2026-01-02T20:47:00Z,98684.16,98693.42,98687.86,9.655915,37.512598,29.839173,143.559638,129.291373,21,2.887270,6.768644
2026-01-02T20:48:00Z,98663.65,98672.88,98667.95,9.847855,37.344196,32.718796,142.969552,141.821756,19,2.973468,6.874387
2026-01-02T20:49:00Z,98666.87,98676.07,98672.48,9.901309,43.303817,29.299704,165.848896,127.048892,20,3.128981,6.772328
2026-01-02T20:50:00Z,98673.88,98683.05,98679.38,8.784205,39.295469,28.405763,150.555139,123.218380,23,2.883267,5.900938
2026-01-02T20:51:00Z,98651.98,98661.12,98655.58,10.006448,42.448595,30.620837,162.698619,132.876071,20,3.085773,6.920675
2026-01-02T20:52:00Z,98675.22,98684.33,98677.42,9.224526,39.660207,32.935656,152.070048,142.973654,21,2.801108,6.423418
2026-01-02T20:53:00Z,98661.77,98670.85,98666.54,8.665944,40.849494,30.691551,156.691082,133.280867,20,3.037325,5.628619
2026-01-02T20:54:00Z,98651.49,98660.55,98654.33,9.648055,38.879934,32.357382,149.194469,140.566206,22,3.244287,6.403767
2026-01-02T20:55:00Z,98660.32,98669.34,98665.98,9.085660,38.400753,31.661584,147.413501,137.593536,19,2.983713,6.101947
2026-01-02T20:56:00Z,98655.36,98664.36,98662.95,10.326584,41.652402,29.094857,159.958972,126.484921,20,3.506248,6.820336
2026-01-02T20:57:00Z,98669.19,98678.15,98674.74,9.423020,40.610662,30.507943,156.020032,132.675848,21,3.295885,6.127135
2026-01-02T20:58:00Z,98655.12,98664.05,98658.93,10.397060,37.568728,30.028854,144.390703,130.639168,19,3.490658,6.906401
2026-01-02T20:59:00Z,98660.11,98669.02,98666.01,8.525906,39.714670,30.004150,152.699227,130.578283,20,2.743444,5.782462
2026-01-02T21:00:00Z,98656.94,98665.82,98661.21,8.902993,40.555834,33.203813,155.995850,144.554572,22,3.264383,5.638610
2026-01-02T21:01:00Z,98647.29,98656.15,98652.40,9.552451,39.770911,32.742257,153.038174,142.595565,21,3.009707,6.542744
2026-01-02T21:02:00Z,98662.07,98670.89,98665.73,8.818255,39.146245,29.305260,150.695247,127.672035,23,3.321939,5.496316
2026-01-02T21:03:00Z,98659.87,98668.67,98664.28,10.456006,36.610480,32.329762,140.990793,140.897985,22,3.559958,6.896048
2026-01-02T21:04:00Z,98653.67,98662.44,98659.81,10.421296,37.571809,28.242948,144.751812,123.129929,20,3.606466,6.814829
2026-01-02T21:05:00Z,98647.54,98656.29,98653.41,8.846036,37.495425,31.884149,144.516496,139.052574,23,2.310897,6.535138
2026-01-02T21:06:00Z,98645.02,98653.74,98649.97,8.532987,37.251110,30.280956,143.633675,132.106340,20,3.118535,5.414451
2026-01-02T21:07:00Z,98632.48,98641.17,98638.05,9.986987,37.691124,29.515749,145.390064,128.812201,21,3.382567,6.604420
2026-01-02T21:08:00Z,98642.49,98651.16,98645.99,9.490676,40.783779,30.674053,157.384636,133.913003,20,2.989296,6.501379
2026-01-02T21:09:00Z,98642.41,98651.06,98644.47,10.041883,39.788779,27.962810,153.608545,122.118100,22,3.560665,6.481218
2026-01-02T21:10:00Z,98635.79,98644.41,98639.75,8.597011,39.717608,35.537718,153.397540,155.251449,22,2.763142,5.833869
2026-01-02T21:11:00Z,98633.31,98641.91,98639.98,8.860549,38.775547,28.563174,149.821602,124.824187,21,3.066691,5.793858
2026-01-02T21:12:00Z,98638.17,98646.74,98644.27,9.957899,39.021450,28.716741,150.834869,125.537311,23,3.354296,6.603603
2026-01-02T21:13:00Z,98643.27,98651.82,98647.96,8.927985,35.884777,28.403373,138.768557,124.208766,20,3.251463,5.676522
2026-01-02T21:14:00Z,98641.42,98649.95,98646.79,8.637713,37.019476,30.596120,143.216877,133.842049,22,2.409631,6.228082
2026-01-02T21:15:00Z,98631.36,98639.87,98635.74,9.723879,36.399054,31.049605,140.876243,135.870583,24,3.290664,6.433216
2026-01-02T21:16:00Z,98627.90,98636.38,98632.80,10.271475,35.743453,36.467852,138.397595,159.632725,21,3.392663,6.878812
2026-01-02T21:17:00Z,98649.40,98657.87,98650.68,9.272786,40.666846,28.725170,157.527912,125.781273,21,2.991327,6.281459
2026-01-02T21:18:00Z,98636.78,98645.22,98640.38,8.906243,35.393919,29.312072,137.161205,128.392824,25,3.086461,5.819782
2026-01-02T21:19:00Z,98619.48,98627.91,98626.00,11.120554,37.895442,28.974058,146.918281,126.953203,21,3.781458,7.339096
2026-01-02T21:20:00Z,98635.70,98644.11,98639.30,9.964713,38.035495,31.313461,147.524705,137.247595,22,3.240391,6.724322
2026-01-02T21:21:00Z,98623.79,98632.18,98626.12,9.778586,35.834447,27.823030,139.047705,121.987876,23,3.159775,6.618811
2026-01-02T21:22:00Z,98618.22,98626.58,98622.43,8.725349,38.204774,27.478262,148.309439,120.514499,25,3.213093,5.512257
2026-01-02T21:23:00Z,98622.55,98630.89,98627.41,9.893781,37.399096,29.529183,145.244899,129.550321,20,3.145816,6.747965
2026-01-02T21:24:00Z,98621.10,98629.43,98626.35,9.205340,40.295872,27.740965,156.563156,121.743250,21,3.016811,6.188529
2026-01-02T21:25:00Z,98610.88,98619.19,98615.57,9.051129,35.257997,27.727201,137.049182,121.720810,23,3.127174,5.923955
2026-01-02T21:26:00Z,98633.79,98642.08,98637.48,12.025775,39.623111,30.261174,154.084083,132.886019,22,4.288564,7.737211
2026-01-02T21:27:00Z,98605.87,98614.15,98610.35,10.680667,35.582513,30.717509,138.432096,134.931526,22,3.746883,6.933784
2026-01-02T21:28:00Z,98614.41,98622.67,98618.48,10.182736,36.339985,29.335660,141.441374,128.901046,21,3.048567,7.134168
2026-01-02T21:29:00Z,98614.87,98623.12,98619.12,9.895009,35.178962,28.423234,136.983055,124.929912,21,3.108358,6.786651
2026-01-02T21:30:00Z,98612.94,98621.17,98615.38,9.107749,35.068588,30.033183,136.613867,132.046196,21,3.337153,5.770596
2026-01-02T21:31:00Z,98599.66,98607.88,98604.56,8.842146,34.583372,29.022220,134.783608,127.639752,22,3.183573,5.658574
2026-01-02T21:32:00Z,98619.14,98627.34,98623.48,9.113704,38.997941,30.887463,152.056579,135.883764,22,3.580598,5.533107
2026-01-02T21:33:00Z,98603.86,98612.04,98607.09,9.759633,35.232942,27.599948,137.437986,121.457075,24,3.440787,6.318847
2026-01-02T21:34:00Z,98606.67,98614.84,98608.98,9.224022,34.938163,30.778192,136.349276,135.483400,22,3.088874,6.135149
2026-01-02T21:35:00Z,98620.33,98628.49,98625.37,10.178345,35.194308,28.068846,137.410726,123.593369,23,3.710750,6.467595
2026-01-02T21:36:00Z,98606.38,98614.53,98609.93,8.738219,34.968957,27.455430,136.592502,120.927673,24,2.742960,5.995259
2026-01-02T21:37:00Z,98599.46,98607.59,98603.40,12.161856,34.578901,28.929895,135.130027,127.458954,23,3.946311,8.215546
2026-01-02T21:38:00Z,98615.93,98624.06,98620.68,8.947496,36.272764,30.448974,141.813758,134.190389,22,3.122024,5.825472
2026-01-02T21:39:00Z,98599.54,98607.65,98603.89,9.972530,35.789094,27.731109,139.986445,122.247625,24,3.899105,6.073425
2026-01-02T21:40:00Z,98599.84,98607.94,98604.78,9.079819,34.136981,30.821406,133.585237,135.909333,23,3.084907,5.994912
2026-01-02T21:41:00Z,98612.69,98620.79,98618.15,11.219373,38.130177,30.004319,149.279704,132.343753,22,4.084899,7.134475
2026-01-02T21:42:00Z,98606.17,98614.25,98612.85,9.329637,34.605971,30.909940,135.544560,136.376606,22,3.177952,6.151685
2026-01-02T21:43:00Z,98601.35,98609.43,98606.78,8.864748,35.532807,28.333737,139.238770,125.045135,22,3.146660,5.718087
2026-01-02T21:44:00Z,98596.31,98604.38,98602.28,9.056322,34.620882,31.299192,135.727827,138.170872,22,2.900128,6.156194
2026-01-02T21:45:00Z,98610.04,98618.10,98615.40,9.077458,36.405850,27.788414,142.791565,122.706266,22,3.392030,5.685428
2026-01-02T21:46:00Z,98611.61,98619.66,98616.02,10.110581,33.555952,32.561160,131.674612,143.820787,23,3.470714,6.639867
2026-01-02T21:47:00Z,98604.22,98612.26,98607.10,11.286058,36.334092,37.645500,142.642320,166.323207,22,3.550173,7.735885
2026-01-02T21:48:00Z,98605.15,98613.19,98609.66,9.912646,33.436224,27.124572,131.326804,119.872580,26,3.580618,6.332027
2026-01-02T21:49:00Z,98607.02,98615.06,98614.31,9.920546,34.732094,32.102151,136.480205,141.908183,23,3.179117,6.741430
2026-01-02T21:50:00Z,98604.83,98612.86,98608.39,9.894138,33.525226,27.896634,131.799404,123.350425,24,3.897963,5.996174
2026-01-02T21:51:00Z,98610.73,98618.75,98614.76,9.494174,33.686383,30.952873,132.495037,136.900343,22,2.826107,6.668067
2026-01-02T21:52:00Z,98595.01,98603.02,98601.20,9.239420,36.903013,27.503546,145.214845,121.676347,24,3.570011,5.669409
2026-01-02T21:53:00Z,98604.73,98612.74,98608.00,9.712086,34.273696,27.231768,134.931874,120.505368,26,3.960588,5.751497
2026-01-02T21:54:00Z,98585.19,98593.20,98589.69,8.897106,33.312917,32.327782,131.211275,143.093109,22,3.440933,5.456173
2026-01-02T21:55:00Z,98594.67,98602.67,98597.68,10.011059,36.047163,29.422175,142.047933,130.265384,22,3.777809,6.233250
2026-01-02T21:56:00Z,98614.69,98622.70,98620.69,11.497463,35.832791,29.957429,141.270096,132.668980,23,4.815176,6.682287
2026-01-02T21:57:00Z,98597.26,98605.26,98601.31,9.846971,35.771258,28.769302,141.094485,127.439467,24,3.458007,6.388964
2026-01-02T21:58:00Z,98584.52,98592.52,98589.64,10.653813,35.173807,33.551237,138.803962,148.659311,22,4.248540,6.405273
2026-01-02T21:59:00Z,98599.23,98607.23,98602.24,8.875555,32.734407,30.222908,129.239137,133.945441,23,3.357716,5.517839
2026-01-02T22:00:00Z,98587.37,98595.37,98588.51,9.451239,33.164207,27.905455,130.998619,123.705235,22,3.800018,5.651221
2026-01-02T22:01:00Z,98596.05,98604.06,98599.71,9.022108,33.216431,33.957385,131.267740,150.570420,25,3.669561,5.352547
2026-01-02T22:02:00Z,98601.93,98609.93,98602.97,9.380854,34.097124,27.871443,134.812805,123.614807,25,3.546586,5.834268
2026-01-02T22:03:00Z,98606.65,98614.66,98610.85,10.378757,33.276777,27.298579,131.632592,121.103268,24,3.940793,6.437964
2026-01-02T22:04:00Z,98603.33,98611.33,98608.07,10.102712,34.332334,27.106149,135.873480,120.278381,23,3.833118,6.269594
2026-01-02T22:05:00Z,98599.43,98607.44,98604.13,9.194466,33.938969,27.655325,134.381538,122.744382,23,3.205940,5.988526
2026-01-02T22:06:00Z,98618.09,98626.10,98622.34,9.727214,33.346435,30.628407,132.099257,135.972011,22,3.763370,5.963844
2026-01-02T22:07:00Z,98602.42,98610.43,98606.43,9.908336,32.343727,28.481623,128.189192,126.471092,23,3.529750,6.378585
2026-01-02T22:08:00Z,98611.42,98619.44,98615.47,10.790425,32.194256,30.968102,127.658732,137.544015,24,4.342513,6.447913
2026-01-02T22:09:00Z,98612.05,98620.07,98619.14,9.353042,32.207807,31.258014,127.774577,138.863533,24,3.409598,5.943444
2026-01-02T22:10:00Z,98604.75,98612.77,98608.14,11.718900,36.028688,32.113696,143.002393,142.697382,23,4.543404,7.175496
2026-01-02T22:11:00Z,98600.75,98608.78,98604.47,10.876765,36.722184,28.321795,145.826109,125.876463,24,4.033547,6.843218
2026-01-02T22:12:00Z,98596.72,98604.76,98604.31,11.667236,34.765023,29.364729,138.121601,130.540998,24,4.870134,6.797103
2026-01-02T22:13:00Z,98605.67,98613.71,98609.71,9.322323,35.453881,27.696426,140.927431,123.151869,26,3.423464,5.898859
2026-01-02T22:14:00Z,98603.25,98611.30,98606.40,9.336788,38.228340,28.256104,152.030328,125.668093,23,4.037865,5.298923
2026-01-02T22:15:00Z,98608.29,98616.34,98613.12,9.650312,33.368580,28.794982,132.768762,128.092646,24,3.507274,6.143037
2026-01-02T22:16:00Z,98593.89,98601.95,98597.90,9.949947,32.058572,27.463442,127.619224,122.195759,23,4.142998,5.806948
2026-01-02T22:17:00Z,98623.82,98631.89,98629.04,9.035516,32.303465,27.503089,128.657511,122.398350,24,3.780159,5.255357
2026-01-02T22:18:00Z,98600.97,98609.05,98607.70,9.664634,33.922172,29.213430,135.171188,130.037524,24,3.470574,6.194060
2026-01-02T22:19:00Z,98603.91,98612.00,98608.20,9.275582,35.079181,30.397452,139.850718,135.336374,24,3.775403,5.500180
2026-01-02T22:20:00Z,98616.06,98624.17,98618.30,9.468920,31.800500,29.224856,126.842364,130.142783,23,3.172020,6.296901
2026-01-02T22:21:00Z,98604.73,98612.85,98607.04,10.128489,32.725996,28.218710,130.598653,125.688154,24,4.055396,6.073092
2026-01-02T22:22:00Z,98604.54,98612.66,98608.32,9.810815,32.839272,28.123342,131.115830,125.288942,24,3.902515,5.908299
2026-01-02T22:23:00Z,98632.54,98640.67,98636.07,9.562958,33.056867,36.964476,132.050304,164.709309,25,4.539522,5.023436
2026-01-02T22:24:00Z,98623.00,98631.15,98627.19,9.257939,38.569645,29.771310,154.148667,132.683964,24,3.867471,5.390468
2026-01-02T22:25:00Z,98615.43,98623.58,98617.69,9.525527,33.067471,35.152120,132.224473,156.696051,26,3.745344,5.780184
2026-01-02T22:26:00Z,98618.27,98626.44,98622.55,10.256249,31.676868,29.053880,126.727284,129.537594,27,4.269110,5.987139
2026-01-02T22:27:00Z,98621.69,98629.87,98627.02,9.408199,34.499163,28.644284,138.087317,127.736194,24,3.892605,5.515594
2026-01-02T22:28:00Z,98620.23,98628.43,98624.41,9.309126,38.751851,30.697155,155.186999,136.917062,27,4.207074,5.102052
2026-01-02T22:29:00Z,98633.05,98641.26,98638.33,9.554436,32.338372,29.249684,129.568359,130.485777,24,4.081003,5.473433
2026-01-02T22:30:00Z,98617.75,98625.98,98621.62,10.253900,33.100716,29.831297,132.689459,133.105451,23,4.267789,5.986111
2026-01-02T22:31:00Z,98611.55,98619.80,98617.47,10.024483,33.427650,27.815408,134.067462,124.133777,25,4.631556,5.392927
2026-01-02T22:32:00Z,98630.72,98638.98,98635.48,12.290198,32.886569,27.674614,131.963825,123.528183,26,5.333603,6.956595
2026-01-02T22:33:00Z,98628.95,98637.22,98632.27,9.737274,30.976749,31.591233,124.363013,141.036054,26,4.106521,5.630753
2026-01-02T22:34:00Z,98636.03,98644.32,98642.12,9.670163,34.572024,30.484923,138.867158,136.121548,24,4.112382,5.557780
2026-01-02T22:35:00Z,98638.69,98647.00,98642.20,9.383066,30.708156,28.990436,123.409353,129.471400,27,3.795734,5.587332
2026-01-02T22:36:00Z,98617.15,98625.48,98622.10,11.773157,30.994811,28.308915,124.624433,126.449985,27,4.313758,7.459399
2026-01-02T22:37:00Z,98630.68,98639.02,98633.70,10.490094,36.487270,33.748242,146.782979,150.772552,24,4.573971,5.916123
2026-01-02T22:38:00Z,98651.06,98659.42,98654.77,12.914924,33.145089,28.975107,133.405547,129.470516,26,5.769793,7.145131
2026-01-02T22:39:00Z,98637.46,98645.84,98640.64,9.947745,34.278137,29.548067,138.036053,132.053137,25,3.879719,6.068026
2026-01-02T22:40:00Z,98643.20,98651.60,98647.66,9.565620,30.679747,30.079737,123.608390,134.451802,24,3.777800,5.787820
2026-01-02T22:41:00Z,98647.53,98655.96,98652.30,9.693876,31.313022,29.982853,126.224094,134.040984,26,3.783878,5.909998
2026-01-02T22:42:00Z,98637.64,98646.08,98642.86,9.496303,31.172388,28.412148,125.721253,127.039829,24,4.206411,5.289892
2026-01-02T22:43:00Z,98643.18,98651.65,98647.38,10.963145,31.949429,28.467619,128.920888,127.308461,25,5.007048,5.956096
2026-01-02T22:44:00Z,98665.34,98673.83,98669.24,9.160869,34.909447,31.461331,140.936977,140.718962,25,4.189755,4.971114
2026-01-02T22:45:00Z,98663.70,98672.21,98667.13,9.034046,30.418020,27.736416,122.866907,124.077887,26,3.848613,5.185433
2026-01-02T22:46:00Z,98655.86,98664.39,98659.33,9.278184,33.592375,31.285671,135.758468,139.977154,27,4.152533,5.125651
2026-01-02T22:47:00Z,98650.31,98658.86,98654.34,10.451328,39.324616,29.916345,159.005862,133.871143,24,5.159039,5.292290
2026-01-02T22:48:00Z,98650.55,98659.13,98656.25,11.308858,38.701683,28.514935,156.567331,127.619399,24,5.431857,5.877001
2026-01-02T22:49:00Z,98670.78,98679.37,98675.85,9.717659,30.644445,29.630996,124.035472,132.634200,25,4.113011,5.604649
2026-01-02T22:50:00Z,98671.77,98680.39,98675.61,9.843185,33.651552,35.081980,136.276910,157.057061,25,4.365943,5.477242
2026-01-02T22:51:00Z,98672.40,98681.04,98676.14,9.011073,36.594489,33.737020,148.270962,151.057844,24,3.478773,5.532301
2026-01-02T22:52:00Z,98675.51,98684.18,98680.28,9.177671,31.738317,32.643191,128.661239,146.181184,25,3.623065,5.554606
2026-01-02T22:53:00Z,98665.19,98673.88,98670.05,9.157668,31.522996,34.445626,127.854177,154.274575,25,4.755779,4.401889
2026-01-02T22:54:00Z,98676.45,98685.17,98680.91,10.435183,33.804586,32.230452,137.178750,144.373403,26,4.699341,5.735842
2026-01-02T22:55:00Z,98685.74,98694.49,98688.24,10.062148,34.993467,32.445549,142.076468,145.356868,26,4.813746,5.248402
2026-01-02T22:56:00Z,98687.56,98696.33,98688.99,9.668769,30.684225,29.398073,124.644885,131.721914,26,4.390221,5.278547
2026-01-02T22:57:00Z,98689.16,98697.96,98692.12,10.854497,31.027112,30.583159,126.102863,137.050097,26,4.488016,6.366481
2026-01-02T22:58:00Z,98696.45,98705.28,98700.90,9.345845,33.265582,28.277284,135.270526,126.733563,26,4.328531,5.017314
2026-01-02T22:59:00Z,98693.88,98702.73,98699.72,9.710190,29.835406,28.173610,121.384882,126.285209,26,3.956620,5.753570
2026-01-02T23:00:00Z,98704.53,98713.41,98710.04,9.117185,30.994406,28.731875,126.165533,128.803932,27,3.548247,5.568938
2026-01-02T23:01:00Z,98703.08,98711.98,98707.31,9.532829,33.089134,33.456699,134.762082,150.003877,28,3.882065,5.650764
2026-01-02T23:02:00Z,98697.87,98706.81,98700.04,12.021488,32.949277,29.695253,134.262044,133.155708,27,5.564367,6.457121
2026-01-02T23:03:00Z,98712.13,98721.09,98716.13,9.717925,33.628494,33.156538,137.100792,148.694322,26,4.614483,5.103442
2026-01-02T23:04:00Z,98726.12,98735.12,98730.72,10.704667,32.188610,31.924273,131.298596,143.185083,25,4.926471,5.778197
2026-01-02T23:05:00Z,98728.11,98737.13,98732.40,8.985387,30.786237,33.534826,125.643468,150.426198,26,3.876881,5.108506
2026-01-02T23:06:00Z,98729.47,98738.52,98735.92,9.678801,31.976949,37.625125,130.570750,168.793270,24,4.672518,5.006284
2026-01-02T23:07:00Z,98728.13,98737.21,98730.97,10.203936,29.539281,32.877584,120.679772,147.511516,28,4.616264,5.587672
2026-01-02T23:08:00Z,98739.91,98749.02,98744.75,9.444245,31.006926,28.630555,126.741570,128.470596,26,4.061648,5.382597
2026-01-02T23:09:00Z,98744.78,98753.93,98750.38,9.562316,30.856770,30.579504,126.193430,137.230757,24,3.944553,5.617763
2026-01-02T23:10:00Z,98731.45,98740.63,98733.66,10.737281,29.343240,30.450382,120.066086,136.665820,26,5.082821,5.654460
2026-01-02T23:11:00Z,98734.00,98743.21,98736.32,11.491758,29.795067,34.907347,121.978356,156.685662,27,5.343475,6.148283
2026-01-02T23:12:00Z,98748.75,98757.99,98755.39,9.509744,33.205255,30.829785,136.010192,138.397182,27,4.135128,5.374616
2026-01-02T23:13:00Z,98740.76,98750.03,98746.30,10.087376,33.251278,31.244877,136.269693,140.274584,24,4.886711,5.200665
2026-01-02T23:14:00Z,98735.87,98745.17,98739.18,9.374273,30.699528,29.510427,125.877767,132.500706,26,4.537542,4.836731
2026-01-02T23:15:00Z,98753.68,98763.02,98757.17,9.131367,30.884534,30.380496,126.702404,136.420356,25,4.089708,5.041658
2026-01-02T23:16:00Z,98753.87,98763.23,98757.64,10.347839,30.613912,30.080587,125.657727,135.086309,28,5.164429,5.183410
2026-01-02T23:17:00Z,98758.03,98767.43,98761.66,10.930939,31.246663,28.879901,128.321857,129.706141,25,5.137651,5.793288
2026-01-02T23:18:00Z,98772.31,98781.74,98776.97,9.632794,32.354905,29.867277,132.942494,134.152683,26,4.051027,5.581767
2026-01-02T23:19:00Z,98772.42,98781.88,98776.08,10.643062,30.003031,29.290611,123.343308,131.574023,25,5.131462,5.511599
2026-01-02T23:20:00Z,98762.09,98771.59,98767.30,9.172397,31.623089,30.360811,130.071329,136.393024,25,4.113402,5.058995
2026-01-02T23:21:00Z,98775.00,98784.53,98779.30,9.472455,29.222961,34.509709,120.261988,155.044460,26,4.345289,5.127165
2026-01-02T23:22:00Z,98773.41,98782.98,98778.41,9.454079,31.886146,29.770225,131.290446,133.761874,25,4.742661,4.711418
2026-01-02T23:23:00Z,98758.63,98768.24,98763.61,10.182063,30.769631,31.652877,126.759456,142.232145,25,5.088379,5.093683
2026-01-02T23:24:00Z,98792.48,98802.12,98797.44,9.554414,32.853170,29.281607,135.413628,131.586977,26,4.418092,5.136322
2026-01-02T23:25:00Z,98782.14,98791.81,98789.06,8.992199,29.401452,32.615703,121.249773,146.580865,27,4.538346,4.453853
2026-01-02T23:26:00Z,98793.44,98803.15,98799.13,9.689464,30.624540,31.186884,126.359770,140.169699,24,4.346052,5.343412
2026-01-02T23:27:00Z,98791.67,98801.41,98795.92,10.107880,31.113035,30.357153,128.442501,136.450112,24,5.163794,4.944085
2026-01-02T23:28:00Z,98804.89,98814.67,98808.54,12.247947,29.789398,31.893774,123.042531,143.366788,25,6.354572,5.893375
2026-01-02T23:29:00Z,98807.42,98817.23,98813.57,9.264539,30.245303,31.811540,124.990970,143.006647,24,4.721380,4.543159
2026-01-02T23:30:00Z,98814.81,98824.67,98821.11,10.982443,31.168853,30.615826,128.875008,137.640257,25,5.647486,5.334957
2026-01-02T23:31:00Z,98796.01,98805.89,98799.89,9.630757,29.256405,33.126122,121.030835,148.935129,26,5.197013,4.433744
2026-01-02T23:32:00Z,98818.33,98828.25,98820.95,9.855598,29.149311,30.127841,120.650901,135.463000,25,4.991935,4.863663
2026-01-02T23:33:00Z,98843.18,98853.14,98846.93,9.069003,30.272215,34.520737,125.364243,155.223677,24,4.486434,4.582569
2026-01-02T23:34:00Z,98830.76,98840.76,98834.80,9.044747,29.330317,30.139095,121.527190,135.529059,24,4.133095,4.911652
2026-01-02T23:35:00Z,98825.10,98835.13,98828.30,9.811190,30.350901,32.246163,125.821681,145.011902,26,4.979980,4.831210
2026-01-02T23:36:00Z,98838.44,98848.51,98843.64,9.505929,31.356020,30.066506,130.056487,135.216921,27,4.771936,4.733992
2026-01-02T23:37:00Z,98833.53,98843.64,98839.67,9.829348,29.485848,30.291874,122.363495,136.237229,25,5.281712,4.547635
2026-01-02T23:38:00Z,98846.83,98856.98,98851.62,9.586073,29.872103,30.632284,124.031274,137.774767,26,5.088451,4.497621
2026-01-02T23:39:00Z,98859.69,98869.88,98865.50,9.992980,31.562358,36.362091,131.117898,163.553138,24,5.307181,4.685800
2026-01-02T23:40:00Z,98858.56,98868.78,98864.14,9.024502,32.132443,34.071980,133.555996,153.259083,28,4.905126,4.119376
2026-01-02T23:41:00Z,98861.49,98871.75,98867.20,8.964570,31.707483,35.231182,131.858608,158.479819,26,5.099735,3.864835
2026-01-02T23:42:00Z,98860.74,98871.04,98866.63,9.483505,28.533997,30.718602,118.723410,138.186363,25,4.915972,4.567533
2026-01-02T23:43:00Z,98873.19,98883.53,98876.90,9.559834,28.578644,30.804611,118.971345,138.578397,25,5.584785,3.975050
2026-01-02T23:44:00Z,98877.90,98888.27,98884.26,10.346265,28.657005,32.534937,119.359916,146.367588,24,5.338038,5.008227
2026-01-02T23:45:00Z,98878.13,98888.54,98882.91,9.685926,34.014315,31.984193,141.747800,143.894629,24,5.046019,4.639907
2026-01-02T23:46:00Z,98867.71,98878.17,98873.73,8.985793,29.363561,33.196160,122.430656,149.351762,28,4.817188,4.168604
2026-01-02T23:47:00Z,98884.08,98894.58,98889.80,11.290328,28.706092,32.286118,119.751874,145.261568,26,5.281215,6.009112
2026-01-02T23:48:00Z,98898.72,98909.26,98906.17,9.897936,29.674043,34.545556,123.854470,155.431331,28,5.143569,4.754367
2026-01-02T23:49:00Z,98906.75,98917.32,98912.58,9.625013,28.433557,30.624718,118.738846,137.793599,29,5.441817,4.183197
2026-01-02T23:50:00Z,98903.65,98914.26,98910.54,8.908610,29.098787,33.566015,121.580270,151.031092,27,4.749816,4.158794
2026-01-02T23:51:00Z,98898.95,98909.60,98901.49,11.087516,28.929948,34.589594,120.937889,155.639838,25,6.441245,4.646271
2026-01-02T23:52:00Z,98919.75,98930.44,98926.49,10.184350,28.451170,31.821730,118.998448,143.188093,24,5.384355,4.799995
2026-01-02T23:53:00Z,98913.25,98923.98,98917.73,9.500953,31.043365,31.920846,129.908122,143.636362,29,5.383953,4.116999
2026-01-02T23:54:00Z,98926.32,98937.08,98932.64,9.827676,29.709080,33.230059,124.389288,149.529572,24,5.259157,4.568520
2026-01-02T23:55:00Z,98917.26,98928.07,98921.52,11.881485,28.118210,34.791357,117.789783,156.556968,25,6.336051,5.545434
2026-01-02T23:56:00Z,98942.26,98953.11,98947.98,10.267774,28.293477,30.971117,118.585707,139.367667,24,5.610814,4.656960
2026-01-02T23:57:00Z,98908.74,98919.63,98914.24,11.076034,32.813849,31.224540,137.603404,140.509092,24,6.090774,4.985259
2026-01-02T23:58:00Z,98955.01,98965.93,98962.38,9.648637,32.514822,35.256543,136.420381,158.653773,26,5.559330,4.089307
2026-01-02T23:59:00Z,98935.63,98946.59,98943.54,9.587222,28.275814,34.938628,118.696731,157.223659,23,5.363001,4.224221
2026-01-03T00:00:00Z,98953.68,98964.68,98959.37,9.625605,29.953081,32.908729,125.802940,148.089280,24,5.394290,4.231314
2026-01-03T00:01:00Z,98952.92,98963.96,98958.22,8.994805,28.977651,33.740155,121.769353,151.830537,25,4.443354,4.551450
2026-01-03T00:02:00Z,98961.22,98972.30,98966.65,9.361088,30.313771,32.490441,127.450104,146.206367,24,5.075348,4.285739
2026-01-03T00:03:00Z,98945.23,98956.35,98950.98,9.918453,32.322539,32.976055,135.966209,148.390835,26,5.521086,4.397367
2026-01-03T00:04:00Z,98967.93,98979.09,98974.30,8.828804,32.995645,32.734253,138.869634,147.301645,25,5.207037,3.621767
2026-01-03T00:05:00Z,98974.12,98985.31,98979.58,8.758814,28.095032,35.113307,118.305579,158.005705,25,4.854104,3.904710
2026-01-03T00:06:00Z,98973.26,98984.50,98978.37,9.725252,29.317986,32.194477,123.519271,144.869630,26,5.468885,4.256367
2026-01-03T00:07:00Z,98978.46,98989.74,98984.49,10.645332,31.172213,34.177924,131.399272,153.792686,27,6.434394,4.210939
2026-01-03T00:08:00Z,98988.75,99000.06,98994.22,8.735186,31.260645,32.608880,131.840200,146.730029,25,5.032085,3.703102
2026-01-03T00:09:00Z,98996.68,99008.03,99003.81,10.868763,30.882056,34.806080,130.310845,156.613942,25,6.449628,4.419135
2026-01-03T00:10:00Z,98978.29,98989.68,98982.89,10.568468,28.923312,32.625140,122.108719,146.797605,28,6.140758,4.427710
2026-01-03T00:11:00Z,99000.53,99011.96,99006.43,10.010339,33.536504,33.766233,141.657825,151.928605,23,6.002207,4.008132
2026-01-03T00:12:00Z,99002.06,99013.53,99008.87,9.344952,29.128493,37.003661,123.101906,166.491118,25,5.520542,3.824410
2026-01-03T00:13:00Z,99018.10,99029.60,99023.06,11.035482,28.071909,32.550431,118.697754,146.450764,25,6.478333,4.557149
2026-01-03T00:14:00Z,99007.89,99019.43,99013.34,8.697466,34.072300,32.170260,144.143690,144.736168,25,4.928280,3.769186
2026-01-03T00:15:00Z,99021.77,99033.35,99027.44,9.028019,29.605731,34.056571,125.312222,153.218110,24,4.692025,4.335994
2026-01-03T00:16:00Z,99019.39,99031.02,99027.18,9.617656,29.360293,34.005644,124.337267,152.983981,25,5.713561,3.904095
2026-01-03T00:17:00Z,99017.40,99029.06,99020.63,9.556530,35.922462,33.810207,152.205421,152.099443,24,5.562084,3.994447
2026-01-03T00:18:00Z,99020.67,99032.37,99027.98,9.027923,30.096660,32.757561,127.586650,147.358534,24,5.514228,3.513695
2026-01-03T00:19:00Z,99028.42,99040.16,99034.62,9.586913,32.136741,34.862758,136.304905,156.822543,26,5.356907,4.230007
2026-01-03T00:20:00Z,99045.39,99057.17,99051.07,9.916663,29.795904,33.237361,126.441239,149.504884,23,5.390665,4.525999
2026-01-03T00:21:00Z,99038.42,99050.23,99044.56,9.408007,30.644867,33.345746,130.110470,149.985915,24,5.821147,3.586860
2026-01-03T00:22:00Z,99040.47,99052.32,99047.74,9.575307,32.371607,34.733461,137.512090,156.220620,23,5.512765,4.062542
2026-01-03T00:23:00Z,99050.15,99062.04,99056.93,9.264315,28.378209,36.136883,120.610055,162.525064,26,5.422108,3.842207
2026-01-03T00:24:00Z,99060.82,99072.75,99065.41,9.571744,30.091542,36.022835,127.957188,162.004087,23,5.155045,4.416699
2026-01-03T00:25:00Z,99070.87,99082.84,99078.34,8.683884,29.621821,33.508039,126.024064,150.686594,23,5.196804,3.487080
2026-01-03T00:26:00Z,99062.64,99074.64,99069.46,8.973803,29.281941,34.213416,124.641556,153.850409,26,5.290247,3.683556
2026-01-03T00:27:00Z,99066.25,99078.29,99072.70,9.146442,30.805460,33.288717,131.193327,149.683856,24,5.785172,3.361271
2026-01-03T00:28:00Z,99078.22,99090.30,99081.47,10.168566,28.306564,34.604550,120.612421,155.591505,24,6.363490,3.805076
2026-01-03T00:29:00Z,99075.41,99087.52,99081.63,10.954036,33.105905,34.609270,141.133765,155.603365,23,6.398968,4.555068
2026-01-03T00:30:00Z,99081.38,99093.53,99088.45,8.839960,31.042339,36.341708,132.403742,163.382232,25,4.879647,3.960314
2026-01-03T00:31:00Z,99078.11,99090.30,99082.35,9.859192,29.990295,34.345233,127.981351,154.396692,23,5.943383,3.915809
2026-01-03T00:32:00Z,99092.93,99105.15,99098.04,10.090956,29.630905,38.222881,126.511714,171.816975,26,5.911695,4.179261
2026-01-03T00:33:00Z,99099.58,99111.84,99105.56,8.631076,28.235041,34.330110,120.612931,154.307862,22,5.278758,3.352318
2026-01-03T00:34:00Z,99098.84,99111.13,99106.17,8.942012,30.034957,34.380959,128.366546,154.525494,25,5.525214,3.416797
2026-01-03T00:35:00Z,99102.11,99114.44,99107.25,9.067376,34.946914,34.709007,149.435161,155.988554,23,5.465623,3.601753
2026-01-03T00:36:00Z,99110.99,99123.35,99118.30,9.593977,32.165942,33.315648,137.612885,149.715330,22,5.263684,4.330292
2026-01-03T00:37:00Z,99094.07,99106.47,99103.48,9.509648,28.914190,36.910745,123.763470,165.858364,23,5.546703,3.962945
2026-01-03T00:38:00Z,99114.08,99126.51,99120.23,9.169407,30.323218,38.115234,129.859903,171.257190,22,5.660485,3.508922
2026-01-03T00:39:00Z,99124.85,99137.32,99129.75,10.374979,29.563637,34.916633,126.670571,156.872683,22,6.116142,4.258837
2026-01-03T00:40:00Z,99119.53,99132.03,99125.89,9.906328,29.537815,34.998262,126.623418,157.226327,23,6.003821,3.902507
2026-01-03T00:41:00Z,99126.06,99138.59,99132.50,8.883437,29.822003,40.043375,127.905728,179.875654,24,5.884097,2.999340
2026-01-03T00:42:00Z,99129.69,99142.26,99136.71,10.852118,28.774365,39.515544,123.474188,177.489103,22,6.267264,4.584855
2026-01-03T00:43:00Z,99140.31,99152.91,99149.03,8.809315,29.395815,37.730471,126.203938,169.456044,22,5.589963,3.219353
2026-01-03T00:44:00Z,99141.51,99154.14,99148.10,8.739835,30.728264,36.973162,131.990322,166.039580,22,5.251696,3.488139
2026-01-03T00:45:00Z,99138.26,99150.93,99146.97,8.347282,29.282935,36.152515,125.844734,162.338985,24,5.145318,3.201964
2026-01-03T00:46:00Z,99149.21,99161.91,99157.91,8.502366,33.173248,36.967186,142.634484,165.981272,23,5.083466,3.418900
2026-01-03T00:47:00Z,99150.31,99163.04,99156.90,9.380422,31.350396,33.944148,134.863787,152.393023,22,5.298570,4.081852
2026-01-03T00:48:00Z,99149.00,99161.76,99157.00,9.007343,32.066534,35.451093,138.012947,159.142571,21,5.898518,3.108825
2026-01-03T00:49:00Z,99156.93,99169.73,99163.70,8.819433,29.117399,35.757524,125.382108,160.501778,22,5.437454,3.381978
2026-01-03T00:50:00Z,99143.16,99155.99,99149.37,8.440748,28.471522,35.980761,122.661575,161.486982,24,5.260863,3.179884
2026-01-03T00:51:00Z,99167.42,99180.28,99172.49,10.384905,29.829842,36.822374,128.577019,165.246707,26,6.545529,3.839375
2026-01-03T00:52:00Z,99161.43,99174.32,99168.96,8.422492,32.267970,34.911962,139.154831,156.656435,21,5.348074,3.074418
2026-01-03T00:53:00Z,99175.61,99188.53,99181.98,9.492602,31.752306,37.965901,136.998505,170.341213,22,6.445543,3.047059
2026-01-03T00:54:00Z,99166.69,99179.63,99174.49,9.621746,31.808742,36.657639,137.309517,164.452949,22,5.966557,3.655189
2026-01-03T00:55:00Z,99176.90,99189.88,99182.07,8.550784,30.230337,36.001907,130.560079,161.492710,23,4.945747,3.605037
2026-01-03T00:56:00Z,99167.56,99180.57,99174.79,8.704196,32.378138,37.280770,139.904671,167.209765,23,5.497214,3.206982
2026-01-03T00:57:00Z,99159.01,99172.05,99167.20,8.903516,31.139956,37.120310,134.620415,166.470318,22,5.521650,3.381866
2026-01-03T00:58:00Z,99179.64,99192.70,99185.97,9.396672,29.470414,34.829959,127.465142,156.180107,22,6.070458,3.326214
2026-01-03T00:59:00Z,99183.18,99196.28,99188.61,8.274653,30.217763,37.162525,130.761355,166.619035,22,4.880872,3.393781
2026-01-03T01:00:00Z,99185.59,99198.71,99193.04,10.258794,30.032498,35.013573,130.022984,156.964549,23,7.129315,3.129479
2026-01-03T01:01:00Z,99195.85,99209.00,99202.29,9.390061,32.159380,37.374172,139.298855,167.525752,22,5.933731,3.456329
2026-01-03T01:02:00Z,99191.78,99204.96,99198.14,9.662156,29.741625,36.557915,128.888876,163.845819,22,6.239041,3.423115
2026-01-03T01:03:00Z,99193.27,99206.48,99200.40,9.238087,32.034928,38.922917,138.894486,174.422452,23,5.392362,3.845725
2026-01-03T01:04:00Z,99187.67,99200.90,99192.87,9.753080,29.702047,35.213709,128.842095,157.779631,21,6.019089,3.733992
2026-01-03T01:05:00Z,99188.63,99201.89,99195.40,8.433279,31.047104,36.296469,134.741778,162.609086,22,5.405532,3.027747
2026-01-03T01:06:00Z,99207.96,99221.24,99212.82,8.913307,28.959957,39.039047,125.744354,174.871893,24,5.382654,3.530653
2026-01-03T01:07:00Z,99213.43,99226.74,99218.49,11.600977,30.128553,37.343446,130.881391,167.253292,21,7.481895,4.119082
2026-01-03T01:08:00Z,99217.84,99231.17,99226.30,8.192629,32.028935,35.642687,139.203705,159.613382,21,5.056688,3.135941
2026-01-03T01:09:00Z,99196.96,99210.32,99202.43,8.377231,30.470006,36.442133,132.491836,163.170016,20,5.310910,3.066321
2026-01-03T01:10:00Z,99215.67,99229.05,99222.54,8.153735,30.515683,37.224522,132.753990,166.648916,23,5.742513,2.411222
2026-01-03T01:11:00Z,99215.62,99229.02,99222.92,9.486455,32.396448,38.313352,141.003340,171.498145,20,5.763789,3.722666
2026-01-03T01:12:00Z,99208.29,99221.72,99214.37,8.325959,32.925508,40.409494,143.374405,180.853830,21,5.583613,2.742346
2026-01-03T01:13:00Z,99216.60,99230.05,99223.45,8.853433,32.386459,37.188145,141.094263,166.411355,23,5.944658,2.908775
2026-01-03T01:14:00Z,99224.65,99238.12,99230.42,8.070024,29.868528,36.302594,130.186528,162.423680,22,5.197382,2.872642
2026-01-03T01:15:00Z,99213.20,99226.69,99219.23,9.599014,30.183741,43.033223,131.622836,192.507618,21,6.188297,3.410717
2026-01-03T01:16:00Z,99217.86,99231.37,99228.19,8.139431,34.300238,38.011629,149.644533,170.016868,20,5.187655,2.951776
2026-01-03T01:17:00Z,99222.29,99235.83,99230.27,8.133031,30.626418,38.589100,133.679577,172.572174,21,5.581217,2.551814
2026-01-03T01:18:00Z,99235.69,99249.25,99242.48,8.481732,29.308081,39.933087,127.985559,178.553639,20,5.694253,2.787479
2026-01-03T01:19:00Z,99224.44,99238.02,99230.84,9.986502,30.281928,40.291870,132.300483,180.128353,21,6.066666,3.919836
2026-01-03T01:20:00Z,99234.48,99248.07,99240.83,7.990104,30.436463,40.079436,133.038088,179.148921,21,4.736076,3.254028
2026-01-03T01:21:00Z,99235.20,99248.81,99242.96,8.157435,32.141124,38.346200,140.555015,171.372838,20,5.438158,2.719277
2026-01-03T01:22:00Z,99245.28,99258.92,99250.51,8.363619,31.310922,36.883781,136.988530,164.809128,20,5.349064,3.014555
2026-01-03T01:23:00Z,99220.19,99233.84,99225.55,10.022563,36.599934,36.054478,160.203237,161.075820,20,6.443067,3.579496
2026-01-03T01:24:00Z,99240.18,99253.85,99246.40,9.373814,33.054188,41.998105,144.750372,187.596722,20,6.356965,3.016849
2026-01-03T01:25:00Z,99245.39,99259.08,99252.66,9.211096,35.707614,40.652175,156.442876,181.552775,22,5.955091,3.256005
2026-01-03T01:26:00Z,99246.77,99260.48,99253.92,8.242402,30.883144,39.137540,135.368560,174.757286,20,5.703196,2.539206
2026-01-03T01:27:00Z,99232.64,99246.36,99240.70,9.806373,29.975159,36.698389,131.449426,163.836464,21,7.074176,2.732197
2026-01-03T01:28:00Z,99250.83,99264.57,99258.89,8.750619,31.407767,38.606837,137.795401,172.325168,20,5.410256,3.340363
2026-01-03T01:29:00Z,99247.66,99261.42,99255.93,8.459746,32.835398,38.934491,144.125209,173.755689,21,5.728661,2.731084
2026-01-03T01:30:00Z,99259.97,99273.75,99265.34,8.407809,30.122123,37.922832,132.276537,169.209394,21,5.507741,2.900068
2026-01-03T01:31:00Z,99249.51,99263.30,99258.15,7.928370,33.066605,45.481791,145.273349,202.898839,22,5.323865,2.604505
2026-01-03T01:32:00Z,99239.16,99252.96,99246.95,8.458196,35.177854,39.652915,154.619529,176.862012,20,5.678293,2.779903
2026-01-03T01:33:00Z,99258.55,99272.36,99264.75,8.566827,30.244909,36.533570,132.998116,162.917644,23,5.600201,2.966627
2026-01-03T01:34:00Z,99257.28,99271.11,99266.03,8.206866,32.078471,38.143474,141.125208,170.063826,22,5.319794,2.887073
2026-01-03T01:35:00Z,99246.03,99259.87,99252.74,7.824850,33.212836,37.490947,146.182093,167.121734,23,5.472811,2.352039
2026-01-03T01:36:00Z,99253.36,99267.22,99261.08,8.997390,33.159736,37.294688,146.014530,166.213947,20,5.557597,3.439793
2026-01-03T01:37:00Z,99248.26,99262.13,99253.68,9.090466,30.891675,39.499477,136.088930,176.004969,23,6.039365,3.051101
2026-01-03T01:38:00Z,99263.92,99277.79,99272.43,7.786691,33.822856,39.897361,149.069050,177.741972,19,4.954215,2.832476
2026-01-03T01:39:00Z,99259.71,99273.60,99268.01,8.349207,34.422840,38.416115,151.781658,171.108125,20,5.643531,2.705675
2026-01-03T01:40:00Z,99272.01,99285.91,99278.50,8.074200,32.743508,38.527629,144.441738,171.569459,20,5.584159,2.490041
2026-01-03T01:41:00Z,99262.48,99276.39,99269.15,8.902523,31.075667,41.557082,137.145757,185.021585,21,5.936965,2.965559
2026-01-03T01:42:00Z,99231.67,99245.59,99241.10,8.444451,31.069759,41.983301,137.180926,186.879961,19,5.883354,2.561097
2026-01-03T01:43:00Z,99260.55,99274.47,99268.77,7.816496,33.772920,38.880339,149.182509,173.031084,19,5.155976,2.660519
2026-01-03T01:44:00Z,99240.23,99254.17,99247.47,9.553447,31.162208,37.193333,137.711579,165.487904,21,6.445212,3.108234
2026-01-03T01:45:00Z,99268.95,99282.89,99275.35,8.030791,33.596226,37.286424,148.533765,165.866283,20,5.549311,2.481480
2026-01-03T01:46:00Z,99266.19,99280.14,99273.77,8.988538,36.217457,43.350637,160.193394,192.800538,19,6.268879,2.719659
2026-01-03T01:47:00Z,99274.69,99288.65,99284.23,9.115493,34.095828,39.239067,150.875718,174.476098,19,5.973989,3.141504
2026-01-03T01:48:00Z,99268.20,99282.17,99274.71,7.950330,36.615912,40.118747,162.098469,178.348023,21,5.284267,2.666063
2026-01-03T01:49:00Z,99264.32,99278.28,99270.96,8.776568,33.011600,38.271441,146.206294,170.097748,20,6.429671,2.346896
2026-01-03T01:50:00Z,99258.84,99272.81,99267.35,10.266824,36.700753,37.808190,162.616422,168.000897,19,7.124035,3.142789
2026-01-03T01:51:00Z,99255.30,99269.28,99262.76,8.874025,38.731499,42.002816,171.689270,186.597252,19,6.382468,2.491558
2026-01-03T01:52:00Z,99256.91,99270.89,99264.07,8.252174,33.401558,39.577152,148.127083,175.780884,19,6.202452,2.049721
2026-01-03T01:53:00Z,99240.86,99254.84,99248.90,8.772015,32.193830,42.173330,142.833071,187.268366,18,5.803171,2.968844
2026-01-03T01:54:00Z,99249.84,99263.83,99254.76,8.770592,31.770491,38.949314,141.015848,172.911917,20,5.734601,3.035992
2026-01-03T01:55:00Z,99261.51,99275.50,99269.06,8.719193,32.539483,37.928878,144.491392,168.342141,19,6.177158,2.542035
2026-01-03T01:56:00Z,99249.16,99263.15,99255.31,8.801984,32.234263,39.127854,143.197644,173.622411,20,5.816649,2.985335
2026-01-03T01:57:00Z,99238.66,99252.66,99247.46,9.363860,31.708411,38.393759,140.922028,170.324238,20,6.966968,2.396893
2026-01-03T01:58:00Z,99259.69,99273.69,99267.72,7.550668,31.468313,41.795028,139.914783,185.368381,20,4.857378,2.693290
2026-01-03T01:59:00Z,99247.17,99261.17,99253.47,8.010660,34.566219,39.626456,153.754283,175.707646,19,5.272766,2.737894
2026-01-03T02:00:00Z,99269.39,99283.39,99276.08,10.282436,33.152992,40.231004,147.530814,178.344554,20,7.840436,2.442001
2026-01-03T02:01:00Z,99262.30,99276.30,99269.68,7.681093,34.329008,39.026194,152.828866,172.960884,18,5.045793,2.635300
2026-01-03T02:02:00Z,99251.36,99265.36,99258.67,8.860566,31.614104,38.373898,140.801921,170.027626,18,6.143130,2.717436
2026-01-03T02:03:00Z,99236.05,99250.05,99241.70,8.908401,31.526181,44.907540,140.469521,198.927072,17,6.001395,2.907006
2026-01-03T02:04:00Z,99248.96,99262.95,99255.99,7.734154,32.355911,39.235007,144.227091,173.755509,18,5.371411,2.362743
2026-01-03T02:05:00Z,99246.31,99260.31,99253.14,7.383742,32.276350,38.789894,143.932726,171.740547,19,5.005668,2.378074
2026-01-03T02:06:00Z,99258.77,99272.76,99265.70,7.338350,33.623924,39.563358,150.004707,175.120087,18,4.681910,2.656440
2026-01-03T02:07:00Z,99249.51,99263.50,99255.63,8.695253,33.455128,38.807598,149.313813,171.730455,18,5.590113,3.105139
2026-01-03T02:08:00Z,99244.05,99258.04,99251.13,8.209963,34.001930,40.387183,151.817243,178.673869,17,5.648306,2.561657
2026-01-03T02:09:00Z,99248.38,99262.36,99253.87,7.699402,34.720340,39.376047,155.089068,174.154895,18,5.221136,2.478266
2026-01-03T02:10:00Z,99255.50,99269.48,99262.16,7.795717,32.403426,41.498639,144.799565,183.494353,18,5.815753,1.979964
2026-01-03T02:11:00Z,99238.27,99252.24,99244.17,7.383942,32.842249,42.200790,146.820856,186.549413,17,4.711467,2.672475
2026-01-03T02:12:00Z,99257.35,99271.31,99264.06,9.144823,34.413129,39.869892,153.906509,176.198421,21,6.564111,2.580711
2026-01-03T02:13:00Z,99242.91,99256.86,99248.77,7.423323,32.808473,38.291591,146.789919,169.177729,17,5.257413,2.165910
2026-01-03T02:14:00Z,99246.85,99260.80,99252.36,7.184698,36.116163,38.895954,161.654808,171.801208,17,4.677105,2.507593
2026-01-03T02:15:00Z,99227.18,99241.12,99233.13,9.186675,35.381421,41.243907,158.430399,182.122156,17,6.677580,2.509095
2026-01-03T02:16:00Z,99240.35,99254.29,99249.17,7.444228,32.343731,38.666934,144.886861,170.695906,17,4.804983,2.639245
2026-01-03T02:17:00Z,99239.29,99253.21,99246.31,9.355817,33.400141,39.201266,149.679474,173.006746,18,6.376370,2.979447
2026-01-03T02:18:00Z,99237.26,99251.17,99244.45,7.201499,35.947928,40.657657,161.161863,179.384150,19,4.959123,2.242376
2026-01-03T02:19:00Z,99249.07,99262.98,99256.87,7.196835,32.875656,43.208562,147.447265,190.585341,19,5.140214,2.056620
2026-01-03T02:20:00Z,99243.89,99257.79,99251.21,8.354198,36.724796,41.544567,164.776382,183.193926,18,5.186653,3.167545
2026-01-03T02:21:00Z,99224.18,99238.07,99232.47,7.215242,34.251928,42.075871,153.742263,185.483934,17,4.874080,2.341162
2026-01-03T02:22:00Z,99220.33,99234.21,99230.10,8.388482,34.498109,39.038293,154.908637,172.044013,18,5.660095,2.728387
2026-01-03T02:23:00Z,99235.53,99249.39,99242.34,7.642754,35.105660,38.663590,157.699007,170.343544,17,5.247548,2.395206
2026-01-03T02:24:00Z,99233.81,99247.67,99239.54,7.397229,35.810988,43.073488,160.930735,189.717542,16,5.057536,2.339693
2026-01-03T02:25:00Z,99229.95,99243.79,99235.73,7.831059,37.077666,39.636811,166.688387,174.529688,19,5.263482,2.567577
2026-01-03T02:26:00Z,99234.03,99247.86,99242.25,8.886864,36.558203,44.466737,164.417278,195.739392,18,6.207904,2.678960
2026-01-03T02:27:00Z,99221.01,99234.82,99228.65,7.337204,33.882502,39.411920,152.442876,173.437154,17,4.892309,2.444895
2026-01-03T02:28:00Z,99218.04,99231.84,99225.80,7.138478,35.468760,39.142648,159.641607,172.200947,16,4.966277,2.172202
2026-01-03T02:29:00Z,99223.22,99237.00,99229.05,7.606350,36.542024,46.722058,164.535836,205.483656,16,5.412974,2.193375
2026-01-03T02:30:00Z,99221.84,99235.61,99229.59,8.004234,33.151775,39.270159,149.328215,172.658192,17,5.715129,2.289105
2026-01-03T02:31:00Z,99228.24,99242.00,99234.54,8.749227,39.261152,39.877968,176.915014,175.277417,16,5.924662,2.824564
2026-01-03T02:32:00Z,99216.37,99230.11,99220.47,7.271490,35.601127,38.786500,160.483857,170.428092,16,4.943397,2.328093
2026-01-03T02:33:00Z,99197.01,99210.73,99202.06,7.720284,34.617007,43.884894,156.107021,192.771353,18,5.134815,2.585469
2026-01-03T02:34:00Z,99214.17,99227.88,99221.01,7.612111,37.004804,41.205247,166.938191,180.944770,16,5.085707,2.526404
2026-01-03T02:35:00Z,99204.36,99218.05,99211.88,6.937469,33.803735,40.202712,152.554961,176.487585,18,4.940185,1.997285
2026-01-03T02:36:00Z,99195.71,99209.38,99202.69,7.619445,35.326694,41.385341,159.488017,181.622590,16,4.998829,2.620616
2026-01-03T02:37:00Z,99216.60,99230.25,99223.14,7.028240,34.324004,38.786409,155.019305,170.163593,17,4.909939,2.118301
2026-01-03T02:38:00Z,99199.71,99213.34,99203.93,8.244720,33.864590,40.217689,153.001544,176.387233,17,5.594615,2.650105
2026-01-03T02:39:00Z,99198.45,99212.07,99206.32,8.013975,38.144932,40.550859,172.404391,177.792035,20,5.045974,2.968001
2026-01-03T02:40:00Z,99194.59,99208.18,99200.85,7.852355,37.492615,39.153151,169.518879,171.609132,17,5.137666,2.714689
2026-01-03T02:41:00Z,99186.44,99200.02,99192.26,7.729440,36.977785,41.617963,167.252815,182.353944,17,5.146846,2.582594
2026-01-03T02:42:00Z,99196.17,99209.73,99204.10,8.553016,34.408807,41.539983,155.690354,181.953555,16,5.676151,2.876865
2026-01-03T02:43:00Z,99189.34,99202.88,99196.69,8.009096,36.975380,46.687705,167.364615,204.435304,16,5.632828,2.376268
2026-01-03T02:44:00Z,99184.97,99198.49,99191.36,7.546362,34.419166,39.439331,155.851000,172.639943,18,5.293139,2.253223
2026-01-03T02:45:00Z,99193.35,99206.85,99199.46,6.749288,34.709618,42.817940,157.223218,187.367876,18,4.598736,2.150552
2026-01-03T02:46:00Z,99179.81,99193.29,99187.50,7.282955,38.173918,41.331713,172.977858,180.804662,19,5.140366,2.142589
2026-01-03T02:47:00Z,99186.68,99200.13,99194.54,7.867548,37.538990,39.034343,170.162020,170.698303,16,5.201854,2.665694
2026-01-03T02:48:00Z,99176.25,99189.67,99184.14,9.814075,37.076420,40.287331,168.125447,176.118986,15,6.189264,3.624811
2026-01-03T02:49:00Z,99171.36,99184.76,99176.85,7.246142,35.933744,41.497823,163.002052,181.350012,16,5.316058,1.930084
2026-01-03T02:50:00Z,99176.09,99189.47,99182.67,7.330941,35.585756,41.783562,161.480871,182.537287,18,5.195655,2.135286
2026-01-03T02:51:00Z,99173.78,99187.13,99180.49,6.716397,35.142969,39.906756,159.528007,174.279237,18,4.647336,2.069061
2026-01-03T02:52:00Z,99166.53,99179.86,99173.21,7.576846,34.734690,40.527733,157.730197,176.930986,16,5.040761,2.536084
2026-01-03T02:53:00Z,99172.15,99185.46,99179.64,6.990321,34.855587,43.643123,158.334695,190.466686,16,4.918707,2.071614
2026-01-03T02:54:00Z,99178.03,99191.31,99184.27,6.926687,38.739325,42.312539,176.038362,184.596371,16,4.792979,2.133709
2026-01-03T02:55:00Z,99162.18,99175.44,99170.70,7.197307,38.296905,41.035113,174.088408,178.961593,18,5.203136,1.994171
2026-01-03T02:56:00Z,99150.12,99163.35,99156.48,9.021720,36.836875,40.691244,167.509395,177.400390,18,6.562100,2.459620
2026-01-03T02:57:00Z,99161.17,99174.37,99166.52,8.711729,36.443829,42.660446,165.779161,185.920664,16,5.808572,2.903157
2026-01-03T02:58:00Z,99154.56,99167.73,99163.00,7.973112,34.903926,40.811825,158.828730,177.801825,15,5.728870,2.244242
2026-01-03T02:59:00Z,99154.71,99167.85,99161.37,8.481362,35.211714,42.707325,160.283980,185.994359,17,5.742284,2.739078
2026-01-03T03:00:00Z,99150.72,99163.84,99157.42,7.449500,38.324901,41.023331,174.514481,178.597263,17,5.162240,2.287260
2026-01-03T03:01:00Z,99150.68,99163.78,99158.08,8.524067,40.110567,39.683330,182.707352,172.702143,16,5.400162,3.123904
2026-01-03T03:02:00Z,99152.68,99165.75,99160.42,7.089136,36.447426,41.325582,166.077261,179.785068,16,5.171903,1.917233
2026-01-03T03:03:00Z,99139.96,99153.00,99146.67,8.639050,39.036337,40.026350,177.933516,174.070401,18,5.572949,3.066101
2026-01-03T03:04:00Z,99136.55,99149.56,99142.61,7.115713,42.020020,41.580786,191.597419,180.765364,17,4.808781,2.306932
2026-01-03T03:05:00Z,99149.13,99162.10,99156.84,7.701797,36.746530,42.576206,167.607612,185.025824,16,5.205516,2.496281
2026-01-03T03:06:00Z,99135.67,99148.62,99146.01,7.922988,40.505225,41.486869,184.812671,180.226316,16,5.358747,2.564241
2026-01-03T03:07:00Z,99132.73,99145.65,99139.43,7.364049,41.464661,39.995275,189.252404,173.683140,16,4.668117,2.695932
2026-01-03T03:08:00Z,99142.87,99155.76,99149.42,6.887796,38.216679,39.573639,174.485008,171.789135,16,4.943123,1.944673
2026-01-03T03:09:00Z,99124.59,99137.45,99128.89,8.067686,36.914754,42.887262,168.595633,186.104999,16,5.474739,2.592947
2026-01-03T03:10:00Z,99132.05,99144.87,99141.48,6.417531,40.023032,41.064433,182.850771,178.129096,15,4.446243,1.971289
2026-01-03T03:11:00Z,99123.00,99135.80,99130.61,8.037971,36.692009,45.521191,167.686484,197.388232,17,5.492926,2.545045
2026-01-03T03:12:00Z,99112.10,99124.87,99118.55,6.877137,38.023589,39.232802,173.827592,170.057142,19,4.291593,2.585544
2026-01-03T03:13:00Z,99116.63,99129.36,99120.69,7.944792,35.684604,39.220927,163.186718,169.941954,14,5.225321,2.719471
2026-01-03T03:14:00Z,99113.73,99126.43,99119.93,6.518552,36.865892,41.535132,168.642206,179.901535,15,4.239889,2.278663
2026-01-03T03:15:00Z,99113.59,99126.25,99119.56,6.643794,36.364611,41.412843,166.401548,179.304064,16,4.153768,2.490026
2026-01-03T03:16:00Z,99127.43,99140.06,99134.63,6.489993,38.276773,39.162125,175.206371,169.494833,17,4.451544,2.038449
2026-01-03T03:17:00Z,99099.39,99111.99,99104.52,6.795607,37.572485,41.627293,172.036237,180.095481,17,4.836736,1.958871
2026-01-03T03:18:00Z,99114.72,99127.29,99123.04,6.272186,40.056616,42.570929,183.467432,184.107520,16,4.242871,2.029315
2026-01-03T03:19:00Z,99116.21,99128.74,99122.94,7.356677,36.931753,39.554956,169.207120,170.998528,16,4.813630,2.543047
2026-01-03T03:20:00Z,99096.03,99108.53,99101.84,7.637496,39.538830,39.746706,181.207334,171.761168,16,5.112822,2.524674
2026-01-03T03:21:00Z,99109.72,99122.19,99116.19,7.990127,37.569854,44.496093,172.236026,192.210641,14,4.810762,3.179365
2026-01-03T03:22:00Z,99094.32,99106.75,99100.25,7.709093,37.892261,40.821081,173.766795,176.267026,16,4.800752,2.908341
2026-01-03T03:23:00Z,99089.82,99102.22,99095.05,8.387651,37.656155,44.301276,172.736177,191.219929,17,5.259160,3.128491
2026-01-03T03:24:00Z,99093.61,99105.97,99098.47,6.288143,40.188426,39.986880,184.407527,172.529798,15,4.175656,2.112487
2026-01-03T03:25:00Z,99087.65,99099.97,99095.41,7.273027,40.551709,39.802777,186.130001,171.667856,18,4.512445,2.760582
2026-01-03T03:26:00Z,99078.29,99090.58,99082.11,6.602808,37.237131,43.506569,170.966992,187.568013,16,4.458692,2.144116
2026-01-03T03:27:00Z,99086.64,99098.89,99093.33,7.311953,37.567229,40.013049,172.533450,172.438114,14,4.138125,3.173827
2026-01-03T03:28:00Z,99086.85,99099.07,99094.53,8.718956,37.411642,42.050785,171.869283,181.147662,15,5.907043,2.811912
2026-01-03T03:29:00Z,99064.56,99076.74,99071.31,7.116194,42.327664,39.140563,194.510208,168.543518,16,4.709233,2.406961
2026-01-03T03:30:00Z,99080.14,99092.29,99084.70,6.606350,37.899386,39.436950,174.211225,169.751646,15,4.038883,2.567466
2026-01-03T03:31:00Z,99074.22,99086.34,99078.44,8.750276,41.047389,40.226879,188.735937,173.082060,15,5.952616,2.797659
2026-01-03T03:32:00Z,99079.60,99091.67,99085.57,6.312756,38.553313,38.851468,177.318937,167.096571,17,3.996457,2.316298
2026-01-03T03:33:00Z,99061.65,99073.69,99065.21,6.588616,38.288281,42.037526,176.150097,180.726149,14,4.324737,2.263879
2026-01-03T03:34:00Z,99065.66,99077.66,99070.05,7.978463,41.023206,38.772949,188.785859,166.623314,16,5.303966,2.674497
2026-01-03T03:35:00Z,99068.57,99080.54,99072.52,7.862298,41.046792,42.651652,188.947508,183.216774,15,5.289683,2.572615
2026-01-03T03:36:00Z,99081.15,99093.07,99088.05,7.025235,37.913795,41.566742,174.574389,178.483128,15,4.610869,2.414366
2026-01-03T03:37:00Z,99079.19,99091.08,99084.93,7.798811,43.814602,38.736762,201.800724,166.263017,15,5.144323,2.654488
2026-01-03T03:38:00Z,99068.40,99080.25,99073.96,5.986338,37.063614,40.934297,170.754208,175.622523,16,3.780509,2.205829
2026-01-03T03:39:00Z,99058.43,99070.24,99064.21,6.016487,39.818899,43.162419,183.498259,185.105166,16,3.947626,2.068861
2026-01-03T03:40:00Z,99049.29,99061.06,99055.96,7.172263,39.537211,40.248209,182.249781,172.535547,16,4.475457,2.696806
2026-01-03T03:41:00Z,99061.48,99073.22,99068.84,8.020856,37.662088,42.592669,173.653238,182.509518,15,5.010236,3.010620
2026-01-03T03:42:00Z,99047.30,99059.00,99053.33,7.367863,40.731198,47.650277,187.854853,204.095813,17,4.807370,2.560493
2026-01-03T03:43:00Z,99037.17,99048.83,99045.15,6.134159,40.530769,42.177379,186.980390,180.578333,16,3.636957,2.497203
2026-01-03T03:44:00Z,99030.89,99042.52,99037.63,6.208244,41.116120,39.303144,189.731107,168.201597,14,3.726107,2.482138
2026-01-03T03:45:00Z,99066.07,99077.65,99070.58,5.987270,37.839975,39.355827,174.659288,168.355770,16,4.107382,1.879889
2026-01-03T03:46:00Z,99039.01,99050.56,99043.79,7.490787,40.987161,39.548473,189.235381,169.108024,15,5.034846,2.455940
2026-01-03T03:47:00Z,99056.38,99067.89,99064.27,6.021296,40.884749,39.013515,188.811621,166.749484,16,3.575932,2.445364
2026-01-03T03:48:00Z,99051.43,99062.90,99055.24,7.084771,39.808281,39.821950,183.887797,170.132094,15,4.605971,2.478800
2026-01-03T03:49:00Z,99046.61,99058.05,99052.64,6.994683,37.933146,39.238615,175.270840,167.568006,14,4.471464,2.523220
2026-01-03T03:50:00Z,99043.55,99054.94,99051.25,7.151533,41.029042,42.303196,189.623746,180.577527,16,4.451724,2.699809
2026-01-03T03:51:00Z,99037.10,99048.46,99040.99,5.836054,40.366288,38.704186,186.607855,165.143303,14,3.821421,2.014633
2026-01-03T03:52:00Z,99043.00,99054.31,99046.79,7.492942,38.468053,40.122381,177.877203,171.120337,15,4.605448,2.887494
2026-01-03T03:53:00Z,99030.80,99042.08,99035.11,7.565252,43.338013,41.867544,200.445944,178.485818,15,4.812755,2.752497
2026-01-03T03:54:00Z,99022.61,99033.84,99026.98,6.262768,38.283755,39.236750,177.112903,167.197574,15,3.958949,2.303820
2026-01-03T03:55:00Z,99038.56,99049.75,99044.70,5.908174,41.496283,38.937464,192.022221,165.849715,14,3.448199,2.459975
2026-01-03T03:56:00Z,99020.05,99031.20,99026.05,6.326336,41.261987,40.351963,190.984557,171.799251,14,3.883504,2.442832
2026-01-03T03:57:00Z,99032.15,99043.27,99038.99,6.537474,42.716955,38.873987,197.766822,165.433950,14,4.104946,2.432528
2026-01-03T03:58:00Z,99031.69,99042.77,99036.30,7.276673,43.122343,38.826119,199.691576,165.157348,17,4.414294,2.862379
2026-01-03T03:59:00Z,99036.91,99047.95,99043.41,7.182326,42.467809,40.254576,196.707398,171.157906,15,5.041252,2.141074
2026-01-03T04:00:00Z,99018.93,99029.93,99025.64,6.136853,40.788380,44.950318,188.973085,191.038853,17,3.916160,2.220692
2026-01-03T04:01:00Z,99026.41,99037.37,99032.50,7.963806,39.547435,39.352073,183.266745,167.171864,17,5.075796,2.888010
2026-01-03T04:02:00Z,99013.13,99024.05,99017.60,6.829360,44.305453,44.293081,205.363656,188.077802,16,3.833372,2.995988
2026-01-03T04:03:00Z,99018.73,99029.61,99024.29,7.025490,39.995745,40.362593,185.430195,171.311381,16,4.346839,2.678650
2026-01-03T04:04:00Z,99016.06,99026.90,99022.35,6.310835,38.623860,39.502214,179.110805,167.584383,17,3.863576,2.447259
2026-01-03T04:05:00Z,99021.93,99032.73,99028.67,7.093882,41.678041,39.041137,193.317899,165.553724,15,4.609913,2.483969
2026-01-03T04:06:00Z,98998.97,99009.73,99002.67,6.292428,41.881380,43.267881,194.304831,183.394350,15,3.765545,2.526884
2026-01-03T04:07:00Z,99021.03,99031.75,99026.50,6.903170,39.321952,41.994597,182.471369,177.916823,16,3.862701,3.040469
2026-01-03T04:08:00Z,99005.53,99016.22,99011.47,7.697708,38.816107,38.178614,180.163944,161.676342,15,5.020392,2.677316
2026-01-03T04:09:00Z,99013.03,99023.68,99018.69,6.829421,47.356173,39.207758,219.850739,165.958884,15,4.303647,2.525773
2026-01-03T04:10:00Z,99022.38,99032.99,99026.60,5.849350,39.117874,40.560454,181.644062,171.606183,15,3.454971,2.394379
2026-01-03T04:11:00Z,99013.69,99024.26,99020.31,6.150877,44.617957,44.229631,207.228481,187.044321,17,3.833399,2.317478
2026-01-03T04:12:00Z,99014.47,99025.00,99017.98,6.697273,40.864106,40.776792,189.834339,172.363307,17,4.109947,2.587327
2026-01-03T04:13:00Z,99012.32,99022.81,99015.11,5.950462,40.009293,38.681037,185.902759,163.429286,17,3.541143,2.409319
2026-01-03T04:14:00Z,99002.22,99012.67,99006.39,6.755693,42.638385,39.446735,198.160495,166.587464,19,4.151708,2.603985
2026-01-03T04:15:00Z,99006.36,99016.78,99013.75,6.852052,43.536477,39.747328,202.376545,167.779211,15,4.104380,2.747673
2026-01-03T04:16:00Z,99003.30,99013.67,99008.31,6.681798,38.852710,39.100146,180.641674,164.970773,17,3.920302,2.761496
2026-01-03T04:17:00Z,98999.82,99010.16,99002.22,5.728621,39.582244,37.677530,184.071255,158.894533,17,3.633512,2.095109
2026-01-03T04:18:00Z,99016.65,99026.95,99022.73,6.453943,41.859196,40.580239,194.699372,171.056077,16,4.022263,2.431679
2026-01-03T04:19:00Z,99016.85,99027.11,99022.10,6.470955,41.438757,40.999823,192.782526,172.743911,15,3.599584,2.871371
2026-01-03T04:20:00Z,99002.53,99012.75,99006.78,7.324763,39.846289,41.391026,185.410916,174.310404,15,4.622332,2.702431
2026-01-03T04:21:00Z,99011.81,99022.00,99018.32,7.093379,39.941418,39.952638,185.890219,168.173834,19,3.691841,3.401538
2026-01-03T04:22:00Z,98995.27,99005.42,99001.09,7.327528,44.672909,40.662714,207.951528,171.082131,16,4.401091,2.926438
2026-01-03T04:23:00Z,98994.80,99004.91,99000.76,6.108513,39.350909,40.462507,183.213151,170.159387,17,3.421118,2.687394
2026-01-03T04:24:00Z,99014.66,99024.73,99019.03,6.374459,42.064230,37.454887,195.883561,157.436686,16,3.563180,2.811279
2026-01-03T04:25:00Z,98998.69,99008.72,99003.46,6.402395,41.112712,37.282230,191.488858,156.636567,16,3.833810,2.568584
2026-01-03T04:26:00Z,99015.04,99025.04,99019.85,5.945540,41.231824,38.500713,192.079689,161.678916,17,3.884730,2.060810
2026-01-03T04:27:00Z,99010.98,99020.94,99016.22,7.156379,46.550130,42.428204,216.895470,178.086952,15,4.270025,2.886355
2026-01-03T04:28:00Z,99016.73,99026.66,99022.85,7.628562,39.405717,41.194504,183.640586,172.826002,18,4.387912,3.240649
2026-01-03T04:29:00Z,99010.98,99020.87,99016.91,6.330807,40.800010,38.453098,190.172947,161.247510,15,3.726642,2.604165
2026-01-03T04:30:00Z,99022.69,99032.54,99027.24,6.198015,39.400177,40.818143,183.681252,171.082784,16,3.474568,2.723448
2026-01-03T04:31:00Z,99007.06,99016.87,99011.22,7.970190,44.482700,39.633180,207.412608,166.036244,18,4.614664,3.355526
2026-01-03T04:32:00Z,99022.89,99032.67,99027.13,6.164985,41.247709,37.536956,192.362484,157.178618,15,3.690519,2.474466
2026-01-03T04:33:00Z,99018.31,99028.06,99021.86,7.443768,42.435257,40.302136,197.935214,168.675674,18,4.740497,2.703271
2026-01-03T04:34:00Z,99018.80,99028.51,99025.97,6.236901,42.893455,41.777368,200.106925,174.765201,17,3.630325,2.606576
2026-01-03T04:35:00Z,99006.49,99016.16,99011.42,5.691648,45.670957,39.166022,213.100864,163.761717,16,3.254628,2.437020
2026-01-03T04:36:00Z,99004.16,99013.80,99007.45,6.222036,40.553281,39.647229,189.253653,165.693066,15,3.617872,2.604164
2026-01-03T04:37:00Z,99000.31,99009.91,99006.16,5.818593,44.060231,39.278995,205.654106,164.074076,15,3.124223,2.694370
2026-01-03T04:38:00Z,99020.03,99029.60,99025.02,5.609319,41.691438,36.612492,194.629643,152.860952,17,3.070407,2.538912
2026-01-03T04:39:00Z,99016.71,99026.24,99022.96,6.712184,43.435485,41.992880,202.804436,175.238747,17,3.723349,2.988835
2026-01-03T04:40:00Z,98999.23,99008.73,99004.14,6.787988,40.968544,40.242138,191.316803,167.850362,16,3.671910,3.116078
2026-01-03T04:41:00Z,99029.64,99039.10,99034.77,5.609210,43.610016,37.790995,203.684416,157.549084,16,3.040762,2.568447
2026-01-03T04:42:00Z,99029.46,99038.89,99033.25,7.031162,41.821289,40.969390,195.360655,170.715494,17,3.933866,3.097296
2026-01-03T04:43:00Z,99016.02,99025.42,99022.28,5.882597,42.831139,36.578469,200.108987,152.343665,16,3.217596,2.665001
2026-01-03T04:44:00Z,99041.60,99050.97,99046.96,6.902402,41.752739,41.481353,195.100500,172.677915,17,4.041496,2.860906
2026-01-03T04:45:00Z,98992.70,99002.04,98999.48,5.662149,43.741305,37.218489,204.423459,154.855700,16,3.202305,2.459844
2026-01-03T04:46:00Z,99030.02,99039.32,99034.27,6.822487,43.312178,40.846845,202.448128,169.867827,17,3.544350,3.278137
2026-01-03T04:47:00Z,99029.16,99038.43,99032.61,5.941278,42.744782,36.297093,199.825424,150.871838,18,3.530543,2.410735
2026-01-03T04:48:00Z,99019.30,99028.54,99023.90,7.256068,40.899063,38.593345,191.224727,160.336379,15,4.200531,3.055537
2026-01-03T04:49:00Z,99003.18,99012.39,99009.40,7.005529,42.042233,36.310611,196.597800,150.777349,17,4.127495,2.878034
2026-01-03T04:50:00Z,99019.06,99028.23,99023.46,5.916864,40.909800,36.517027,191.329347,151.558548,16,3.112023,2.804841
2026-01-03T04:51:00Z,99030.33,99039.48,99033.61,6.780015,41.739870,37.647379,195.238660,156.171521,19,3.979064,2.800951
2026-01-03T04:52:00Z,99019.04,99028.16,99022.84,6.029679,40.047754,36.010632,187.349495,149.306775,16,3.435543,2.594137
2026-01-03T04:53:00Z,99040.30,99049.38,99045.82,5.624728,40.976261,36.897653,191.719144,152.907495,17,3.194152,2.430576
2026-01-03T04:54:00Z,99031.05,99040.11,99033.44,6.135540,39.881963,36.499157,186.624050,151.179788,17,3.272455,2.863085
2026-01-03T04:55:00Z,99037.19,99046.22,99041.94,6.323354,41.857417,37.430593,195.893754,154.959455,17,3.357340,2.966014
2026-01-03T04:56:00Z,99024.31,99033.30,99028.44,5.961479,44.168990,36.576448,206.738739,151.346710,18,2.993198,2.968282
2026-01-03T04:57:00Z,99023.53,99032.50,99028.85,5.439923,40.869234,38.001151,191.318187,157.162128,18,2.736949,2.702974
2026-01-03T04:58:00Z,99044.19,99053.13,99048.31,5.420097,41.859046,42.784554,195.976318,176.855055,16,2.923506,2.496591
2026-01-03T04:59:00Z,99024.53,99033.43,99029.51,7.880618,41.733994,35.676468,195.414989,147.397883,16,4.565199,3.315419
2026-01-03T05:00:00Z,99039.06,99047.94,99043.02,6.537203,42.051180,35.444436,196.924116,146.364590,16,3.537425,2.999778
2026-01-03T05:01:00Z,99043.30,99052.16,99046.26,6.545741,41.365437,40.783656,193.735975,168.326423,18,3.674258,2.871483
2026-01-03T05:02:00Z,99039.42,99048.25,99044.28,5.316110,40.835850,37.498121,191.278134,154.686873,19,2.668164,2.647945
2026-01-03T05:03:00Z,99035.23,99044.03,99041.98,6.120182,40.886136,37.243355,191.535823,153.557205,16,3.277726,2.842456
2026-01-03T05:04:00Z,99032.09,99040.86,99036.51,5.816677,45.050011,36.223693,211.065961,149.276425,17,3.004244,2.812433
2026-01-03T05:05:00Z,99042.31,99051.06,99046.43,6.623567,40.266085,36.324996,188.673627,149.616953,17,3.506847,3.116720
2026-01-03T05:06:00Z,99046.56,99055.28,99051.17,5.334529,42.145951,35.543598,197.503721,146.323134,18,2.638089,2.696440
2026-01-03T05:07:00Z,99045.43,99054.12,99049.93,5.606937,41.949601,38.727799,196.604760,159.349408,17,2.980716,2.626222
2026-01-03T05:08:00Z,99044.84,99053.51,99050.13,5.782282,41.352954,35.058837,193.828948,144.178610,18,3.285714,2.496568
2026-01-03T05:09:00Z,99049.15,99057.79,99054.99,6.820050,40.375380,35.965770,189.266502,147.831857,17,3.459960,3.360090
2026-01-03T05:10:00Z,99056.19,99064.81,99060.22,5.138987,40.361849,41.969883,189.222323,172.421503,17,2.791592,2.347396
2026-01-03T05:11:00Z,99060.19,99068.78,99063.46,5.576630,40.464986,35.080550,189.724764,144.043854,19,2.597135,2.979494
2026-01-03T05:12:00Z,99048.44,99057.01,99054.81,6.090217,42.970635,37.739151,201.492480,154.879808,19,3.440433,2.649783
2026-01-03T05:13:00Z,99058.82,99067.37,99064.15,5.354079,40.520075,34.888206,190.019815,143.105173,17,3.045883,2.308196
2026-01-03T05:14:00Z,99067.52,99076.05,99071.65,5.747708,41.634651,35.660885,195.264947,146.198356,17,2.972759,2.774949
2026-01-03T05:15:00Z,99064.80,99073.30,99072.79,5.964971,43.016391,37.774696,201.763762,154.783523,17,3.571187,2.393783
2026-01-03T05:16:00Z,99071.10,99079.58,99075.69,5.403856,43.532480,35.611453,204.202749,145.843304,17,2.667550,2.736307
2026-01-03T05:17:00Z,99066.69,99075.16,99070.98,6.018683,41.732748,35.692576,195.777720,146.099067,17,3.211173,2.807510
2026-01-03T05:18:00Z,99070.27,99078.72,99075.20,7.425720,41.684113,34.599710,195.566330,141.551489,20,3.839463,3.586257
2026-01-03T05:19:00Z,99064.07,99072.49,99068.92,6.162346,41.181546,37.625954,193.224650,153.851463,17,3.239190,2.923156
2026-01-03T05:20:00Z,99068.07,99076.47,99074.42,6.064615,40.073230,37.403470,188.039782,152.861403,18,3.228140,2.836476
2026-01-03T05:21:00Z,99074.02,99082.40,99077.98,7.052758,41.997293,36.696594,197.083973,149.893653,17,3.299877,3.752880
2026-01-03T05:22:00Z,99065.53,99073.89,99070.25,6.779113,44.412490,38.110173,208.434158,155.585688,20,3.442228,3.336885
2026-01-03T05:23:00Z,99075.79,99084.14,99080.59,6.289129,40.411848,36.730859,189.672933,149.875544,17,3.361438,2.927691
2026-01-03T05:24:00Z,99085.07,99093.40,99090.34,6.186896,45.046316,34.554318,211.440388,140.920015,17,2.930975,3.255921
2026-01-03T05:25:00Z,99097.50,99105.80,99101.09,5.512283,44.155484,34.219567,207.273824,139.481066,18,2.435291,3.076992
2026-01-03T05:26:00Z,99080.53,99088.82,99085.20,5.279150,41.652240,36.578698,195.536770,149.018128,21,2.554649,2.724502
2026-01-03T05:27:00Z,99078.74,99087.02,99084.26,7.130019,42.651897,35.196133,200.243221,143.309724,18,3.035533,4.094485
2026-01-03T05:28:00Z,99089.00,99097.26,99091.31,5.863315,44.397628,38.004542,208.452817,154.662771,19,2.823401,3.039914
2026-01-03T05:29:00Z,99101.14,99109.38,99106.46,6.122540,41.122632,35.355060,193.088561,143.804070,20,2.831815,3.290725
2026-01-03T05:30:00Z,99107.57,99115.80,99110.57,7.126206,41.110112,35.360785,193.041673,143.750895,20,3.572409,3.553797
2026-01-03T05:31:00Z,99099.46,99107.67,99101.83,5.498199,40.086974,37.344403,188.248531,151.734025,22,2.539536,2.958663
2026-01-03T05:32:00Z,99102.27,99110.47,99107.35,5.958736,41.021159,37.534984,192.646566,152.427117,18,2.718877,3.239859
2026-01-03T05:33:00Z,99108.93,99117.11,99115.18,5.382264,40.917884,36.690863,192.172242,148.919727,19,2.753549,2.628714
2026-01-03T05:34:00Z,99099.27,99107.44,99102.03,5.061725,41.114532,38.287237,193.106154,155.316067,21,2.478455,2.583269
2026-01-03T05:35:00Z,99117.99,99126.15,99121.39,6.287199,41.913256,33.517220,196.867743,135.893336,21,3.290510,2.996689
2026-01-03T05:36:00Z,99109.69,99117.83,99113.83,7.182079,40.404461,35.045011,189.790295,142.011646,18,3.266418,3.915661
2026-01-03T05:37:00Z,99115.06,99123.20,99119.18,5.122814,42.969726,34.793713,201.849612,140.917811,20,2.577515,2.545299
2026-01-03T05:38:00Z,99104.94,99113.07,99108.35,5.644180,43.800312,39.308267,205.760644,159.116832,18,2.687491,2.956689
2026-01-03T05:39:00Z,99134.52,99142.63,99139.82,5.182049,40.563366,36.254067,190.562737,146.674920,19,2.733309,2.448741
2026-01-03T05:40:00Z,99126.79,99134.89,99132.48,6.071969,40.111509,36.594950,188.447776,147.974531,21,3.156708,2.915261
2026-01-03T05:41:00Z,99132.87,99140.96,99136.21,6.033454,41.142896,33.996737,193.300960,137.394551,19,2.812776,3.220678
2026-01-03T05:42:00Z,99141.94,99150.02,99144.94,7.199760,40.074033,36.095843,188.286186,145.799397,20,3.631425,3.568335
2026-01-03T05:43:00Z,99126.06,99134.13,99128.08,8.291381,40.713183,35.657723,191.295983,143.952162,20,4.147221,4.144160
2026-01-03T05:44:00Z,99130.64,99138.70,99136.01,5.969838,42.560709,34.415962,199.983492,138.864218,20,2.726730,3.243108
2026-01-03T05:45:00Z,99132.02,99140.08,99135.25,6.442238,41.991012,34.456296,197.312803,138.951959,23,3.124971,3.317267
2026-01-03T05:46:00Z,99138.69,99146.74,99142.43,6.565442,40.788714,37.025344,191.668915,149.231546,20,2.930679,3.634763
2026-01-03T05:47:00Z,99134.25,99142.30,99139.06,5.429335,44.179119,33.255191,207.606332,133.963429,18,2.661906,2.767429
2026-01-03T05:48:00Z,99149.75,99157.78,99152.18,5.515637,40.058070,36.238172,188.245478,145.900966,21,2.490735,3.024902
2026-01-03T05:49:00Z,99149.56,99157.60,99153.87,5.907641,42.066916,35.098228,197.690283,141.234884,19,2.301060,3.606581
2026-01-03T05:50:00Z,99150.07,99158.09,99154.56,5.015170,39.998632,33.310150,187.974535,133.967084,21,2.334304,2.680866
2026-01-03T05:51:00Z,99163.59,99171.61,99166.05,5.948733,42.139658,38.300055,198.040147,153.952045,19,2.683969,3.264764
2026-01-03T05:52:00Z,99164.24,99172.25,99170.59,5.905386,43.675178,35.017853,205.260036,140.682465,21,2.965682,2.939704
2026-01-03T05:53:00Z,99154.04,99162.06,99157.74,5.087966,41.485823,33.581619,194.973693,134.839241,23,2.258845,2.829121
2026-01-03T05:54:00Z,99172.73,99180.74,99179.19,5.116360,43.941120,32.923320,206.515735,132.124194,20,2.616079,2.500281
2026-01-03T05:55:00Z,99169.12,99177.13,99173.37,5.351595,42.807829,33.395711,201.191703,133.947105,19,2.488902,2.862692
2026-01-03T05:56:00Z,99169.58,99177.58,99173.53,6.437229,43.577142,32.951769,204.809249,132.094620,23,3.267359,3.169869
2026-01-03T05:57:00Z,99170.97,99178.97,99175.10,5.533180,41.616835,32.045138,195.597342,128.390282,19,2.429896,3.103284
2026-01-03T05:58:00Z,99179.78,99187.78,99185.25,5.895678,40.016540,36.233258,188.076978,145.091126,20,2.670378,3.225300
2026-01-03T05:59:00Z,99187.36,99195.36,99191.31,5.097431,39.971485,33.086742,187.865788,132.419153,21,2.251213,2.846218
2026-01-03T06:00:00Z,99180.61,99188.61,99184.97,7.289872,41.076373,36.423507,193.058954,145.694028,20,3.221173,4.068699
2026-01-03T06:01:00Z,99180.98,99188.98,99185.22,6.624851,42.981074,31.968721,202.010841,127.805140,21,2.907386,3.717465
2026-01-03T06:02:00Z,99180.18,99188.18,99185.45,5.700063,40.664462,34.758843,191.122199,138.883708,20,2.546509,3.153554
2026-01-03T06:03:00Z,99180.62,99188.62,99184.16,5.384882,41.629192,32.783165,195.655421,130.918102,20,2.374550,3.010332
2026-01-03T06:04:00Z,99187.99,99196.00,99192.71,6.424115,40.443569,33.412720,190.081695,133.359314,23,2.957973,3.466142
2026-01-03T06:05:00Z,99188.00,99196.00,99193.60,5.514637,41.743534,33.485374,196.189643,133.576257,22,2.521973,2.992663
2026-01-03T06:06:00Z,99193.25,99201.26,99198.40,5.528842,42.885528,31.900498,201.554635,127.184463,21,2.430320,3.098523
2026-01-03T06:07:00Z,99199.02,99207.03,99203.79,5.876250,42.426079,32.742731,199.392677,130.470968,23,2.591487,3.284763
2026-01-03T06:08:00Z,99186.73,99194.74,99190.22,5.241011,41.014498,34.158216,192.755647,136.036813,22,2.419292,2.821719
2026-01-03T06:09:00Z,99195.64,99203.66,99201.32,5.187341,46.481750,36.924203,218.446306,146.971995,20,2.244017,2.943324
2026-01-03T06:10:00Z,99201.87,99209.90,99204.80,7.712855,40.281358,33.553056,189.303215,133.480442,21,3.469217,4.243639
2026-01-03T06:11:00Z,99213.89,99221.92,99219.75,6.540138,40.726864,32.061286,191.392812,127.476023,21,3.072195,3.467944
2026-01-03T06:12:00Z,99198.21,99206.25,99203.43,5.748055,45.296542,35.478444,212.862707,140.985376,21,2.446807,3.301248
2026-01-03T06:13:00Z,99213.71,99221.75,99219.88,6.192341,39.330258,31.299555,184.820587,124.310992,21,2.525850,3.666491
2026-01-03T06:14:00Z,99218.53,99226.58,99221.20,6.216584,39.919292,31.982424,187.583444,126.953456,20,2.672626,3.543958
2026-01-03T06:15:00Z,99208.86,99216.92,99213.80,7.306854,40.288523,33.769038,189.312926,133.971852,23,3.110805,4.196048
2026-01-03T06:16:00Z,99209.99,99218.05,99212.93,7.174765,40.028523,33.018580,188.085305,130.922692,20,3.131610,4.043156
2026-01-03T06:17:00Z,99229.20,99237.27,99233.96,6.249594,39.513635,32.528922,185.659758,128.910355,21,2.749434,3.500159
2026-01-03T06:18:00Z,99226.03,99234.11,99231.64,5.659715,42.641979,36.675505,200.351574,145.263257,22,2.335760,3.323955
2026-01-03T06:19:00Z,99230.11,99238.20,99232.99,5.202834,41.321217,31.177392,194.138762,123.418695,22,2.051043,3.151791
2026-01-03T06:20:00Z,99242.61,99250.71,99247.17,5.205549,40.867956,31.571993,192.001638,124.912130,23,2.287314,2.918236
2026-01-03T06:21:00Z,99219.86,99227.97,99224.98,5.456814,39.204690,32.536153,184.179809,128.656058,24,2.331475,3.125339
2026-01-03T06:22:00Z,99253.30,99261.42,99256.75,5.672416,42.014484,30.861458,197.371360,121.966863,21,2.212117,3.460298
2026-01-03T06:23:00Z,99236.45,99244.58,99241.45,5.453067,41.040128,33.164671,192.785357,130.997331,23,1.960461,3.492605
2026-01-03T06:24:00Z,99250.00,99258.15,99253.87,5.897769,41.485526,30.812207,194.868341,121.638451,21,2.584574,3.313195
2026-01-03T06:25:00Z,99240.19,99248.35,99243.73,6.624704,39.975813,32.596243,187.767522,128.610645,23,2.553709,4.070996
2026-01-03T06:26:00Z,99231.63,99239.80,99234.06,6.462304,40.064330,31.690509,188.173583,124.968302,23,2.652205,3.810099
2026-01-03T06:27:00Z,99240.71,99248.90,99242.70,5.776086,39.248133,30.848297,184.330198,121.580274,22,2.706818,3.069268
2026-01-03T06:28:00Z,99256.65,99264.85,99261.51,6.589602,38.946731,34.932147,182.904483,137.600010,22,2.819226,3.770376
2026-01-03T06:29:00Z,99269.37,99277.58,99271.64,5.731404,42.489405,31.024956,199.530350,122.142167,27,2.411773,3.319631
2026-01-03T06:30:00Z,99256.19,99264.42,99260.77,5.357077,43.289195,30.119361,203.274042,118.511760,24,2.125429,3.231648
2026-01-03T06:31:00Z,99272.86,99281.10,99277.11,6.962531,40.024250,33.539741,187.931181,131.897531,21,2.784656,4.177875
2026-01-03T06:32:00Z,99274.24,99282.50,99277.64,5.397181,43.302266,32.316255,203.309942,127.016242,23,2.071286,3.325895
2026-01-03T06:33:00Z,99257.39,99265.66,99259.71,5.957163,42.313928,31.757744,198.656517,124.752474,22,2.174099,3.783065
2026-01-03T06:34:00Z,99258.43,99266.72,99261.48,5.998670,38.544657,30.747462,180.948199,120.717468,23,2.362685,3.635985
2026-01-03T06:35:00Z,99264.27,99272.58,99267.74,6.224933,42.748490,34.427251,200.669138,135.090410,21,2.786833,3.438100
2026-01-03T06:36:00Z,99271.29,99279.62,99276.00,5.566715,42.686868,33.402898,200.365506,130.998909,21,2.248067,3.318648
2026-01-03T06:37:00Z,99271.64,99279.98,99275.16,5.282859,38.928687,33.091679,182.711721,129.707095,21,2.118364,3.164495
2026-01-03T06:38:00Z,99260.19,99268.56,99265.40,6.561238,40.672423,30.204382,190.881491,118.324947,24,2.536021,4.025217
2026-01-03T06:39:00Z,99261.62,99270.00,99266.74,5.651336,38.574968,31.502402,181.023764,123.342149,21,2.201792,3.449543
2026-01-03T06:40:00Z,99272.09,99280.49,99273.60,5.550578,38.171837,33.709370,179.117674,131.910696,23,2.213777,3.336801
2026-01-03T06:41:00Z,99280.59,99289.01,99284.09,6.878381,39.256089,30.381686,184.190369,118.823633,24,3.095024,3.783357
2026-01-03T06:42:00Z,99269.47,99277.91,99273.45,5.689154,39.348309,31.423100,184.607607,122.829197,26,2.362685,3.326469
2026-01-03T06:43:00Z,99269.08,99277.54,99272.77,5.589459,38.360994,34.505492,179.960062,134.803915,23,2.323902,3.265557
2026-01-03T06:44:00Z,99280.42,99288.90,99285.35,5.602044,39.803530,29.594721,186.710941,115.555414,24,2.136701,3.465343
2026-01-03T06:45:00Z,99284.51,99293.01,99286.96,7.193058,38.504680,29.503392,180.602067,115.135653,23,2.933542,4.259516
2026-01-03T06:46:00Z,99287.95,99296.48,99290.71,7.140102,41.654581,30.565159,195.358416,119.213780,24,2.634199,4.505903
2026-01-03T06:47:00Z,99285.63,99294.18,99289.69,5.788511,38.815179,32.139932,182.024667,125.287213,22,2.285450,3.503061
2026-01-03T06:48:00Z,99272.58,99281.16,99276.32,6.057635,39.646638,32.580774,185.906010,126.936134,23,2.317339,3.740295
2026-01-03T06:49:00Z,99293.31,99301.91,99293.84,5.702283,39.706315,31.141231,186.167648,121.261188,23,2.172258,3.530025
2026-01-03T06:50:00Z,99294.10,99302.72,99298.59,5.976672,37.688738,30.144659,176.690380,117.316386,24,2.113791,3.862882
2026-01-03T06:51:00Z,99275.41,99284.05,99280.44,5.168742,41.387930,30.232882,194.013008,117.595367,24,2.067572,3.101170
2026-01-03T06:52:00Z,99287.85,99296.51,99291.51,6.161560,37.917382,33.325233,177.725787,129.552659,23,2.071033,4.090527
2026-01-03T06:53:00Z,99292.68,99301.37,99297.69,6.596121,41.035868,33.534355,192.322379,130.294378,22,2.553928,4.042193
2026-01-03T06:54:00Z,99284.64,99293.36,99290.39,5.420691,37.746071,31.444800,176.885070,122.108877,24,1.874942,3.545748
2026-01-03T06:55:00Z,99293.58,99302.33,99297.72,6.720789,37.797145,31.301474,177.104986,121.485935,25,2.211155,4.509634
2026-01-03T06:56:00Z,99298.37,99307.14,99300.77,5.807716,45.037694,30.790535,211.008254,119.437688,22,2.206084,3.601632
2026-01-03T06:57:00Z,99289.72,99298.52,99295.45,5.916318,38.543426,33.510132,180.561129,129.916214,24,2.268871,3.647447
2026-01-03T06:58:00Z,99302.57,99311.40,99305.83,5.296901,42.128726,30.118567,197.334062,116.703724,23,1.884716,3.412185
2026-01-03T06:59:00Z,99309.39,99318.24,99316.21,6.591377,40.057093,30.064935,187.608314,116.432444,25,1.964008,4.627369
2026-01-03T07:00:00Z,99297.38,99306.26,99302.01,5.788474,39.079477,32.362610,183.007739,125.262411,24,2.273592,3.514882
2026-01-03T07:01:00Z,99310.62,99319.53,99315.36,5.624880,40.065497,29.509221,187.602429,114.155962,23,1.922371,3.702508
2026-01-03T07:02:00Z,99312.94,99321.87,99318.30,5.793842,37.704386,32.308801,176.524967,124.918127,23,2.197114,3.596728
2026-01-03T07:03:00Z,99303.61,99312.57,99308.34,5.322928,39.465502,29.718150,184.746998,114.839248,24,1.809711,3.513217
2026-01-03T07:04:00Z,99306.44,99315.44,99311.57,6.700884,37.570691,32.071985,175.854536,123.867820,23,2.371029,4.329855
2026-01-03T07:05:00Z,99314.85,99323.87,99318.34,5.322864,37.990397,29.107720,177.796007,112.358289,24,1.917742,3.405123
2026-01-03T07:06:00Z,99303.11,99312.17,99308.34,5.320531,37.768526,31.009693,176.734414,119.635159,23,2.184677,3.135854
2026-01-03T07:07:00Z,99306.76,99315.84,99312.66,6.081646,38.150353,30.167217,178.497326,116.321827,27,2.099917,3.981729
2026-01-03T07:08:00Z,99303.37,99312.48,99307.12,5.306459,39.738907,31.342362,185.904664,120.787639,24,1.806912,3.499547
2026-01-03T07:09:00Z,99313.09,99322.23,99318.66,6.226101,40.214872,30.950636,188.105463,119.213470,26,2.168245,4.057856
2026-01-03T07:10:00Z,99309.53,99318.71,99315.93,6.584324,38.498394,29.155058,180.051539,112.236685,24,2.489128,4.095196
2026-01-03T07:11:00Z,99315.66,99324.86,99320.81,5.400657,38.734210,33.191683,181.128830,127.707253,23,2.250957,3.149700
2026-01-03T07:12:00Z,99310.82,99320.06,99316.57,5.606861,41.128404,30.169216,192.297015,116.015465,25,2.224365,3.382496
2026-01-03T07:13:00Z,99301.10,99310.37,99306.23,6.579977,40.821535,34.483294,190.834534,132.533717,24,2.328482,4.251495
2026-01-03T07:14:00Z,99314.59,99323.90,99318.47,6.189959,41.038066,34.352069,191.818561,131.958241,25,2.070143,4.119816
2026-01-03T07:15:00Z,99292.43,99301.77,99297.01,6.582328,39.187231,32.804266,183.140154,125.944771,23,2.524625,4.057703
2026-01-03T07:16:00Z,99295.79,99305.15,99299.55,5.419444,37.224074,31.133892,173.939137,119.467467,23,1.834934,3.584509
2026-01-03T07:17:00Z,99307.14,99316.54,99312.95,6.435424,36.991005,29.255145,172.823620,112.198006,24,2.472064,3.963360
2026-01-03T07:18:00Z,99307.85,99317.28,99312.19,5.863016,37.221387,32.011560,173.873036,122.703402,23,1.881609,3.981406
2026-01-03T07:19:00Z,99307.11,99316.58,99311.97,6.366956,36.549779,30.216953,170.708960,115.762403,25,2.253826,4.113129
2026-01-03T07:20:00Z,99317.89,99327.39,99320.89,6.737829,41.828225,31.472871,195.331382,120.509304,24,2.220910,4.516919
2026-01-03T07:21:00Z,99291.76,99301.30,99297.39,7.280610,41.661867,29.704911,194.523242,113.678954,24,2.778336,4.502274
2026-01-03T07:22:00Z,99317.15,99326.72,99321.16,5.362095,40.256465,28.405824,187.930710,108.649329,23,2.225932,3.136163
2026-01-03T07:23:00Z,99296.58,99306.18,99302.25,6.162560,37.781618,30.565669,176.348254,116.848106,24,2.017869,4.144691
2026-01-03T07:24:00Z,99308.27,99317.90,99314.82,5.884487,37.187317,35.996765,173.545407,137.537015,23,1.777458,4.107029
2026-01-03T07:25:00Z,99296.83,99306.50,99302.24,6.074226,36.371447,28.597074,169.709313,109.205962,26,2.193779,3.880447
2026-01-03T07:26:00Z,99292.50,99302.21,99296.55,6.154791,37.609249,27.779084,175.455000,106.025801,26,1.968833,4.185958
2026-01-03T07:27:00Z,99302.03,99311.77,99307.47,6.987078,36.836774,33.019753,171.821627,125.961156,25,2.038791,4.948286
2026-01-03T07:28:00Z,99301.90,99311.68,99306.84,5.992758,37.283760,30.169165,173.876243,115.025874,24,2.079206,3.913552
2026-01-03T07:29:00Z,99288.02,99297.83,99294.47,6.612561,35.912771,30.587780,167.452999,116.560111,26,2.231916,4.380645
2026-01-03T07:30:00Z,99300.62,99310.47,99308.78,6.195585,38.655577,31.358260,180.209970,119.432897,24,2.114758,4.080827
2026-01-03T07:31:00Z,99303.33,99313.21,99310.46,5.726715,38.413388,28.348200,179.048659,107.911520,26,2.356451,3.370264
2026-01-03T07:32:00Z,99297.38,99307.31,99300.59,5.813314,38.832811,27.691053,180.970700,105.354335,25,2.121604,3.691710
2026-01-03T07:33:00Z,99316.14,99326.10,99323.10,6.997518,42.001253,28.145857,195.700455,107.028226,24,2.342626,4.654892
2026-01-03T07:34:00Z,99294.88,99304.88,99301.82,7.732659,38.586965,27.619824,179.758534,104.972605,25,2.810625,4.922034
2026-01-03T07:35:00Z,99292.62,99302.66,99296.84,5.785154,35.312012,27.563862,164.471193,104.704822,26,2.029135,3.756019
2026-01-03T07:36:00Z,99300.59,99310.66,99306.33,6.526013,38.743164,29.166939,180.418111,110.736124,25,2.252350,4.273663
2026-01-03T07:37:00Z,99282.09,99292.20,99289.53,6.383232,39.367549,27.692585,183.290626,105.083408,24,2.372755,4.010477
2026-01-03T07:38:00Z,99292.24,99302.39,99296.98,5.501726,37.375558,30.229845,173.982497,114.651324,24,1.818711,3.683015
2026-01-03T07:39:00Z,99294.40,99304.58,99300.38,6.174156,36.516163,31.356251,169.948835,118.861206,25,1.742678,4.431478
2026-01-03T07:40:00Z,99297.50,99307.73,99303.52,5.717349,38.137561,28.739707,177.459940,108.885865,25,1.823676,3.893673
2026-01-03T07:41:00Z,99298.97,99309.23,99306.92,5.720302,35.139880,28.767876,163.478720,108.935766,25,1.892220,3.828082
2026-01-03T07:42:00Z,99291.62,99301.92,99295.62,5.565847,35.156732,31.383676,163.524250,118.779195,25,1.894035,3.671812
2026-01-03T07:43:00Z,99276.22,99286.56,99280.69,6.555147,35.965368,28.917347,167.251517,109.387887,26,1.990902,4.564245
2026-01-03T07:44:00Z,99281.16,99291.54,99285.08,6.677931,40.082649,30.414104,186.360149,114.990085,25,1.782573,4.895359
2026-01-03T07:45:00Z,99281.14,99291.55,99287.75,6.351883,37.640102,31.115381,174.967620,117.580535,25,1.937039,4.414843
2026-01-03T07:46:00Z,99268.62,99279.07,99273.60,5.802763,38.039826,29.036158,176.788841,109.666697,24,2.108419,3.694344
2026-01-03T07:47:00Z,99273.14,99283.63,99279.23,5.682969,38.363384,28.208216,178.255060,106.484626,24,2.024805,3.658164
2026-01-03T07:48:00Z,99269.11,99279.64,99275.01,6.263663,36.094257,27.289175,167.675989,102.962188,25,1.972825,4.290837
2026-01-03T07:49:00Z,99286.50,99297.07,99291.98,7.015944,35.085264,28.328004,162.953811,106.826690,24,2.513316,4.502627
2026-01-03T07:50:00Z,99283.16,99293.77,99287.38,5.788580,37.698314,27.537978,175.052325,103.794099,24,1.811841,3.976739
2026-01-03T07:51:00Z,99279.23,99289.88,99282.93,6.103167,34.300434,27.509842,159.239554,103.634877,25,2.327388,3.775779
2026-01-03T07:52:00Z,99270.57,99281.25,99274.80,6.858005,38.712180,30.637836,179.681570,115.359547,27,2.396423,4.461582
2026-01-03T07:53:00Z,99271.06,99281.79,99275.85,6.373998,34.197965,28.208798,158.693790,106.159301,26,2.163870,4.210128
2026-01-03T07:54:00Z,99257.59,99268.36,99265.28,6.345234,35.434803,28.248131,164.396527,106.253101,25,2.183922,4.161313
2026-01-03T07:55:00Z,99253.84,99264.65,99260.26,8.141258,40.154699,28.217635,186.252085,106.084356,26,2.588209,5.553049
2026-01-03T07:56:00Z,99266.30,99277.14,99270.23,5.753594,38.280454,32.175806,177.518326,120.903654,25,2.095875,3.657719
2026-01-03T07:57:00Z,99253.33,99264.22,99256.02,6.200761,36.439206,29.537966,168.941194,110.935423,25,1.990411,4.210351
2026-01-03T07:58:00Z,99258.00,99268.93,99263.97,5.883863,34.760838,27.287699,161.122667,102.432242,27,2.016877,3.866986
2026-01-03T07:59:00Z,99250.11,99261.07,99255.10,5.879581,34.264735,29.446632,158.786190,110.480577,27,2.056601,3.822981
2026-01-03T08:00:00Z,99254.60,99265.60,99261.86,8.221555,34.312387,30.232697,158.969723,113.372614,24,2.890467,5.331089
2026-01-03T08:01:00Z,99234.84,99245.88,99239.87,6.945304,36.283661,31.589519,168.062934,118.401087,27,2.317711,4.627592
2026-01-03T08:02:00Z,99260.66,99271.74,99264.53,6.431490,34.033281,27.850597,157.601816,104.334765,26,1.897496,4.533995
2026-01-03T08:03:00Z,99234.42,99245.54,99240.15,6.954796,37.270087,30.043686,172.549439,112.494180,26,2.298347,4.656449
2026-01-03T08:04:00Z,99228.72,99239.87,99236.00,6.468625,33.868832,28.226363,156.764721,105.636627,27,2.357383,4.111242
2026-01-03T08:05:00Z,99240.81,99252.01,99246.86,6.642900,34.571321,29.629946,159.977265,110.834174,26,2.373178,4.269723
2026-01-03T08:06:00Z,99236.63,99247.86,99240.53,6.516429,36.692296,27.167420,169.750304,101.572211,24,2.237254,4.279175
2026-01-03T08:07:00Z,99225.71,99236.99,99231.21,5.931745,35.487561,27.323422,164.136220,102.104704,27,1.948649,3.983096
2026-01-03T08:08:00Z,99232.56,99243.87,99238.40,7.520536,37.518641,29.369603,173.487096,109.696652,24,2.793586,4.726950
2026-01-03T08:09:00Z,99237.54,99248.89,99243.61,6.075690,33.802196,27.374867,156.262950,102.195655,25,1.569432,4.506258
2026-01-03T08:10:00Z,99230.87,99242.26,99236.82,7.601511,38.150676,30.422118,176.320816,113.515576,25,2.231758,5.369753
2026-01-03T08:11:00Z,99214.13,99225.56,99221.68,7.873139,37.766325,27.230623,174.500043,101.556954,25,2.728988,5.144151
2026-01-03T08:12:00Z,99206.22,99217.69,99214.01,6.316272,34.418916,28.923073,158.992513,107.815977,25,1.835720,4.480552
2026-01-03T08:13:00Z,99217.09,99228.60,99222.97,8.416401,36.831282,31.372915,170.092130,116.890881,26,2.693656,5.722745
2026-01-03T08:14:00Z,99208.08,99219.63,99213.02,7.246780,38.154267,28.638726,176.156071,106.651520,27,2.918366,4.328413
2026-01-03T08:15:00Z,99207.61,99219.20,99212.68,6.940731,34.168598,30.466683,157.713189,113.403540,25,2.426506,4.514225
2026-01-03T08:16:00Z,99202.79,99214.41,99211.21,8.823852,32.745947,32.474623,151.106790,120.818703,27,2.690381,6.133471
2026-01-03T08:17:00Z,99201.23,99212.89,99206.30,7.726967,33.408971,27.606662,154.125434,102.658067,24,2.436795,5.290172
2026-01-03T08:18:00Z,99193.26,99204.96,99201.06,6.186738,34.650219,28.079973,159.808996,104.367557,26,1.780943,4.405795
2026-01-03T08:19:00Z,99199.00,99210.74,99206.46,7.863627,33.335328,33.122447,153.703315,123.049943,26,2.718992,5.144635
2026-01-03T08:20:00Z,99189.20,99200.97,99194.30,6.200140,37.928546,30.491409,174.834516,113.221058,28,2.214634,3.985506
2026-01-03T08:21:00Z,99196.12,99207.93,99202.44,6.660038,33.209414,27.303507,153.039633,101.334986,28,2.167351,4.492687
2026-01-03T08:22:00Z,99198.13,99209.98,99204.80,6.351239,32.885302,34.142172,151.504484,126.655456,24,1.945111,4.406128
2026-01-03T08:23:00Z,99181.02,99192.91,99187.90,7.163262,34.471664,27.261500,158.769143,101.082237,26,2.365686,4.797575
2026-01-03T08:24:00Z,99175.04,99186.96,99180.04,7.261208,33.365192,28.737807,153.630311,106.505397,28,2.212858,5.048349
2026-01-03T08:25:00Z,99163.33,99175.30,99169.67,8.711990,33.316192,27.675695,153.361839,102.520326,25,2.431503,6.280487
2026-01-03T08:26:00Z,99170.94,99182.94,99175.70,7.708273,32.544471,28.075964,149.767327,103.953744,25,2.045858,5.662415
2026-01-03T08:27:00Z,99169.64,99181.68,99174.66,7.129619,32.256050,29.590826,148.398053,109.510845,27,2.782474,4.347145
2026-01-03T08:28:00Z,99150.67,99162.74,99157.20,6.104481,32.086932,27.291151,147.577995,100.952492,26,2.122846,3.981636
2026-01-03T08:29:00Z,99155.87,99167.98,99163.99,9.774042,33.940170,27.685253,156.056934,102.362155,26,3.189930,6.584111
2026-01-03T08:30:00Z,99156.32,99168.47,99161.48,6.903307,33.650015,28.897437,154.678240,106.793925,26,2.465157,4.438151
2026-01-03T08:31:00Z,99146.96,99159.15,99154.08,7.267428,33.853576,29.503232,155.568852,108.981734,27,2.298511,4.968917
2026-01-03T08:32:00Z,99150.83,99163.05,99161.47,6.219276,32.663979,29.961896,150.058496,110.624393,26,2.288264,3.931012
2026-01-03T08:33:00Z,99149.03,99161.28,99152.67,6.433372,32.796616,28.237716,150.623656,104.209965,26,2.048507,4.384865
2026-01-03T08:34:00Z,99125.71,99138.00,99131.42,6.697766,33.189230,28.555730,152.381846,105.334740,28,1.922781,4.774985
2026-01-03T08:35:00Z,99129.69,99142.02,99137.41,7.058654,35.222590,32.916994,161.669652,121.366217,26,2.008360,5.050294
2026-01-03T08:36:00Z,99134.50,99146.86,99141.33,7.297680,31.992201,31.780158,146.798549,117.120680,25,2.006485,5.291195
2026-01-03T08:37:00Z,99129.24,99141.63,99136.05,7.788722,32.257910,28.820789,147.973367,106.165624,26,2.619365,5.169357
2026-01-03T08:38:00Z,99113.55,99125.98,99119.21,7.032943,31.478627,28.191252,144.355074,103.799087,27,2.265516,4.767428
2026-01-03T08:39:00Z,99130.70,99143.17,99137.52,7.640885,33.865997,29.571883,155.255985,108.832823,25,2.579823,5.061062
2026-01-03T08:40:00Z,99120.56,99133.06,99127.71,7.327156,34.972598,28.653697,160.280194,105.405666,25,2.275343,5.051812
2026-01-03T08:41:00Z,99121.93,99134.46,99129.69,6.592746,37.516005,30.715785,171.883939,112.940037,26,2.530350,4.062396
2026-01-03T08:42:00Z,99104.96,99117.53,99113.33,8.484796,33.474063,30.622001,153.318003,112.544304,27,2.508388,5.976409
2026-01-03T08:43:00Z,99099.25,99111.85,99106.21,6.437649,33.058912,29.312464,151.369567,107.682858,28,1.971194,4.466455
2026-01-03T08:44:00Z,99108.60,99121.24,99115.77,6.778837,31.656929,33.175473,144.904994,121.819359,24,2.430646,4.348191
2026-01-03T08:45:00Z,99100.27,99112.94,99106.36,6.549637,31.655727,31.929439,144.854069,117.191485,24,1.989992,4.559645
2026-01-03T08:46:00Z,99100.37,99113.07,99109.48,8.621182,33.734424,29.381846,154.317375,107.792883,25,2.614326,6.006855
2026-01-03T08:47:00Z,99089.88,99102.61,99096.93,6.371519,31.172395,29.020510,142.552256,106.419927,24,2.151368,4.220152
2026-01-03T08:48:00Z,99082.03,99094.79,99088.07,8.593979,31.458862,34.464244,143.816464,126.326436,24,2.981038,5.612941
2026-01-03T08:49:00Z,99070.66,99083.45,99075.59,7.329006,33.937508,32.345861,155.098115,118.509302,27,2.970961,4.358045
2026-01-03T08:50:00Z,99071.07,99083.90,99077.96,7.471672,34.967570,34.756275,159.754194,127.284600,25,2.071630,5.400043
2026-01-03T08:51:00Z,99073.22,99086.07,99079.48,6.541075,32.141004,30.022483,146.793148,109.900291,25,2.237253,4.303822
2026-01-03T08:52:00Z,99066.29,99079.17,99072.07,6.839070,33.265464,28.555499,151.879359,104.484593,26,2.069839,4.769231
2026-01-03T08:53:00Z,99052.23,99065.14,99060.62,6.452996,32.649550,32.514091,149.018603,118.917315,25,2.454184,3.998812
2026-01-03T08:54:00Z,99059.53,99072.48,99064.95,9.281598,32.880980,28.067663,150.025627,102.610399,25,2.829215,6.452383
2026-01-03T08:55:00Z,99045.57,99058.55,99053.22,6.773215,32.209414,29.447649,146.913000,107.608879,26,2.002497,4.770718
2026-01-03T08:56:00Z,99055.82,99068.83,99062.00,6.640071,32.671169,31.069514,148.969746,113.486706,24,2.012073,4.627998
2026-01-03T08:57:00Z,99043.39,99056.42,99050.42,7.446947,30.495669,29.917060,139.003863,109.230320,24,2.327175,5.119772
2026-01-03T08:58:00Z,99044.32,99057.39,99051.85,6.500969,31.444427,30.613246,143.280468,111.724431,25,2.295884,4.205085
2026-01-03T08:59:00Z,99035.50,99048.60,99042.74,7.520084,32.328863,29.195572,147.260970,106.505233,25,2.471726,5.048358
2026-01-03T09:00:00Z,99031.96,99045.08,99039.19,7.886676,30.935776,31.199551,140.867708,113.767498,26,2.302850,5.583826
2026-01-03T09:01:00Z,99029.81,99042.96,99035.66,7.063554,30.818107,31.736014,140.284248,115.674830,24,2.016449,5.047105
2026-01-03T09:02:00Z,99028.28,99041.45,99037.17,6.520786,30.707412,29.914457,139.732684,108.989579,25,2.350445,4.170341
2026-01-03T09:03:00Z,99016.94,99030.14,99022.40,6.774168,30.612417,28.666472,139.252680,104.398963,24,1.873968,4.900200
2026-01-03T09:04:00Z,99018.92,99032.15,99025.52,6.970873,31.231721,31.057177,142.020918,113.058374,25,1.969531,5.001342
2026-01-03T09:05:00Z,99013.12,99026.38,99019.22,9.186573,34.305878,29.669661,155.946168,107.962496,23,2.572406,6.614166
2026-01-03T09:06:00Z,98991.69,99004.97,98999.24,7.229645,30.485429,32.285991,138.531192,117.434250,23,2.579119,4.650526
2026-01-03T09:07:00Z,98990.70,99004.00,98995.70,9.329738,33.074393,28.393230,150.243458,103.232517,26,3.104631,6.225107
2026-01-03T09:08:00Z,98987.24,99000.57,98997.29,6.854574,33.372825,37.238583,151.545970,135.337043,23,2.490575,4.363999
2026-01-03T09:09:00Z,98996.62,99009.97,99004.09,6.721116,33.348799,33.087844,151.383549,120.202801,25,2.169893,4.551223
2026-01-03T09:10:00Z,98997.39,99010.77,99005.15,6.793446,31.778710,28.499820,144.205276,103.493145,26,2.194940,4.598506
2026-01-03T09:11:00Z,98996.66,99010.07,99004.69,8.209215,30.023965,29.325009,136.194210,106.446586,24,3.148551,5.060664
2026-01-03T09:12:00Z,98990.65,99004.07,98998.78,7.506712,31.991687,29.325118,145.068394,106.404067,24,2.666297,4.840416
2026-01-03T09:13:00Z,98987.31,99000.76,98993.89,8.180349,31.535948,32.095460,142.950584,116.409313,24,2.539470,5.640879
2026-01-03T09:14:00Z,98976.99,98990.47,98983.99,7.239609,34.123131,29.531031,154.622488,107.065407,24,2.552838,4.686771
2026-01-03T09:15:00Z,98976.25,98989.75,98983.93,6.957760,31.302405,33.433604,141.789656,121.166057,23,1.768785,5.188975
2026-01-03T09:16:00Z,98959.29,98972.80,98964.87,6.928037,35.455913,29.704829,160.545421,107.610057,24,2.097307,4.830730
2026-01-03T09:17:00Z,98968.89,98982.42,98975.69,7.569711,29.703864,29.782346,134.450974,107.848352,23,2.573373,4.996338
2026-01-03T09:18:00Z,98964.55,98978.11,98973.55,7.430445,30.562170,29.855630,138.285386,108.071321,23,2.309453,5.120992
2026-01-03T09:19:00Z,98954.40,98967.98,98962.12,7.297819,30.451745,33.234151,137.735130,120.253914,28,2.561122,4.736696
2026-01-03T09:20:00Z,98950.16,98963.76,98954.85,6.793369,30.156232,28.351411,136.348199,102.546424,24,2.309998,4.483371
2026-01-03T09:21:00Z,98950.37,98963.99,98958.98,7.048454,30.149997,29.042402,136.269531,105.005100,23,2.423129,4.625325
2026-01-03T09:22:00Z,98939.31,98952.95,98945.91,7.236559,31.479405,30.353430,142.225182,109.702994,24,2.509792,4.726768
2026-01-03T09:23:00Z,98933.42,98947.08,98942.10,7.697623,31.943932,28.939545,144.270063,104.552896,24,2.561183,5.136441
2026-01-03T09:24:00Z,98926.35,98940.02,98932.08,8.213471,31.675457,30.315915,143.003925,109.483713,25,3.146174,5.067297
2026-01-03T09:25:00Z,98933.19,98946.88,98941.04,9.589687,30.351212,33.990719,136.973859,122.708460,24,3.236105,6.353581
2026-01-03T09:26:00Z,98916.43,98930.14,98922.98,7.848639,35.037572,30.900711,158.063502,111.511270,23,2.395487,5.453152
2026-01-03T09:27:00Z,98912.82,98926.55,98920.81,7.274312,33.128888,32.978853,149.396277,118.965987,23,2.308978,4.965334
2026-01-03T09:28:00Z,98921.68,98935.42,98929.16,6.982421,32.515982,28.944531,146.576544,104.373824,23,2.408078,4.574343
2026-01-03T09:29:00Z,98906.17,98919.93,98911.38,7.240022,29.271775,29.280096,131.901799,105.544649,25,2.646263,4.593759
2026-01-03T09:30:00Z,98909.55,98923.32,98917.38,8.065432,33.233588,28.730511,149.696733,103.525322,24,2.711420,5.354012
2026-01-03T09:31:00Z,98923.67,98937.45,98928.63,8.842199,30.027018,30.161282,135.201062,108.640906,23,3.119062,5.723137
2026-01-03T09:32:00Z,98912.44,98926.24,98919.18,8.206103,31.765581,29.369095,142.973941,105.748778,24,2.758585,5.447518
2026-01-03T09:33:00Z,98895.94,98909.75,98902.19,8.149868,34.244390,30.169367,154.071066,108.590810,25,3.231496,4.918373
2026-01-03T09:34:00Z,98900.49,98914.32,98906.94,7.278277,30.936083,29.716171,139.132294,106.920909,23,2.257402,5.020875
2026-01-03T09:35:00Z,98893.44,98907.28,98899.46,7.004031,30.768893,30.151016,138.326324,108.446502,23,2.382206,4.621825
2026-01-03T09:36:00Z,98885.55,98899.41,98892.28,7.368940,30.139707,29.472045,135.444609,105.966487,23,2.228641,5.140299
2026-01-03T09:37:00Z,98886.03,98899.90,98893.94,8.106978,30.546378,31.157685,137.218142,111.987357,22,2.871531,5.235447
2026-01-03T09:38:00Z,98872.00,98885.88,98877.97,7.181708,30.968950,29.212993,139.061470,104.960595,24,2.601986,4.579722
2026-01-03T09:39:00Z,98878.68,98892.56,98885.76,7.053289,29.554720,31.182267,132.658506,111.996700,22,2.305383,4.747906
2026-01-03T09:40:00Z,98863.07,98876.97,98870.08,8.562572,31.313195,32.916385,140.495676,118.183776,24,2.966705,5.595868
2026-01-03T09:41:00Z,98874.24,98888.15,98879.82,7.097527,29.145444,31.525083,130.717269,113.149088,23,2.632687,4.464840
2026-01-03T09:42:00Z,98857.03,98870.94,98862.77,7.424790,32.886920,29.554502,147.438743,106.039690,24,2.537836,4.886954
2026-01-03T09:43:00Z,98866.57,98880.50,98873.36,7.756275,29.631846,29.944382,132.792227,107.401670,22,2.506310,5.249965
2026-01-03T09:44:00Z,98860.69,98874.63,98869.24,7.614474,30.125015,31.133099,134.947909,111.627141,22,3.107969,4.506505
2026-01-03T09:45:00Z,98860.46,98874.40,98867.02,7.520717,31.624699,31.520626,141.608607,112.978282,22,2.837600,4.683116
2026-01-03T09:46:00Z,98846.36,98860.31,98852.99,7.171913,29.189327,30.143639,130.650510,108.006381,22,2.464278,4.707634
2026-01-03T09:47:00Z,98833.92,98847.88,98840.19,8.448510,29.545144,35.129764,132.189307,125.829790,22,2.715160,5.733350
2026-01-03T09:48:00Z,98847.90,98861.86,98856.49,7.426202,29.814839,29.594673,133.341486,105.968601,22,2.942717,4.483485
2026-01-03T09:49:00Z,98851.72,98865.69,98860.77,7.346990,31.926095,29.862560,142.725200,106.892452,23,2.582430,4.764560
2026-01-03T09:50:00Z,98842.39,98856.37,98849.46,7.838942,33.588242,36.101000,150.094089,129.180362,22,2.790370,5.048572
2026-01-03T09:51:00Z,98833.92,98847.90,98839.63,7.561213,29.915531,34.794292,133.626909,124.463919,21,2.994905,4.566308
2026-01-03T09:52:00Z,98827.30,98841.28,98832.19,7.557131,29.370056,30.979831,131.136116,110.783130,22,2.517823,5.039308
2026-01-03T09:53:00Z,98833.40,98847.38,98840.80,9.216647,29.177828,31.958658,130.223768,114.246575,24,3.064886,6.151761
2026-01-03T09:54:00Z,98821.40,98835.39,98829.68,8.018079,33.123728,32.484488,147.773208,116.089164,23,2.738150,5.279929
2026-01-03T09:55:00Z,98820.41,98834.41,98826.49,7.283680,32.109476,33.228870,143.188567,118.711602,24,2.819909,4.463771
2026-01-03T09:56:00Z,98814.40,98828.40,98821.39,8.087013,29.881069,31.939570,133.195433,114.069503,23,2.805977,5.281037
2026-01-03T09:57:00Z,98825.90,98839.90,98834.25,9.696258,31.136766,30.424314,138.734425,108.623829,22,3.703424,5.992834
2026-01-03T09:58:00Z,98817.99,98831.99,98825.54,9.573640,28.644052,31.831529,127.573994,113.612628,22,3.360133,6.213507
2026-01-03T09:59:00Z,98814.05,98828.05,98822.27,8.741455,28.989933,32.930645,129.059905,117.499250,24,3.096397,5.645057
2026-01-03T10:00:00Z,98817.66,98831.66,98825.10,8.257911,28.338177,30.629733,126.104886,109.255869,22,2.951199,5.306712
2026-01-03T10:01:00Z,98815.47,98829.47,98822.27,7.780175,28.992572,31.886389,128.962098,113.703694,24,3.055449,4.724726
2026-01-03T10:02:00Z,98802.58,98816.58,98808.52,7.618716,33.646927,30.406444,149.601362,108.393564,22,2.334247,5.284469
2026-01-03T10:03:00Z,98798.27,98812.27,98806.13,7.824792,29.656559,33.736863,131.802961,120.229814,22,3.012916,4.811877
2026-01-03T10:04:00Z,98791.35,98805.35,98797.68,9.649459,31.911180,30.750097,141.762377,109.553067,23,3.766218,5.883242
2026-01-03T10:05:00Z,98793.01,98807.01,98801.55,7.683722,30.109958,32.756053,133.703098,116.665157,23,2.973811,4.709911
2026-01-03T10:06:00Z,98798.51,98812.50,98807.89,7.585945,34.881388,31.325627,154.823809,111.537760,23,3.153987,4.431958
2026-01-03T10:07:00Z,98781.61,98795.60,98789.18,7.636076,30.663604,31.467012,136.043979,112.008549,22,2.740638,4.895439
2026-01-03T10:08:00Z,98792.10,98806.09,98799.54,7.782530,32.699342,31.662500,145.012943,112.671836,21,2.997267,4.785263
2026-01-03T10:09:00Z,98787.77,98801.75,98794.13,7.663425,28.732752,30.698645,127.366751,109.210619,21,3.195691,4.467734
2026-01-03T10:10:00Z,98778.65,98792.63,98785.33,10.606874,28.697186,31.949334,127.153626,113.627635,23,4.047459,6.559415
2026-01-03T10:11:00Z,98778.58,98792.55,98783.93,8.032165,31.257456,35.455118,138.437301,126.060368,21,2.763576,5.268588
2026-01-03T10:12:00Z,98776.37,98790.33,98783.50,8.781997,28.714981,31.759922,127.121085,112.890538,22,3.590195,5.191802
2026-01-03T10:13:00Z,98778.00,98791.95,98785.69,8.214942,30.888217,31.068666,136.681883,110.402831,22,2.885294,5.329648
2026-01-03T10:14:00Z,98778.01,98791.96,98783.40,8.089278,30.946431,34.097221,136.879125,121.131498,20,3.785126,4.304152
2026-01-03T10:15:00Z,98780.66,98794.60,98786.34,8.903120,29.926757,32.211341,132.310514,114.400628,23,3.415058,5.488061
2026-01-03T10:16:00Z,98780.27,98794.21,98787.20,8.915564,28.394940,34.348142,125.482511,121.956614,21,3.795412,5.120153
2026-01-03T10:17:00Z,98784.90,98798.83,98791.80,9.594141,29.677602,32.412376,131.092576,115.052619,22,4.058164,5.535976
2026-01-03T10:18:00Z,98779.45,98793.37,98785.64,9.548554,33.740485,32.206431,148.972863,114.291200,22,3.953055,5.595499
2026-01-03T10:19:00Z,98758.35,98772.25,98765.61,7.874673,28.508835,32.595949,125.817594,115.643010,24,3.049916,4.824757
2026-01-03T10:20:00Z,98771.83,98785.73,98781.02,8.893543,28.102887,32.008139,123.970520,113.527942,20,3.406995,5.486548
2026-01-03T10:21:00Z,98761.76,98775.65,98766.98,9.030773,32.177706,35.246368,141.882121,124.981098,20,3.382235,5.648538
2026-01-03T10:22:00Z,98774.44,98788.32,98782.18,8.590541,29.344681,32.886081,129.332183,116.581794,20,3.967137,4.623403
2026-01-03T10:23:00Z,98773.24,98787.10,98781.50,8.142968,29.039021,34.899165,127.927327,123.686793,20,3.506233,4.636735
2026-01-03T10:24:00Z,98758.85,98772.70,98766.55,8.566048,29.990810,34.750343,132.060582,123.128363,23,3.573577,4.992471
2026-01-03T10:25:00Z,98754.16,98768.00,98761.11,8.313389,28.453188,35.610229,125.233102,126.143689,21,3.424415,4.888974
2026-01-03T10:26:00Z,98768.89,98782.72,98778.07,8.141794,31.370374,35.290634,138.010024,124.980720,23,3.691902,4.449891
2026-01-03T10:27:00Z,98762.23,98776.04,98769.06,8.781953,28.583835,40.123677,125.693755,142.062066,20,3.550329,5.231624
2026-01-03T10:28:00Z,98762.20,98776.00,98768.79,8.991826,34.338959,35.615601,150.932279,126.070239,19,3.986268,5.005557
2026-01-03T10:29:00Z,98732.79,98746.57,98739.34,8.931239,31.088380,34.181503,136.582304,120.964905,22,3.799291,5.131948
2026-01-03T10:30:00Z,98753.64,98767.41,98761.49,8.636706,28.887630,34.328805,126.855453,121.457379,22,3.379542,5.257164
2026-01-03T10:31:00Z,98757.41,98771.17,98764.57,9.388469,30.980274,32.473615,135.982468,114.866638,22,3.945240,5.443229
2026-01-03T10:32:00Z,98748.14,98761.88,98754.05,8.148201,30.411609,34.102987,133.424952,120.602078,19,3.090576,5.057625
2026-01-03T10:33:00Z,98766.54,98780.27,98772.18,8.446691,36.540962,33.777402,160.242304,119.423222,22,3.140477,5.306214
2026-01-03T10:34:00Z,98737.82,98751.53,98743.06,8.210074,32.782559,35.525254,143.694171,125.574358,21,3.120492,5.089581
2026-01-03T10:35:00Z,98766.25,98779.94,98774.26,8.394242,30.103638,39.565324,131.890633,139.823699,19,3.546304,4.847938
2026-01-03T10:36:00Z,98730.11,98743.78,98737.48,9.154283,30.598467,32.582818,133.996317,115.121931,19,4.091415,5.062867
2026-01-03T10:37:00Z,98754.31,98767.97,98763.94,8.048067,30.982426,36.161385,135.614589,127.737647,20,3.756535,4.291532
2026-01-03T10:38:00Z,98750.38,98764.01,98757.01,9.705658,29.856582,33.460387,130.625643,118.170840,21,4.259609,5.446049
2026-01-03T10:39:00Z,98738.72,98752.34,98746.21,8.285985,29.117367,33.166596,127.331948,117.108078,19,3.767040,4.518944
2026-01-03T10:40:00Z,98734.70,98748.29,98741.00,8.246908,35.718638,34.115696,156.126526,120.433652,20,3.357233,4.889675
2026-01-03T10:41:00Z,98740.74,98754.32,98746.63,9.469246,29.848229,37.204451,130.405670,131.309837,19,4.279673,5.189573
2026-01-03T10:42:00Z,98755.67,98769.23,98762.53,8.959014,28.856386,34.348754,126.013050,121.205736,19,3.972781,4.986233
2026-01-03T10:43:00Z,98736.05,98749.59,98740.90,10.738083,31.043564,35.193831,135.500353,124.162270,20,4.795658,5.942425
2026-01-03T10:44:00Z,98751.53,98765.05,98759.17,8.478010,34.231555,35.278614,149.344883,124.436165,21,3.550952,4.927058
2026-01-03T10:45:00Z,98745.20,98758.69,98752.27,8.524983,29.757230,36.602431,129.762942,129.079753,21,3.070458,5.454525
2026-01-03T10:46:00Z,98728.62,98742.09,98735.23,8.333902,31.106377,34.794218,135.581882,122.678784,19,4.013362,4.320540
2026-01-03T10:47:00Z,98744.24,98757.69,98749.68,9.099092,28.899295,32.932351,125.902146,116.091491,19,4.333496,4.765596
2026-01-03T10:48:00Z,98748.93,98762.36,98755.40,8.868854,31.621647,34.583933,137.696731,121.890095,19,3.378077,5.490777
2026-01-03T10:49:00Z,98745.39,98758.80,98752.67,8.976173,29.323580,33.558452,127.628894,118.253345,18,4.243675,4.732499
2026-01-03T10:50:00Z,98756.72,98770.10,98764.34,8.183616,33.242910,34.467724,144.618388,121.434670,19,3.434103,4.749514
2026-01-03T10:51:00Z,98729.61,98742.97,98735.95,8.952440,31.300071,33.170226,136.101186,116.841790,19,3.884978,5.067461
2026-01-03T10:52:00Z,98748.98,98762.31,98757.50,8.148741,32.379886,35.292928,140.729004,124.296314,19,3.776289,4.372452
2026-01-03T10:53:00Z,98741.90,98755.21,98748.62,8.881056,28.403274,36.179322,123.386609,127.395148,21,4.448483,4.432573
2026-01-03T10:54:00Z,98748.49,98761.77,98754.58,9.321209,33.308516,34.331392,144.625833,120.866761,18,4.386768,4.934441
2026-01-03T10:55:00Z,98749.11,98762.37,98754.60,8.535383,28.500204,33.910486,123.688451,119.364066,18,3.767998,4.767385
2026-01-03T10:56:00Z,98743.12,98756.35,98750.86,8.882726,34.857732,35.985565,151.206519,126.646487,20,3.618855,5.263870
2026-01-03T10:57:00Z,98735.25,98748.46,98743.94,8.963639,33.141568,38.148234,143.692567,134.234951,20,4.056846,4.906793
2026-01-03T10:58:00Z,98753.58,98766.76,98758.09,8.133239,31.706325,35.907575,137.403139,126.329484,20,4.126377,4.006862
2026-01-03T10:59:00Z,98748.48,98761.63,98754.81,8.619379,31.461753,34.536483,136.277076,121.485751,19,3.751497,4.867882
2026-01-03T11:00:00Z,98748.77,98761.89,98753.89,10.179667,30.902606,36.016875,133.790036,126.672686,17,4.766542,5.413125
2026-01-03T11:01:00Z,98753.35,98766.44,98757.09,8.935277,30.647677,35.682348,132.621724,125.476158,21,4.085949,4.849328
2026-01-03T11:02:00Z,98731.99,98745.06,98740.76,9.617600,29.822244,38.431897,128.986870,135.123712,18,4.283779,5.333821
2026-01-03T11:03:00Z,98748.62,98761.66,98752.78,8.801991,30.487293,36.234257,131.798903,127.377349,20,3.672280,5.129711
2026-01-03T11:04:00Z,98762.70,98775.71,98769.97,10.092141,32.121453,34.716492,138.795544,122.023335,20,5.385773,4.706367
2026-01-03T11:05:00Z,98758.25,98771.23,98765.62,11.031143,30.171779,36.913330,130.307176,129.725585,19,5.011363,6.019780
2026-01-03T11:06:00Z,98744.15,98757.10,98751.66,9.017480,30.654575,34.570437,132.327300,121.474121,20,4.619112,4.398368
2026-01-03T11:07:00Z,98751.08,98764.00,98758.74,9.020028,28.754346,35.965085,124.063507,126.356507,18,4.583135,4.436893
2026-01-03T11:08:00Z,98750.03,98762.91,98757.30,9.850335,30.925601,34.736491,133.365896,122.022864,17,4.451789,5.398546
2026-01-03T11:09:00Z,98751.92,98764.78,98761.18,8.656700,31.672461,38.366601,136.519350,134.756121,19,4.611413,4.045287
2026-01-03T11:10:00Z,98742.51,98755.34,98749.99,8.483762,29.271865,36.538332,126.109628,128.317214,18,3.991395,4.492367
2026-01-03T11:11:00Z,98742.17,98754.96,98748.50,9.022598,30.356215,37.583420,130.716556,131.969836,17,4.265467,4.757130
2026-01-03T11:12:00Z,98758.61,98771.38,98765.97,9.241951,28.887397,40.007398,124.330081,140.463021,17,4.566845,4.675105
2026-01-03T11:13:00Z,98761.61,98774.34,98768.96,9.451592,30.243768,35.264390,130.103271,123.794838,22,3.776826,5.674766
2026-01-03T11:14:00Z,98746.51,98759.21,98754.51,10.418062,32.291166,34.532216,138.841809,121.209378,17,4.655421,5.762641
2026-01-03T11:15:00Z,98769.98,98782.64,98774.42,9.214325,31.442964,35.519981,135.127558,124.661187,19,4.648464,4.565861
2026-01-03T11:16:00Z,98756.34,98768.98,98763.70,10.610293,28.832186,34.918988,123.845903,122.537239,17,5.273288,5.337006
2026-01-03T11:17:00Z,98752.31,98764.91,98757.12,9.107150,28.793170,34.825182,123.616624,122.193722,20,4.679893,4.427257
2026-01-03T11:18:00Z,98757.25,98769.82,98766.25,8.782066,32.190678,38.289708,138.133988,134.334559,17,4.565614,4.216452
2026-01-03T11:19:00Z,98765.93,98778.46,98772.22,8.740745,33.125234,40.570596,142.073193,142.320825,17,4.507865,4.232880
2026-01-03T11:20:00Z,98764.75,98777.25,98770.13,8.697326,30.461016,38.909356,130.581017,136.478306,18,4.132803,4.564523
2026-01-03T11:21:00Z,98765.65,98778.12,98771.85,10.294045,29.597727,36.447895,126.816632,127.830857,16,5.453377,4.840668
2026-01-03T11:22:00Z,98769.16,98781.60,98776.71,9.597264,34.256555,36.986521,146.704511,129.706448,17,5.083929,4.513336
2026-01-03T11:23:00Z,98770.94,98783.34,98778.10,9.321165,31.954081,35.798531,136.775329,125.527614,16,4.880501,4.440664
2026-01-03T11:24:00Z,98763.04,98775.40,98766.87,10.607009,29.795761,39.100479,127.472737,137.092374,19,5.017256,5.589753
2026-01-03T11:25:00Z,98775.01,98787.34,98783.51,9.858789,29.269398,38.649678,125.157751,135.498785,19,4.586202,5.272587
2026-01-03T11:26:00Z,98774.90,98787.19,98779.84,8.574370,31.426074,37.917236,134.312044,132.918569,18,4.306263,4.268106
2026-01-03T11:27:00Z,98775.26,98787.51,98779.31,9.661880,29.138574,40.875185,124.472596,143.274647,18,4.958651,4.703229
2026-01-03T11:28:00Z,98790.19,98802.41,98796.66,8.529382,30.684050,41.333720,131.008209,144.869147,18,4.041967,4.487415
2026-01-03T11:29:00Z,98781.21,98793.40,98789.79,8.804464,30.238155,38.422048,129.039075,134.652645,17,4.566330,4.238133
2026-01-03T11:30:00Z,98781.44,98793.59,98788.03,9.028803,34.124670,39.158503,145.550694,137.222263,18,4.699721,4.329082
2026-01-03T11:31:00Z,98785.99,98798.10,98792.48,10.156636,29.533203,40.829882,125.902982,143.067807,19,5.335403,4.821234
2026-01-03T11:32:00Z,98778.62,98790.70,98785.51,9.387011,31.452357,35.861923,134.016439,125.650385,16,4.732056,4.654954
2026-01-03T11:33:00Z,98808.50,98820.54,98815.09,10.166321,35.583368,37.502691,151.541333,131.389393,17,5.307927,4.858394
2026-01-03T11:34:00Z,98790.25,98802.25,98795.76,11.442399,34.153744,35.892803,145.378881,125.740174,19,5.353902,6.088497
2026-01-03T11:35:00Z,98788.14,98800.11,98795.06,8.765851,29.387946,36.852559,125.029060,129.093475,23,4.698092,4.067760
2026-01-03T11:36:00Z,98789.84,98801.77,98793.52,10.261149,31.728701,39.805480,134.918821,139.428209,17,5.089746,5.171402
2026-01-03T11:37:00Z,98798.86,98810.75,98803.48,9.437843,30.647494,35.871993,130.254729,125.642221,16,4.353335,5.084508
2026-01-03T11:38:00Z,98808.37,98820.22,98815.85,10.545296,31.632190,36.850690,134.371105,129.062242,15,4.788121,5.757174
2026-01-03T11:39:00Z,98798.75,98810.57,98804.49,9.902250,32.152118,39.316644,136.509879,137.690722,16,5.218287,4.683963
2026-01-03T11:40:00Z,98787.00,98798.78,98792.76,8.824507,31.008546,39.034886,131.587181,136.696370,18,4.379510,4.444996
2026-01-03T11:41:00Z,98789.50,98801.24,98793.44,10.248512,30.648364,37.183237,129.992095,130.205182,15,5.318039,4.930473
2026-01-03T11:42:00Z,98784.64,98796.34,98792.45,8.775874,30.445249,37.008597,129.064400,129.587130,15,4.550964,4.224911
2026-01-03T11:43:00Z,98792.68,98804.34,98798.47,8.690780,36.167733,36.287938,153.244645,127.057675,17,4.950530,3.740250
2026-01-03T11:44:00Z,98811.19,98822.81,98816.14,9.557844,31.850124,37.151660,134.881398,130.076059,18,4.838776,4.719068
2026-01-03T11:45:00Z,98807.44,98819.02,98813.67,8.764004,31.530205,38.051134,133.457950,133.219704,17,4.419379,4.344625
2026-01-03T11:46:00Z,98805.35,98816.89,98813.47,8.988926,31.511906,36.453938,133.311881,127.622781,18,5.030788,3.958138
2026-01-03T11:47:00Z,98805.85,98817.36,98811.53,9.639398,31.337171,40.130409,132.504416,140.488705,15,5.284844,4.354554
2026-01-03T11:48:00Z,98814.94,98826.41,98820.90,10.587802,33.980316,37.104000,143.606522,129.889426,18,5.918336,4.669466
2026-01-03T11:49:00Z,98808.39,98819.82,98814.28,9.761883,31.955500,41.022398,134.979681,143.602013,19,5.558235,4.203649
2026-01-03T11:50:00Z,98813.75,98825.14,98820.04,9.598608,31.830886,43.091538,134.383944,150.840890,17,5.101179,4.497428
2026-01-03T11:51:00Z,98818.20,98829.55,98825.53,9.492573,31.621673,38.229999,133.431756,133.819735,17,5.136119,4.356454
2026-01-03T11:52:00Z,98831.61,98842.92,98836.82,9.587562,35.982963,41.363406,151.756340,144.784520,18,4.775155,4.812407
2026-01-03T11:53:00Z,98820.50,98831.78,98825.64,9.225444,32.936068,42.061540,138.834397,147.225200,17,5.243518,3.981926
2026-01-03T11:54:00Z,98829.08,98840.32,98834.30,9.589419,33.591459,38.321485,141.523790,134.131764,16,5.603711,3.985708
2026-01-03T11:55:00Z,98832.55,98843.75,98841.63,8.737379,34.442620,43.560017,145.034684,152.465242,17,5.184133,3.553246
2026-01-03T11:56:00Z,98839.32,98850.48,98845.79,8.739484,31.887507,38.520922,134.205785,134.826161,16,4.173160,4.566324
2026-01-03T11:57:00Z,98837.93,98849.04,98840.44,9.314856,30.709254,41.681269,129.179855,145.886228,18,5.431713,3.883143
2026-01-03T11:58:00Z,98857.21,98868.29,98862.61,9.568437,31.820127,39.325991,133.783372,137.641717,15,5.097477,4.470961
2026-01-03T11:59:00Z,98817.38,98828.42,98824.19,11.082276,32.624501,39.366702,137.094078,137.783643,17,6.387963,4.694313
2026-01-03T12:00:00Z,98853.30,98864.30,98855.90,10.047966,31.765272,39.375530,133.414144,137.814354,18,5.545780,4.502186
2026-01-03T12:01:00Z,98846.22,98857.18,98850.90,8.876011,30.642938,38.289164,128.633489,134.012258,15,4.984796,3.891215
2026-01-03T12:02:00Z,98845.77,98856.69,98852.36,9.466004,36.495080,37.426997,153.120099,130.995203,16,5.672939,3.793065
2026-01-03T12:03:00Z,98850.00,98860.88,98856.44,9.125306,34.560302,39.593397,144.927077,138.578584,17,5.107996,4.017310
2026-01-03T12:04:00Z,98858.88,98869.72,98863.23,9.696148,32.252998,37.450394,135.181144,131.079230,16,5.235186,4.460962
2026-01-03T12:05:00Z,98845.42,98856.23,98848.83,10.035990,33.674088,45.579377,141.063872,159.533244,18,5.833694,4.202296
2026-01-03T12:06:00Z,98850.00,98860.76,98857.44,8.812528,31.577606,42.730549,132.212642,149.564242,16,4.830964,3.981564
2026-01-03T12:07:00Z,98850.90,98861.63,98855.33,9.413672,34.354162,39.334459,143.762917,137.679780,16,5.387476,4.026196
2026-01-03T12:08:00Z,98858.66,98869.34,98863.42,9.280571,33.553629,40.236004,140.339739,140.838270,15,5.151114,4.129457
2026-01-03T12:09:00Z,98851.77,98862.42,98857.46,9.024972,31.917957,40.871949,133.428873,143.067578,15,4.594468,4.430505
2026-01-03T12:10:00Z,98871.40,98882.01,98878.07,10.112072,31.822925,40.479753,132.962238,141.698399,17,5.605195,4.506877
2026-01-03T12:11:00Z,98849.37,98859.94,98854.96,9.215960,32.126484,38.849000,134.160550,135.993871,15,5.007087,4.208873
2026-01-03T12:12:00Z,98870.87,98881.40,98873.81,9.881636,33.916002,39.873849,141.559695,139.585793,15,5.862354,4.019282
2026-01-03T12:13:00Z,98863.11,98873.60,98868.96,10.611834,32.537235,38.218291,135.734075,133.794753,14,6.025748,4.586086
2026-01-03T12:14:00Z,98875.65,98886.10,98879.19,10.393520,31.344809,40.710434,130.691419,142.524486,15,5.437114,4.956405
2026-01-03T12:15:00Z,98871.53,98881.95,98876.53,9.504283,34.668320,43.228635,144.473237,151.346500,19,5.604615,3.899667
2026-01-03T12:16:00Z,98875.68,98886.06,98882.00,9.466091,34.805381,39.206170,144.968651,137.269347,14,5.581026,3.885065
2026-01-03T12:17:00Z,98876.94,98887.28,98881.50,9.655578,35.593534,38.937383,148.173950,136.334377,16,6.005153,3.650425
2026-01-03T12:18:00Z,98862.55,98872.85,98867.49,10.022388,34.704954,38.260440,144.399348,133.970511,17,6.062716,3.959672
2026-01-03T12:19:00Z,98882.69,98892.96,98887.07,9.529927,32.519398,39.800208,135.235037,139.369075,18,5.626125,3.903802
2026-01-03T12:20:00Z,98878.36,98888.58,98884.05,9.284525,33.062838,39.246826,137.423110,137.438565,16,4.926038,4.358487
2026-01-03T12:21:00Z,98876.78,98886.97,98880.80,10.469293,36.803472,43.840901,152.890792,153.535111,18,6.202935,4.266358
2026-01-03T12:22:00Z,98882.89,98893.04,98887.40,10.295669,32.812463,41.100253,136.239876,143.945493,16,6.062124,4.233546
2026-01-03T12:23:00Z,98898.34,98908.45,98902.01,10.594393,38.322483,39.228406,159.034702,137.398108,15,6.612338,3.982055
2026-01-03T12:24:00Z,98877.72,98887.80,98883.66,9.946955,33.834658,38.506658,140.337219,134.878776,17,6.195814,3.751141
2026-01-03T12:25:00Z,98892.40,98902.44,98894.99,10.826984,36.891084,40.518687,152.934445,141.935819,15,6.463707,4.363277
2026-01-03T12:26:00Z,98900.54,98910.54,98905.62,10.469668,34.521430,41.047525,143.036037,143.798267,16,6.289565,4.180102
2026-01-03T12:27:00Z,98894.80,98904.76,98898.21,9.837047,31.912905,42.190091,132.158719,147.811540,18,6.020962,3.816085
2026-01-03T12:28:00Z,98901.38,98911.31,98906.57,9.866913,37.744116,43.392587,156.225363,152.035774,17,5.781053,4.085860
2026-01-03T12:29:00Z,98901.09,98910.98,98906.23,10.835520,34.264305,39.198436,141.748021,137.351224,19,6.148119,4.687402
2026-01-03T12:30:00Z,98893.54,98903.39,98897.35,9.039248,39.462704,38.478241,163.167898,134.838438,18,5.305675,3.733573
2026-01-03T12:31:00Z,98915.33,98925.15,98918.70,9.507876,33.801255,39.303503,139.686205,137.741762,18,5.196785,4.311091
2026-01-03T12:32:00Z,98918.29,98928.07,98923.73,8.999063,35.576227,39.022408,146.944528,136.768310,15,5.347064,3.651998
2026-01-03T12:33:00Z,98904.69,98914.43,98908.06,9.015849,32.883995,43.879211,135.753473,153.804283,15,5.103351,3.912498
2026-01-03T12:34:00Z,98906.23,98915.94,98912.75,10.418533,35.494828,40.577854,146.455045,142.245345,17,5.952450,4.466083
2026-01-03T12:35:00Z,98903.95,98913.62,98909.30,9.434488,36.400481,41.243616,150.113337,144.592662,17,5.433870,4.000618
2026-01-03T12:36:00Z,98920.07,98929.70,98925.45,8.955283,33.723909,40.365647,139.002625,141.528249,15,5.110663,3.844620
2026-01-03T12:37:00Z,98925.74,98935.34,98929.65,11.670793,34.670754,41.066778,142.830633,144.000733,18,7.418126,4.252667
2026-01-03T12:38:00Z,98912.97,98922.53,98916.94,9.620268,32.758682,38.886234,134.883094,136.368468,16,5.606076,4.014192
2026-01-03T12:39:00Z,98927.79,98937.32,98931.55,9.433574,34.670488,45.132601,142.680336,158.290049,16,5.858584,3.574991
2026-01-03T12:40:00Z,98919.22,98928.72,98925.00,9.195317,37.492023,39.501743,154.211287,138.556161,16,5.165392,4.029925
2026-01-03T12:41:00Z,98915.23,98924.70,98918.62,9.258727,36.555028,40.132978,150.278754,140.785669,15,6.363683,2.895044
2026-01-03T12:42:00Z,98933.37,98942.80,98937.86,11.046808,33.843661,42.105049,139.059618,147.720199,17,6.488932,4.557875
2026-01-03T12:43:00Z,98936.25,98945.65,98942.23,10.077177,33.424612,42.583651,137.266126,149.416440,16,6.182654,3.894524
2026-01-03T12:44:00Z,98924.32,98933.68,98929.86,9.187409,35.269111,41.001747,144.765433,143.882775,17,5.109548,4.077861
2026-01-03T12:45:00Z,98924.54,98933.87,98928.46,9.475926,39.991209,40.855767,164.062130,143.387700,15,5.207520,4.268406
2026-01-03T12:46:00Z,98925.90,98935.20,98931.74,9.886398,34.122250,43.491727,139.912010,152.657601,17,5.937930,3.948468
2026-01-03T12:47:00Z,98936.07,98945.34,98940.04,10.172543,33.292252,40.126387,136.437612,140.862768,15,6.135830,4.036714
2026-01-03T12:48:00Z,98932.35,98941.58,98938.50,9.001097,34.603148,41.420481,141.736022,145.424252,16,5.482392,3.518705
2026-01-03T12:49:00Z,98942.46,98951.67,98945.69,9.572183,34.301302,39.020029,140.426482,137.014324,14,6.350787,3.221397
2026-01-03T12:50:00Z,98930.52,98939.70,98934.00,9.124171,39.483867,39.754875,161.559304,139.613238,14,5.836320,3.287851
2026-01-03T12:51:00Z,98937.08,98946.23,98943.20,10.899979,34.248722,42.208128,140.065329,148.248825,15,6.871804,4.028175
2026-01-03T12:52:00Z,98928.57,98937.68,98934.34,9.855439,36.402812,40.937956,148.797384,143.807465,15,6.120219,3.735220
2026-01-03T12:53:00Z,98941.07,98950.15,98946.31,9.969362,37.639364,44.184525,153.771851,155.233951,16,6.011980,3.957382
2026-01-03T12:54:00Z,98945.27,98954.32,98948.67,9.412513,34.219289,40.592537,139.726848,142.634665,16,6.129702,3.282810
2026-01-03T12:55:00Z,98960.21,98969.23,98965.36,9.793215,35.192216,43.156192,143.624959,151.665054,15,6.074075,3.719140
2026-01-03T12:56:00Z,98946.92,98955.92,98950.37,10.569143,38.470946,39.354031,156.924490,138.323601,15,6.400009,4.169134
2026-01-03T12:57:00Z,98946.50,98955.46,98953.54,9.280340,34.597770,44.543091,141.052457,156.586094,19,5.604510,3.675829
2026-01-03T12:58:00Z,98938.75,98947.69,98941.75,11.221438,36.587110,41.476363,149.085522,145.827830,15,6.897223,4.324215
2026-01-03T12:59:00Z,98939.45,98948.36,98944.53,9.366626,36.421638,39.841168,148.334370,140.100552,15,6.108707,3.257919
2026-01-03T13:00:00Z,98937.99,98946.87,98942.64,9.281300,35.155935,41.627495,143.105412,146.405443,16,5.506293,3.775007
2026-01-03T13:01:00Z,98935.18,98944.03,98939.86,9.428908,35.091307,39.429966,142.768435,138.699097,15,5.612778,3.816130
2026-01-03T13:02:00Z,98940.27,98949.09,98944.64,9.313709,35.920799,40.473224,146.067650,142.392282,15,5.523537,3.790172
2026-01-03T13:03:00Z,98963.38,98972.17,98967.18,9.434183,37.591887,40.937374,152.783945,144.049303,14,6.117827,3.316357
2026-01-03T13:04:00Z,98956.45,98965.22,98962.73,9.087146,37.506875,42.078984,152.359726,148.091480,17,5.533337,3.553809
2026-01-03T13:05:00Z,98952.49,98961.23,98955.74,9.467033,36.910509,39.228423,149.859821,138.083070,16,6.583132,2.883901
2026-01-03T13:06:00Z,98948.19,98956.91,98954.18,10.118354,36.109972,42.082357,146.533991,148.154731,17,6.291177,3.827177
2026-01-03T13:07:00Z,98951.50,98960.19,98954.41,9.254139,40.989892,41.785890,166.250981,147.137076,15,6.160386,3.093753
2026-01-03T13:08:00Z,98950.60,98959.26,98952.60,9.161180,36.349765,43.287246,147.355192,152.451085,17,6.119530,3.041651
2026-01-03T13:09:00Z,98949.28,98957.92,98953.42,9.558975,43.734447,40.938734,177.200135,144.206282,15,6.502693,3.056282
2026-01-03T13:10:00Z,98951.77,98960.39,98955.56,10.637982,35.784018,39.374487,144.912647,138.721891,15,6.217888,4.420094
2026-01-03T13:11:00Z,98943.14,98951.74,98947.29,10.764596,35.637707,42.193878,144.246036,148.682878,15,6.492917,4.271679
2026-01-03T13:12:00Z,98963.35,98971.93,98970.28,10.385918,35.330979,41.344074,142.931175,145.716022,15,6.570937,3.814981
2026-01-03T13:13:00Z,98964.39,98972.94,98968.50,10.378405,36.635680,41.014192,148.133373,144.581197,16,6.911269,3.467136
2026-01-03T13:14:00Z,98957.61,98966.14,98963.68,10.380219,36.410847,39.305046,147.148893,138.583231,18,5.914034,4.466186
2026-01-03T13:15:00Z,98956.36,98964.87,98960.95,10.972216,38.730077,39.335145,156.441636,138.716764,15,6.486872,4.485344
2026-01-03T13:16:00Z,98959.05,98967.53,98962.26,10.746477,35.760304,41.941557,144.372071,147.937968,14,6.808166,3.938310
2026-01-03T13:17:00Z,98949.47,98957.93,98955.18,9.911206,35.846166,40.794507,144.644825,143.921206,15,6.560437,3.350769
2026-01-03T13:18:00Z,98954.16,98962.60,98956.19,9.838929,38.065829,39.047019,153.523165,137.784407,16,6.287781,3.551148
2026-01-03T13:19:00Z,98969.88,98978.30,98975.45,9.021192,39.364038,39.579741,158.678075,139.693214,15,5.664830,3.356361
2026-01-03T13:20:00Z,98940.78,98949.18,98945.14,9.382811,38.696626,39.881716,155.908317,140.788587,16,6.019817,3.362994
2026-01-03T13:21:00Z,98945.05,98953.43,98950.75,9.044056,38.628951,42.665345,155.556524,150.647250,15,6.525327,2.518729
2026-01-03T13:22:00Z,98963.69,98972.06,98968.20,9.806392,35.833914,41.605866,144.227790,146.937934,18,6.498675,3.307717
2026-01-03T13:23:00Z,98964.65,98973.00,98968.63,9.279475,38.276724,40.223717,153.981690,142.087562,17,6.350438,2.929037
2026-01-03T13:24:00Z,98956.15,98964.48,98959.36,10.461096,37.028720,41.560344,148.885672,146.841415,15,6.787895,3.673201
2026-01-03T13:25:00Z,98952.98,98961.29,98959.35,10.489314,38.921185,43.099200,156.415718,152.312402,16,7.309550,3.179763
2026-01-03T13:26:00Z,98954.74,98963.03,98960.46,9.399782,36.881325,40.198370,148.143041,142.092846,17,5.768992,3.630790
2026-01-03T13:27:00Z,98957.70,98965.98,98957.10,11.182952,37.687371,41.882080,151.304290,148.078082,17,7.717026,3.465926
2026-01-03T13:28:00Z,98945.25,98953.51,98950.17,9.601116,36.044892,40.780623,144.637221,144.216925,15,6.092865,3.508250
2026-01-03T13:29:00Z,98955.32,98963.56,98960.17,11.095524,37.272530,39.866201,149.488030,141.015914,15,6.848062,4.247462
2026-01-03T13:30:00Z,98937.93,98946.15,98940.38,9.496474,39.448772,44.317247,158.136645,156.797090,17,6.115909,3.380565
2026-01-03T13:31:00Z,98957.75,98965.97,98962.82,9.465888,40.056379,41.620450,160.491671,147.290591,15,5.801960,3.663928
2026-01-03T13:32:00Z,98965.31,98973.51,98967.38,9.327596,40.546102,43.366272,162.372316,153.505656,20,6.321339,3.006257
2026-01-03T13:33:00Z,98947.94,98956.13,98950.61,11.258759,38.548639,42.152657,154.295866,149.245883,15,7.230339,4.028420
2026-01-03T13:34:00Z,98954.84,98963.01,98957.59,10.251399,36.525601,42.984487,146.125251,152.228271,18,5.957667,4.293732
2026-01-03T13:35:00Z,98964.61,98972.77,98968.25,9.744434,40.323241,40.523184,161.237588,143.547069,15,5.929672,3.814762
2026-01-03T13:36:00Z,98948.83,98956.98,98952.25,11.005880,40.456023,43.298593,161.687823,153.416754,15,6.698422,4.307458
2026-01-03T13:37:00Z,98955.40,98963.53,98957.99,11.624130,36.384897,43.317065,145.344584,153.520832,15,7.517588,4.106542
2026-01-03T13:38:00Z,98943.52,98951.64,98948.24,10.918449,38.773945,44.134651,154.810924,156.458194,18,6.760443,4.158006
2026-01-03T13:39:00Z,98940.39,98948.51,98945.13,9.822348,41.123160,39.659260,164.108967,140.628896,16,6.363922,3.458426
2026-01-03T13:40:00Z,98937.53,98945.63,98941.87,9.763284,37.674717,42.829253,150.272798,151.908768,16,6.360023,3.403260
2026-01-03T13:41:00Z,98952.86,98960.96,98956.37,11.634868,36.751948,42.563696,146.519566,151.006307,16,7.855253,3.779615
2026-01-03T13:42:00Z,98951.43,98959.51,98953.28,9.410069,37.205191,43.362323,148.253179,153.880194,16,6.437795,2.972274
2026-01-03T13:43:00Z,98937.46,98945.53,98942.02,9.591621,39.595384,41.248884,157.699599,146.419136,16,6.036650,3.554971
2026-01-03T13:44:00Z,98920.27,98928.34,98925.35,9.861641,39.455264,39.513059,157.064084,140.295186,16,7.006270,2.855372
2026-01-03T13:45:00Z,98946.66,98954.71,98951.76,9.511614,40.399192,40.846341,160.742555,145.068379,15,6.412243,3.099371
2026-01-03T13:46:00Z,98936.31,98944.36,98941.27,8.983953,37.613588,39.835156,149.585518,141.515698,16,6.154280,2.829674
2026-01-03T13:47:00Z,98939.44,98947.48,98942.82,9.443418,38.532665,40.351401,153.165448,143.389128,19,6.296085,3.147333
2026-01-03T13:48:00Z,98935.28,98943.32,98939.09,12.249575,39.548933,41.728437,157.128099,148.323592,18,7.988844,4.260731
2026-01-03T13:49:00Z,98938.03,98946.06,98942.24,10.080939,41.024959,39.255511,162.912697,139.572634,15,6.471374,3.609565
2026-01-03T13:50:00Z,98929.07,98937.10,98932.66,11.539404,36.737445,44.340368,145.815537,157.696277,18,7.646080,3.893324
2026-01-03T13:51:00Z,98924.21,98932.23,98927.90,9.154505,37.617883,40.719873,149.237393,144.861201,16,6.458522,2.695984
2026-01-03T13:52:00Z,98929.17,98937.19,98935.49,10.134833,41.250717,38.877939,163.569991,138.348164,19,6.507221,3.627612
2026-01-03T13:53:00Z,98933.72,98941.73,98937.22,10.437871,37.806141,43.191944,149.838597,153.744083,16,7.065117,3.372754
2026-01-03T13:54:00Z,98924.98,98932.99,98930.86,10.911472,40.677971,43.376378,161.142553,154.445560,18,7.466776,3.444696
2026-01-03T13:55:00Z,98918.98,98926.98,98922.99,10.630431,41.169260,48.431633,163.009916,172.495878,16,7.328158,3.302273
2026-01-03T13:56:00Z,98916.92,98924.92,98919.30,9.151286,39.572595,39.952399,156.612312,142.338017,17,6.665020,2.486265
2026-01-03T13:57:00Z,98916.72,98924.73,98919.47,9.800824,39.517429,38.812047,156.318674,138.316511,18,6.452258,3.348566
2026-01-03T13:58:00Z,98921.44,98929.44,98926.20,8.923729,39.457021,42.567426,156.004706,151.745304,18,5.846688,3.077041
2026-01-03T13:59:00Z,98926.65,98934.65,98931.86,9.241113,41.543440,40.868188,164.175176,145.731894,17,6.242983,2.998130
2026-01-03T14:00:00Z,98912.61,98920.61,98915.03,10.024379,37.689857,43.130577,148.874936,153.846222,16,6.764471,3.259908
2026-01-03T14:01:00Z,98896.36,98904.36,98900.61,10.926626,39.835023,38.616704,157.273174,137.787577,17,7.559952,3.366674
2026-01-03T14:02:00Z,98903.47,98911.47,98905.88,9.936308,39.343021,39.119339,155.256642,139.624175,17,6.130397,3.805910
2026-01-03T14:03:00Z,98908.92,98916.92,98911.86,11.351649,38.424853,41.082826,151.561203,146.677884,17,7.845618,3.506032
2026-01-03T14:04:00Z,98908.48,98916.48,98912.60,9.183597,38.669724,40.393695,152.454651,144.262704,16,6.257625,2.925972
2026-01-03T14:05:00Z,98898.38,98906.39,98903.34,9.410705,38.558594,42.199016,151.944513,150.757845,19,6.338658,3.072047
2026-01-03T14:06:00Z,98904.95,98912.96,98909.02,9.699838,38.562645,44.350844,151.888646,158.495721,20,6.245482,3.454356
2026-01-03T14:07:00Z,98897.73,98905.74,98901.48,9.586767,42.916215,41.895843,168.956550,149.770261,17,6.775985,2.810782
2026-01-03T14:08:00Z,98893.32,98901.34,98897.95,10.406196,37.699752,41.303289,148.350045,147.699570,18,7.192155,3.214041
2026-01-03T14:09:00Z,98898.61,98906.63,98902.82,10.522341,37.910935,41.311841,149.111013,147.778076,18,7.040792,3.481549
2026-01-03T14:10:00Z,98889.20,98897.23,98895.31,10.998058,39.341674,39.307476,154.665900,140.654109,17,6.822625,4.175433
2026-01-03T14:11:00Z,98888.63,98896.66,98891.96,9.373247,41.624732,44.098464,163.564916,157.849591,19,6.983018,2.390230
2026-01-03T14:12:00Z,98887.71,98895.75,98890.42,10.336937,41.425945,40.444955,162.707874,144.819822,19,7.259644,3.077293
2026-01-03T14:13:00Z,98883.54,98891.59,98887.68,9.548168,40.185964,42.490181,157.764202,152.193750,18,6.338019,3.210149
2026-01-03T14:14:00Z,98873.28,98881.33,98879.12,12.157228,38.036834,38.684361,149.257737,138.608274,16,8.588126,3.569102
2026-01-03T14:15:00Z,98870.74,98878.80,98874.47,10.247432,40.243751,40.490273,157.844641,145.127877,18,7.030416,3.217016
2026-01-03T14:16:00Z,98879.75,98887.81,98881.50,12.339402,41.886783,39.158534,164.213092,140.402188,18,7.829791,4.509611
2026-01-03T14:17:00Z,98868.22,98876.30,98873.85,9.292909,40.594884,41.168126,159.075013,147.657928,19,5.836799,3.456111
2026-01-03T14:18:00Z,98880.57,98888.66,98883.18,9.287359,40.282068,41.481339,157.776678,148.832427,17,6.561882,2.725476
2026-01-03T14:19:00Z,98866.39,98874.48,98869.96,9.996311,41.075298,39.696232,160.809859,142.476783,18,7.273484,2.722827
2026-01-03T14:20:00Z,98849.93,98858.04,98853.82,9.448378,39.375665,41.793563,154.085318,150.056612,18,6.212338,3.236040
2026-01-03T14:21:00Z,98877.58,98885.70,98880.75,10.584687,38.479166,42.547414,150.508464,152.816661,19,6.986506,3.598181
2026-01-03T14:22:00Z,98851.17,98859.30,98855.03,10.747132,41.059887,43.504453,160.529725,156.308988,19,6.995116,3.752016
2026-01-03T14:23:00Z,98845.25,98853.38,98851.22,9.284984,40.417687,40.197196,157.947276,144.477287,18,6.420504,2.864480
2026-01-03T14:24:00Z,98850.78,98858.93,98854.76,8.874719,39.587612,40.662737,154.633462,146.202527,19,5.760927,3.113792
2026-01-03T14:25:00Z,98844.80,98852.96,98848.91,9.537085,39.736594,39.528997,155.145377,142.177016,20,6.272893,3.264192
2026-01-03T14:26:00Z,98842.00,98850.17,98846.24,8.775437,40.003543,44.051926,156.117373,158.501983,20,5.599216,3.176222
2026-01-03T14:27:00Z,98853.96,98862.14,98858.27,12.284861,40.195912,38.715689,156.797728,139.352211,19,8.680905,3.603956
2026-01-03T14:28:00Z,98843.29,98851.49,98846.16,10.410765,40.297379,38.260501,157.123209,137.763907,18,7.182302,3.228463
2026-01-03T14:29:00Z,98850.20,98858.41,98854.37,9.080934,40.649080,38.689661,158.423816,139.360119,19,6.469681,2.611252
2026-01-03T14:30:00Z,98824.92,98833.14,98830.55,9.678491,44.997744,43.918040,175.294081,158.250899,21,6.942394,2.736097
2026-01-03T14:31:00Z,98848.19,98856.43,98852.26,9.537854,39.544794,38.945924,153.983133,140.386626,19,6.340248,3.197606
2026-01-03T14:32:00Z,98823.67,98831.93,98829.11,10.291252,39.460471,39.821841,153.586834,143.597346,20,6.885888,3.405363
2026-01-03T14:33:00Z,98825.76,98834.04,98829.82,9.032661,39.084063,41.224049,152.054709,148.709223,18,5.613362,3.419299
2026-01-03T14:34:00Z,98826.31,98834.60,98829.46,10.701343,39.975904,41.627350,155.456005,150.220450,18,7.189558,3.511785
2026-01-03T14:35:00Z,98817.11,98825.42,98821.40,10.094914,40.335769,39.561939,156.786676,142.820883,19,6.869723,3.225191
2026-01-03T14:36:00Z,98825.62,98833.95,98831.55,10.094983,43.929708,40.237864,170.681842,145.316109,22,6.046741,4.048242
2026-01-03T14:37:00Z,98812.13,98820.47,98816.75,9.932542,42.944209,38.722384,166.780163,139.896371,21,6.180011,3.752530
2026-01-03T14:38:00Z,98802.77,98811.14,98807.37,8.773723,46.174009,38.452340,179.245698,138.973974,18,5.844229,2.929494
2026-01-03T14:39:00Z,98812.48,98820.87,98817.95,9.237644,45.319226,38.563082,175.851310,139.427871,19,6.199523,3.038120
2026-01-03T14:40:00Z,98784.81,98793.21,98787.82,11.212617,43.349185,40.542181,168.134416,146.640167,20,7.688310,3.524307
2026-01-03T14:41:00Z,98798.57,98806.99,98801.36,8.807048,40.583751,42.344659,157.340685,153.219225,20,5.819903,2.987145
2026-01-03T14:42:00Z,98810.37,98818.81,98815.62,9.118107,40.827929,38.568916,158.219494,139.611647,20,6.232961,2.885146
2026-01-03T14:43:00Z,98786.12,98794.58,98789.72,9.614538,39.582810,42.172865,153.328770,152.717115,19,6.807326,2.807211
2026-01-03T14:44:00Z,98781.97,98790.45,98785.82,8.802348,39.533559,39.640487,153.072774,143.603420,18,6.032824,2.769524
2026-01-03T14:45:00Z,98786.73,98795.24,98790.70,9.187404,39.684406,41.388116,153.591632,149.993847,21,6.279196,2.908208
2026-01-03T14:46:00Z,98797.47,98806.00,98801.78,9.556818,39.547059,37.552499,152.995312,136.147416,18,6.572306,2.984512
2026-01-03T14:47:00Z,98790.67,98799.22,98796.57,10.367019,39.584779,40.030705,153.076684,145.190218,22,7.277304,3.089715
2026-01-03T14:48:00Z,98783.07,98791.65,98786.58,8.666841,41.656004,38.280823,161.018562,138.899195,22,5.700541,2.966300
2026-01-03T14:49:00Z,98766.96,98775.56,98770.88,10.734721,42.760663,38.118922,165.219360,138.367529,19,7.770200,2.964522
2026-01-03T14:50:00Z,98772.29,98780.91,98775.56,11.247916,39.758409,40.304017,153.555123,146.358451,20,7.623784,3.624132
2026-01-03T14:51:00Z,98766.37,98775.01,98768.00,8.610743,43.540101,37.697369,168.090899,136.948464,19,5.650328,2.960416
2026-01-03T14:52:00Z,98752.26,98760.93,98757.59,9.208710,39.598525,39.004854,152.810742,141.756243,20,6.376162,2.832548
2026-01-03T14:53:00Z,98768.63,98777.32,98772.77,10.244640,41.800194,38.958331,161.240423,141.645264,20,7.315061,2.929580
2026-01-03T14:54:00Z,98760.43,98769.14,98765.00,9.474301,43.097748,38.203422,166.177277,138.957796,20,5.964594,3.509707
2026-01-03T14:55:00Z,98755.60,98764.34,98759.11,9.214467,40.446060,37.982961,155.888963,138.213083,19,6.174718,3.039749
2026-01-03T14:56:00Z,98750.64,98759.41,98753.88,8.592766,40.087589,38.888483,154.444285,141.566916,22,6.065764,2.527002
2026-01-03T14:57:00Z,98748.73,98757.53,98752.63,9.081506,42.958551,42.052034,165.437883,153.147159,21,6.150913,2.930593
2026-01-03T14:58:00Z,98733.82,98742.64,98740.92,9.218240,40.903511,38.281628,157.459921,139.474317,20,6.139593,3.078647
2026-01-03T14:59:00Z,98744.39,98753.24,98747.74,9.216765,44.777960,37.007906,172.305261,134.890388,19,6.360070,2.856695
2026-01-03T15:00:00Z,98729.27,98738.15,98736.24,9.186779,39.805955,38.489781,153.111482,140.350933,23,6.880992,2.305788
2026-01-03T15:01:00Z,98732.04,98740.94,98737.36,10.489280,42.362204,39.234794,162.878746,143.128239,20,6.951539,3.537741
2026-01-03T15:02:00Z,98722.23,98731.17,98726.53,8.656275,45.680064,42.737390,175.565607,155.972043,20,5.441929,3.214346
2026-01-03T15:03:00Z,98725.40,98734.37,98729.76,9.254047,40.466962,39.487229,155.467958,144.172011,21,6.068751,3.185295
2026-01-03T15:04:00Z,98730.27,98739.27,98734.12,8.742236,41.646224,38.247880,159.935247,139.706915,21,5.692481,3.049755
2026-01-03T15:05:00Z,98738.55,98747.57,98742.32,8.447150,42.360617,36.456085,162.614701,133.219410,21,5.615858,2.831292
2026-01-03T15:06:00Z,98708.79,98717.84,98714.41,9.248745,42.909271,38.107217,164.656294,139.313229,23,6.454785,2.793960
2026-01-03T15:07:00Z,98706.55,98715.63,98709.18,9.222932,42.288536,39.379612,162.210981,144.027330,20,6.792435,2.430497
2026-01-03T15:08:00Z,98719.21,98728.33,98724.77,10.338717,43.145936,36.274654,165.435459,132.728987,23,6.557369,3.781348
2026-01-03T15:09:00Z,98709.20,98718.35,98715.55,9.065937,44.035096,40.269756,168.779421,147.411453,22,6.082504,2.983434
2026-01-03T15:10:00Z,98696.27,98705.45,98701.94,10.536240,41.422033,36.231829,158.702775,132.688382,20,7.197326,3.338914
2026-01-03T15:11:00Z,98705.03,98714.24,98708.19,9.144205,40.253289,38.059186,154.165706,139.441876,23,6.242431,2.901774
2026-01-03T15:12:00Z,98710.65,98719.89,98712.30,9.826772,41.584833,37.065061,159.204522,135.859561,21,6.670093,3.156679
2026-01-03T15:13:00Z,98695.71,98704.98,98698.10,8.825147,40.221217,43.226918,153.925443,158.515667,23,6.221642,2.603504
2026-01-03T15:14:00Z,98689.04,98698.34,98695.12,8.845590,42.543841,38.467722,162.752405,141.126148,24,5.660759,3.184832
2026-01-03T15:15:00Z,98698.68,98708.01,98703.93,11.536549,40.611348,40.851950,155.301046,149.940017,24,7.011429,4.525120
2026-01-03T15:16:00Z,98693.21,98702.57,98699.29,9.718976,40.854619,36.841386,156.172713,135.280480,23,6.852108,2.866868
2026-01-03T15:17:00Z,98692.21,98701.60,98695.25,9.164114,42.297343,36.790025,161.627348,135.152576,21,5.590994,3.573120
2026-01-03T15:18:00Z,98682.77,98692.20,98687.30,8.840039,42.449861,40.438175,162.149854,148.621452,22,6.220359,2.619680
2026-01-03T15:19:00Z,98681.76,98691.23,98686.35,8.306510,43.511318,36.799212,166.142911,135.308422,20,5.353063,2.953447
2026-01-03T15:20:00Z,98672.45,98681.95,98675.50,10.295795,43.224242,36.792834,164.985972,135.346347,22,6.282021,4.013774
2026-01-03T15:21:00Z,98667.44,98676.98,98670.83,8.598851,41.737042,39.180675,159.250985,144.195875,22,5.332116,3.266736
2026-01-03T15:22:00Z,98686.92,98696.49,98692.62,8.577468,41.966578,38.028286,160.068407,140.018661,22,5.406411,3.171057
2026-01-03T15:23:00Z,98676.78,98686.38,98682.81,8.638207,40.363151,38.942873,153.896771,143.451809,24,5.537861,3.100347
2026-01-03T15:24:00Z,98659.16,98668.80,98663.24,8.332068,41.203139,37.989541,157.042755,140.004367,23,5.303629,3.028438
2026-01-03T15:25:00Z,98650.81,98660.48,98654.47,10.253583,41.489804,37.951269,158.078548,139.927780,21,6.275740,3.977843
2026-01-03T15:26:00Z,98655.93,98665.64,98659.73,8.843206,41.170450,34.998588,156.805723,129.100785,24,5.853047,2.990159
2026-01-03T15:27:00Z,98657.21,98666.95,98661.08,8.223880,40.378814,35.704859,153.735934,131.767107,21,5.912234,2.311646
2026-01-03T15:28:00Z,98661.24,98671.02,98666.01,8.704099,43.254411,34.868422,164.626054,128.740115,21,5.612930,3.091169
2026-01-03T15:29:00Z,98661.49,98671.30,98665.61,8.275045,40.119493,37.481719,152.640839,138.453397,21,5.273145,3.001900
2026-01-03T15:30:00Z,98646.07,98655.92,98651.43,8.940467,40.974384,39.295276,155.838830,145.220381,21,5.913436,3.027031
2026-01-03T15:31:00Z,98647.03,98656.92,98651.19,8.904504,42.479919,41.670960,161.508610,154.072250,23,5.734032,3.170472
2026-01-03T15:32:00Z,98639.25,98649.18,98648.54,8.701862,43.372599,37.829806,164.845467,139.935952,21,6.043081,2.658780
2026-01-03T15:33:00Z,98622.35,98632.31,98626.95,8.324188,42.269812,39.928906,160.598788,147.770400,22,5.327953,2.996235
2026-01-03T15:34:00Z,98640.98,98650.98,98646.65,8.126434,40.306168,39.377747,153.085711,145.799598,21,4.980218,3.146216
2026-01-03T15:35:00Z,98626.55,98636.58,98632.46,9.764356,42.886222,38.375588,162.829452,142.156426,24,5.911292,3.853065
2026-01-03T15:36:00Z,98631.14,98641.21,98635.11,10.696400,40.671673,35.323983,154.368990,130.914474,22,7.360099,3.336301
2026-01-03T15:37:00Z,98626.86,98636.97,98631.03,10.203975,45.029786,39.043110,170.852599,144.766977,22,6.923563,3.280412
2026-01-03T15:38:00Z,98621.92,98632.07,98627.37,9.614488,41.778993,34.326468,158.465309,127.339131,22,6.361666,3.252822
2026-01-03T15:39:00Z,98640.14,98650.32,98643.36,8.800035,42.888092,39.484815,162.617887,146.545026,24,6.055497,2.744538
2026-01-03T15:40:00Z,98613.21,98623.44,98616.12,8.135881,44.487057,37.273046,168.624807,138.402712,23,5.571430,2.564451
2026-01-03T15:41:00Z,98620.27,98630.53,98625.73,8.091445,42.732616,35.133794,161.921426,130.522102,22,5.371854,2.719591
2026-01-03T15:42:00Z,98622.27,98632.57,98625.69,9.065409,41.782090,35.750872,158.267920,132.878730,22,5.981960,3.083450
2026-01-03T15:43:00Z,98604.49,98614.82,98607.21,9.151805,41.196414,34.677674,155.998672,128.952312,25,5.846936,3.304869
2026-01-03T15:44:00Z,98619.40,98629.78,98625.07,7.950387,43.938276,36.621783,166.327517,136.247810,25,5.311269,2.639118
2026-01-03T15:45:00Z,98606.11,98616.53,98609.85,8.003930,45.205589,35.041570,171.069939,130.432254,24,5.297080,2.706850
2026-01-03T15:46:00Z,98618.74,98629.19,98622.85,8.546528,40.421553,38.399884,152.917042,143.002379,23,5.188816,3.357712
2026-01-03T15:47:00Z,98606.79,98617.29,98611.98,8.372626,43.518577,35.575307,164.581032,132.548378,22,5.115238,3.257389
2026-01-03T15:48:00Z,98616.71,98627.24,98621.89,8.470623,40.182169,35.306826,151.915310,131.612568,23,5.810876,2.659747
2026-01-03T15:49:00Z,98602.48,98613.04,98606.25,8.027745,40.348333,35.226071,152.495737,131.376082,27,5.137360,2.890386
2026-01-03T15:50:00Z,98613.07,98623.68,98618.40,9.511346,40.815856,34.569154,154.214723,128.989619,23,6.245867,3.265479
2026-01-03T15:51:00Z,98604.16,98614.81,98609.80,9.020127,40.623481,38.081006,153.440417,142.163733,24,5.739759,3.280368
2026-01-03T15:52:00Z,98607.77,98618.46,98613.39,8.947026,42.105682,33.591053,158.990041,125.463940,22,5.125065,3.821961
2026-01-03T15:53:00Z,98585.75,98596.47,98592.31,7.861183,40.732323,36.972352,153.757348,138.161724,23,4.784787,3.076396
2026-01-03T15:54:00Z,98580.30,98591.07,98587.07,7.853468,42.749036,35.828049,161.321179,133.952146,24,4.420515,3.432953
2026-01-03T15:55:00Z,98599.64,98610.45,98603.99,8.323715,41.291013,33.227170,155.772165,124.289995,23,5.060256,3.263459
2026-01-03T15:56:00Z,98584.76,98595.60,98590.71,9.450252,45.236003,33.769254,170.603803,126.380791,23,6.072621,3.377631
2026-01-03T15:57:00Z,98596.46,98607.34,98602.38,7.957373,43.593567,34.528080,164.360687,129.285334,25,5.080308,2.877065
2026-01-03T15:58:00Z,98596.14,98607.06,98603.19,8.687517,40.637857,33.079464,153.171619,123.923306,24,5.693925,2.993591
2026-01-03T15:59:00Z,98581.45,98592.41,98587.18,9.553318,40.469313,34.139336,152.491701,127.958089,24,5.980163,3.573154
2026-01-03T16:00:00Z,98575.41,98586.41,98580.96,9.314223,41.059246,33.557617,154.669658,125.841065,24,5.867718,3.446505
2026-01-03T16:01:00Z,98593.26,98604.30,98600.17,9.599993,41.709138,35.009468,157.072467,131.351732,24,6.297321,3.302672
2026-01-03T16:02:00Z,98586.04,98597.12,98590.55,8.066123,43.172762,42.065864,162.537771,157.906346,22,4.824317,3.241806
2026-01-03T16:03:00Z,98586.80,98597.91,98592.01,9.387925,41.292242,38.279752,155.413759,143.766858,25,5.625974,3.761950
2026-01-03T16:04:00Z,98573.46,98584.61,98579.84,8.986757,41.051880,33.048517,154.465506,124.182950,23,5.505775,3.480982
2026-01-03T16:05:00Z,98584.81,98596.01,98590.69,8.555895,40.460652,32.811942,152.198272,123.356679,26,5.202028,3.353867
2026-01-03T16:06:00Z,98583.52,98594.76,98589.56,8.166482,43.141065,40.561038,162.235920,152.567123,24,5.684149,2.482333
2026-01-03T16:07:00Z,98578.66,98589.93,98584.06,8.855306,47.540663,37.183478,178.731718,139.934078,27,5.155666,3.699640
2026-01-03T16:08:00Z,98569.83,98581.15,98576.13,8.975450,41.012781,34.660958,154.147613,130.507666,23,5.542376,3.433074
2026-01-03T16:09:00Z,98570.93,98582.29,98577.05,8.111085,41.398567,32.918521,155.555372,124.010414,23,4.621957,3.489128
2026-01-03T16:10:00Z,98574.92,98586.31,98581.28,8.331729,43.240483,37.794556,162.432639,142.452430,24,4.798723,3.533006
2026-01-03T16:11:00Z,98578.81,98590.24,98585.29,7.752603,40.485061,32.527218,152.041300,122.662188,24,4.828211,2.924392
2026-01-03T16:12:00Z,98572.05,98583.52,98580.60,7.945715,44.373725,33.252410,166.601004,125.461502,24,5.149190,2.796525
2026-01-03T16:13:00Z,98573.04,98584.55,98578.49,7.709145,41.307321,35.624906,155.047466,134.482268,24,4.646328,3.062817
2026-01-03T16:14:00Z,98562.10,98573.65,98568.00,7.674404,42.210027,33.445394,158.394511,126.319945,25,4.415845,3.258559
2026-01-03T16:15:00Z,98575.26,98586.84,98581.65,7.804018,44.774669,33.685673,167.975019,127.293296,24,4.844857,2.959161
2026-01-03T16:16:00Z,98575.49,98587.12,98580.48,7.837398,41.768308,34.021239,156.656341,128.627991,24,4.779550,3.057848
2026-01-03T16:17:00Z,98568.76,98580.42,98573.39,7.775887,42.772942,32.616970,160.383599,123.382736,23,4.504598,3.271290
2026-01-03T16:18:00Z,98569.76,98581.46,98575.95,9.575812,44.300515,33.448671,166.069665,126.594672,24,6.186349,3.389463
2026-01-03T16:19:00Z,98571.10,98582.84,98576.21,8.948114,40.446952,35.666191,151.585972,135.057721,25,4.800607,4.147508
2026-01-03T16:20:00Z,98570.06,98581.84,98577.58,7.910664,46.361680,33.078178,173.710078,125.322990,23,4.679796,3.230868
2026-01-03T16:21:00Z,98553.99,98565.81,98558.02,8.209888,40.816953,35.488090,152.897384,134.523644,25,4.499740,3.710148
2026-01-03T16:22:00Z,98568.10,98579.95,98571.62,8.644519,43.072790,31.975766,161.308432,121.272997,25,4.701596,3.942923
2026-01-03T16:23:00Z,98561.53,98573.42,98565.42,8.031488,39.601261,32.651802,148.271834,123.901854,24,5.382193,2.649295
2026-01-03T16:24:00Z,98580.85,98592.77,98587.97,7.926215,43.941710,33.135041,164.483809,125.801547,23,4.986847,2.939368
2026-01-03T16:25:00Z,98564.58,98576.55,98571.65,7.680129,41.684925,34.893841,155.999338,132.548675,26,4.722539,2.957589
2026-01-03T16:26:00Z,98559.85,98571.86,98566.42,8.355945,39.974740,36.241481,149.564289,137.740294,23,5.156096,3.199849
2026-01-03T16:27:00Z,98570.18,98582.21,98576.79,9.403078,40.838729,36.529794,152.761531,138.909220,25,5.352271,4.050807
2026-01-03T16:28:00Z,98564.97,98577.05,98571.23,7.848584,41.845361,33.187278,156.491089,126.265459,23,4.685245,3.163338
2026-01-03T16:29:00Z,98567.24,98579.35,98570.31,7.751128,43.220623,31.700228,161.597567,120.671500,24,4.706897,3.044230
2026-01-03T16:30:00Z,98573.24,98585.39,98577.98,7.355690,44.675429,31.456099,166.999443,119.805533,25,4.621246,2.734444
2026-01-03T16:31:00Z,98582.50,98594.69,98586.13,8.558809,41.256781,31.790694,154.186070,121.144024,24,4.982764,3.576046
2026-01-03T16:32:00Z,98576.48,98588.70,98583.15,7.293494,40.977560,36.216526,153.108885,138.082627,31,4.204925,3.088569
2026-01-03T16:33:00Z,98557.51,98569.76,98565.77,8.195571,39.266188,34.157910,146.682583,130.302906,25,4.767481,3.428090
2026-01-03T16:34:00Z,98573.44,98585.73,98580.04,7.426013,39.553950,31.066628,147.725745,118.573535,24,3.754680,3.671333
2026-01-03T16:35:00Z,98585.97,98598.30,98592.42,7.251834,40.528819,33.430504,151.334451,127.663774,25,4.137164,3.114670
2026-01-03T16:36:00Z,98580.41,98592.77,98587.21,8.120038,40.015983,37.562517,149.388059,143.519465,25,4.652511,3.467528
2026-01-03T16:37:00Z,98582.50,98594.90,98587.33,8.113893,41.560991,33.640966,155.123591,128.604517,25,4.492257,3.621636
2026-01-03T16:38:00Z,98569.91,98582.34,98576.01,7.151963,39.240274,31.774537,146.431513,121.534308,24,4.405562,2.746402
2026-01-03T16:39:00Z,98579.29,98591.76,98588.34,7.330789,38.945838,33.791875,145.303197,129.319527,26,4.255075,3.075715
2026-01-03T16:40:00Z,98591.09,98603.59,98596.68,7.357296,39.999009,31.139535,149.202452,119.232967,26,4.022208,3.335089
2026-01-03T16:41:00Z,98584.28,98596.81,98590.89,7.121974,41.233825,32.573341,153.777922,124.789825,25,4.029681,3.092293
2026-01-03T16:42:00Z,98568.23,98580.80,98573.57,8.945012,39.411202,32.464017,146.951731,124.437713,29,5.060458,3.884554
2026-01-03T16:43:00Z,98578.49,98591.09,98583.98,9.852886,41.466867,32.103657,154.586633,123.122491,24,5.323216,4.529669
2026-01-03T16:44:00Z,98583.52,98596.15,98590.74,7.593792,39.902151,31.091338,148.724920,119.304178,25,4.068535,3.525258
2026-01-03T16:45:00Z,98576.99,98589.66,98584.17,7.361449,41.020982,35.220899,152.866122,135.222901,26,4.117919,3.243530
2026-01-03T16:46:00Z,98584.23,98596.93,98589.41,9.074807,41.200380,31.511466,153.505949,121.046497,26,5.101550,3.973257
2026-01-03T16:47:00Z,98576.74,98589.47,98583.85,8.538922,39.674289,31.061663,147.792694,119.382959,25,4.755383,3.783539
2026-01-03T16:48:00Z,98587.60,98600.36,98592.56,7.430622,38.606925,32.371572,143.790403,124.484605,25,4.302201,3.128421
2026-01-03T16:49:00Z,98586.89,98599.69,98590.81,8.151156,39.668522,36.797245,147.717724,141.579897,24,4.819523,3.331633
2026-01-03T16:50:00Z,98595.69,98608.52,98604.06,8.004278,39.418541,32.144783,146.760805,123.746071,24,3.974888,4.029391
2026-01-03T16:51:00Z,98591.79,98604.65,98596.41,8.621611,39.676789,30.273812,147.696452,116.606527,25,4.557163,4.064448
2026-01-03T16:52:00Z,98587.21,98600.10,98590.00,7.869347,39.842840,30.473907,148.288978,117.440772,24,4.381395,3.487951
2026-01-03T16:53:00Z,98578.58,98591.50,98582.76,8.720017,39.619490,30.291151,147.432613,116.799704,26,4.906448,3.813569
2026-01-03T16:54:00Z,98608.58,98621.52,98613.38,7.516533,39.324633,30.173679,146.310842,116.409822,24,4.210968,3.305565
2026-01-03T16:55:00Z,98601.38,98614.36,98607.33,8.408944,39.857453,31.383007,148.268730,121.141092,27,4.222080,4.186864
2026-01-03T16:56:00Z,98600.19,98613.19,98607.50,8.426950,38.646011,31.983530,143.738783,123.526191,26,4.490420,3.936530
2026-01-03T16:57:00Z,98625.01,98638.05,98630.81,7.769842,39.947557,30.873710,148.555871,119.304652,28,4.245244,3.524598
2026-01-03T16:58:00Z,98601.15,98614.22,98606.48,7.148164,38.877482,33.336112,144.553661,128.890104,25,3.673311,3.474853
2026-01-03T16:59:00Z,98605.01,98618.10,98612.19,7.699870,38.686846,29.706185,143.822464,114.917914,27,3.893661,3.806209
2026-01-03T17:00:00Z,98617.23,98630.35,98623.22,7.180596,41.674535,31.304428,154.905790,121.166622,24,4.352638,2.827958
2026-01-03T17:01:00Z,98601.60,98614.75,98608.17,7.311265,41.573345,31.089954,154.506381,120.402036,24,4.012344,3.298922
2026-01-03T17:02:00Z,98616.79,98629.97,98624.28,6.827534,40.454576,30.160660,150.326218,116.866829,27,3.489619,3.337915
2026-01-03T17:03:00Z,98619.54,98632.74,98626.19,7.151474,38.986730,30.915754,144.850692,119.858008,24,3.571748,3.579726
2026-01-03T17:04:00Z,98626.44,98639.67,98631.58,7.877982,39.270107,35.550724,145.882642,137.902647,26,4.543613,3.334369
2026-01-03T17:05:00Z,98616.20,98629.46,98623.87,8.878971,38.857285,29.678457,144.328739,115.186754,25,4.749769,4.129202
2026-01-03T17:06:00Z,98623.57,98636.85,98631.18,8.014396,38.901557,32.071700,144.473187,124.543304,26,4.505877,3.508519
2026-01-03T17:07:00Z,98618.50,98631.80,98622.86,8.070462,41.268884,31.094950,153.244173,120.816314,25,4.430780,3.639682
2026-01-03T17:08:00Z,98631.32,98644.65,98638.33,8.217938,38.071944,29.336468,141.354085,114.046238,24,4.372311,3.845628
2026-01-03T17:09:00Z,98634.97,98648.33,98641.47,7.891657,41.497135,30.641607,154.051011,119.185165,25,4.414729,3.476928
2026-01-03T17:10:00Z,98640.03,98653.41,98646.58,7.446528,39.035891,31.812578,144.895451,123.807560,24,3.897204,3.549323
2026-01-03T17:11:00Z,98629.24,98642.64,98635.22,7.026203,42.822613,31.266104,158.931181,121.747431,26,3.523884,3.502319
2026-01-03T17:12:00Z,98638.58,98652.01,98645.38,6.686002,37.973578,30.817216,140.917145,120.065236,25,3.419327,3.266674
2026-01-03T17:13:00Z,98640.14,98653.59,98647.36,7.633211,40.602538,31.635531,150.654795,123.320966,25,3.692984,3.940227
2026-01-03T17:14:00Z,98638.28,98651.76,98645.81,7.566785,39.350738,29.150683,145.992720,113.696878,25,3.719449,3.847336
2026-01-03T17:15:00Z,98663.80,98677.30,98668.35,7.566722,38.942657,32.545594,144.461969,127.007712,25,4.035171,3.531551
2026-01-03T17:16:00Z,98651.74,98665.26,98657.54,6.987299,38.540102,28.759109,142.952421,112.292687,25,3.965049,3.022250
2026-01-03T17:17:00Z,98645.79,98659.33,98652.11,8.017619,38.073019,29.443454,141.204252,115.027859,28,4.094946,3.922673
2026-01-03T17:18:00Z,98658.45,98672.01,98664.37,7.454164,39.369215,30.127576,145.995715,117.765146,24,3.602263,3.851901
2026-01-03T17:19:00Z,98668.85,98682.42,98676.60,7.104645,39.566570,32.471650,146.712036,126.997540,25,3.352734,3.751912
2026-01-03T17:20:00Z,98665.74,98679.34,98669.82,6.768918,37.435212,29.953148,138.794646,117.211936,25,3.213927,3.554992
2026-01-03T17:21:00Z,98663.46,98677.07,98669.91,6.952398,37.292502,31.459564,138.251582,123.174424,26,3.795717,3.156681
2026-01-03T17:22:00Z,98670.21,98683.85,98677.78,8.643850,37.557920,30.118866,139.221847,117.989941,26,4.625490,4.018359
2026-01-03T17:23:00Z,98673.62,98687.27,98679.97,7.396822,38.859034,30.331463,144.031079,118.888074,24,3.723231,3.673591
2026-01-03T17:24:00Z,98668.66,98682.33,98674.39,8.534075,44.648267,28.944882,165.473433,113.515538,24,4.167858,4.366217
2026-01-03T17:25:00Z,98674.49,98688.18,98683.00,9.346709,38.969232,31.515572,144.412929,123.665159,25,4.487321,4.859388
2026-01-03T17:26:00Z,98680.09,98693.80,98686.40,6.633598,37.275182,32.312752,138.122891,126.862944,26,3.375284,3.258314
2026-01-03T17:27:00Z,98665.10,98678.82,98673.30,6.744014,38.335712,30.515440,142.040495,119.872391,24,3.600368,3.143646
2026-01-03T17:28:00Z,98698.27,98712.01,98704.78,6.935340,39.476270,28.440475,146.254288,111.782825,24,3.266821,3.668519
2026-01-03T17:29:00Z,98688.41,98702.17,98695.87,8.479583,37.288606,28.392576,138.138140,111.655923,26,4.130439,4.349145
2026-01-03T17:30:00Z,98708.33,98722.10,98714.59,7.036710,40.769044,30.302633,151.019856,119.232889,24,3.464793,3.571917
2026-01-03T17:31:00Z,98706.98,98720.77,98716.19,6.933039,39.906765,31.055511,147.814559,122.262458,24,3.496626,3.436413
2026-01-03T17:32:00Z,98698.30,98712.11,98705.09,6.982149,44.674418,28.272541,165.461846,111.367385,26,3.296620,3.685529
2026-01-03T17:33:00Z,98700.61,98714.42,98707.05,6.979020,40.620198,31.932719,150.435512,125.854231,24,3.412911,3.566109
2026-01-03T17:34:00Z,98706.68,98720.51,98713.39,8.560825,38.188295,30.220270,141.419431,119.170564,25,4.520234,4.040591
2026-01-03T17:35:00Z,98723.77,98737.61,98728.33,7.400507,38.898080,32.032285,144.038494,126.385513,25,3.448191,3.952316
2026-01-03T17:36:00Z,98714.77,98728.62,98722.69,6.411281,37.823708,29.393124,140.051320,116.036288,24,3.486790,2.924492
2026-01-03T17:37:00Z,98722.61,98736.48,98729.03,7.709432,37.770143,28.704069,139.844548,113.378373,24,3.838582,3.870850
2026-01-03T17:38:00Z,98725.06,98738.94,98731.81,9.765514,37.710114,32.699686,139.614225,129.231680,27,4.837379,4.928135
2026-01-03T17:39:00Z,98732.44,98746.33,98739.29,6.291438,38.503712,33.449788,142.544496,132.268798,26,2.855060,3.436378
2026-01-03T17:40:00Z,98729.67,98743.57,98735.98,8.358494,39.720875,27.996836,147.042813,110.767300,25,3.362180,4.996314
2026-01-03T17:41:00Z,98732.46,98746.37,98739.71,6.327859,36.404877,29.836717,134.760560,118.111507,27,2.773796,3.554063
2026-01-03T17:42:00Z,98725.53,98739.45,98733.75,7.294069,37.539366,28.530267,138.953515,113.001839,25,3.130751,4.163318
2026-01-03T17:43:00Z,98750.20,98764.13,98757.77,6.936281,38.544617,28.772083,142.668079,114.022202,24,3.435833,3.500447
2026-01-03T17:44:00Z,98742.62,98756.56,98749.97,6.499656,36.412355,28.068806,134.770062,111.296233,24,2.908443,3.591213
2026-01-03T17:45:00Z,98742.18,98756.12,98750.78,7.332632,40.152676,33.319132,148.607888,132.186938,25,3.570618,3.762015
2026-01-03T17:46:00Z,98758.53,98772.48,98764.84,6.813297,37.180493,27.877625,137.602498,110.659555,24,3.348443,3.464854
2026-01-03T17:47:00Z,98761.50,98775.45,98766.73,7.551660,39.713295,30.068528,146.971127,119.421776,28,3.108418,4.443242
2026-01-03T17:48:00Z,98764.63,98778.59,98770.98,7.128504,38.794715,28.117123,143.567029,111.732725,26,3.084962,4.043543
2026-01-03T17:49:00Z,98763.97,98777.94,98771.38,7.608045,43.641172,30.137899,161.497465,119.828615,26,3.606766,4.001279
2026-01-03T17:50:00Z,98765.18,98779.15,98770.74,6.382888,42.788643,29.053006,158.338343,115.578386,28,2.919472,3.463417
2026-01-03T17:51:00Z,98770.46,98784.44,98778.22,6.138482,36.189535,30.216348,133.915231,120.272248,26,3.141013,2.997469
2026-01-03T17:52:00Z,98780.44,98794.42,98786.90,7.887455,37.622896,29.719516,139.216175,118.359465,25,3.704702,4.182753
2026-01-03T17:53:00Z,98770.03,98784.02,98775.13,6.520819,36.366558,27.774081,134.564746,110.672233,25,2.943318,3.577501
2026-01-03T17:54:00Z,98778.76,98792.75,98786.27,6.955095,42.828672,28.635283,158.473426,114.166340,24,3.154715,3.800380
2026-01-03T17:55:00Z,98782.72,98796.72,98789.76,6.199498,36.695828,30.143123,135.778928,120.243709,24,2.607293,3.592206
2026-01-03T17:56:00Z,98800.87,98814.87,98805.55,6.993464,43.331742,28.796845,160.330743,114.936094,27,3.450322,3.543142
2026-01-03T17:57:00Z,98819.93,98833.93,98826.02,7.660589,36.480935,28.450442,134.981021,113.615566,24,3.814966,3.845622
2026-01-03T17:58:00Z,98797.73,98811.73,98806.71,7.221359,36.237667,28.633381,134.080056,114.408590,24,2.972553,4.248806
2026-01-03T17:59:00Z,98807.97,98821.97,98814.04,7.920603,35.581151,31.977408,131.650428,127.839868,27,3.522720,4.397883
2026-01-03T18:00:00Z,98812.91,98826.91,98818.51,7.275884,39.860749,27.838139,147.484772,111.352557,24,3.250644,4.025240
2026-01-03T18:01:00Z,98813.39,98827.39,98819.18,6.960305,38.500371,28.071638,142.451555,112.347795,27,3.045835,3.914471
2026-01-03T18:02:00Z,98822.53,98836.53,98829.35,6.075648,41.138282,29.439831,152.212427,117.887777,27,2.442603,3.633046
2026-01-03T18:03:00Z,98837.30,98851.30,98844.89,7.761604,38.157198,27.431511,141.183269,109.905576,25,3.305904,4.455700
2026-01-03T18:04:00Z,98827.63,98841.62,98835.94,5.956676,34.684411,31.375627,128.334964,125.776298,24,2.391530,3.565146
2026-01-03T18:05:00Z,98831.79,98845.79,98839.06,7.747750,38.467268,30.054940,142.333468,120.547582,25,3.313822,4.433928
2026-01-03T18:06:00Z,98836.84,98850.83,98841.81,7.734488,35.187466,28.088289,130.199654,112.720790,25,2.909409,4.825079
2026-01-03T18:07:00Z,98837.70,98851.69,98846.84,7.515588,39.316136,28.768169,145.478871,115.511944,24,3.478704,4.036884
2026-01-03T18:08:00Z,98848.45,98862.43,98854.74,6.786044,37.298649,28.419632,138.016360,114.174442,26,3.177043,3.609001
2026-01-03T18:09:00Z,98846.32,98860.30,98852.12,7.176746,37.777702,27.433899,139.792059,110.274120,27,2.962063,4.214682
2026-01-03T18:10:00Z,98864.33,98878.30,98872.63,5.922028,35.504615,27.363554,131.383972,110.051008,24,2.399699,3.522329
2026-01-03T18:11:00Z,98870.14,98884.10,98877.25,5.959981,37.607702,29.298460,139.170154,117.896685,24,2.569553,3.390428
2026-01-03T18:12:00Z,98877.07,98891.04,98883.75,7.487661,36.317854,33.390770,134.400946,134.436848,24,3.160303,4.327359
2026-01-03T18:13:00Z,98869.71,98883.67,98875.33,7.881368,37.148901,27.867128,137.480808,112.258443,23,3.477089,4.404278
2026-01-03T18:14:00Z,98856.69,98870.64,98862.51,5.854284,39.171541,27.571338,144.971234,111.126945,24,2.240218,3.614067
2026-01-03T18:15:00Z,98879.53,98893.47,98886.77,8.062303,39.283910,31.545702,145.392520,127.214402,24,3.420259,4.642044
2026-01-03T18:16:00Z,98877.28,98891.22,98883.31,8.168938,37.753927,29.091979,139.735512,117.382594,25,3.543875,4.625063
2026-01-03T18:17:00Z,98891.82,98905.74,98898.39,7.300858,34.816660,30.815957,128.869511,124.405688,26,3.214573,4.086285
2026-01-03T18:18:00Z,98877.42,98891.33,98885.01,6.343212,38.056813,29.196048,140.868867,117.929542,25,2.715729,3.627483
2026-01-03T18:19:00Z,98900.41,98914.32,98907.51,6.214615,37.699447,35.284550,139.552692,142.599125,24,2.628034,3.586581
2026-01-03T18:20:00Z,98889.95,98903.84,98895.60,6.552204,33.627782,30.776655,124.486775,124.447801,23,3.022786,3.529419
2026-01-03T18:21:00Z,98905.07,98918.96,98908.95,6.387616,34.742927,28.525900,128.621703,115.408683,26,2.899928,3.487689
2026-01-03T18:22:00Z,98895.74,98909.62,98901.18,7.165602,37.290834,28.213047,138.061926,114.204240,23,3.030529,4.135074
2026-01-03T18:23:00Z,98910.27,98924.13,98916.94,6.751991,36.694328,29.189662,135.861328,118.220877,27,2.830152,3.921838
2026-01-03T18:24:00Z,98899.31,98913.17,98908.86,6.733416,35.394650,27.739875,131.057154,112.409305,25,2.755830,3.977586
2026-01-03T18:25:00Z,98893.53,98907.37,98902.16,6.481340,35.731493,27.683624,132.312711,112.241412,23,2.742996,3.738345
2026-01-03T18:26:00Z,98914.40,98928.23,98920.33,6.922288,36.501153,28.563333,135.171583,115.870063,24,2.990094,3.932194
2026-01-03T18:27:00Z,98923.17,98936.99,98930.76,6.363668,33.799132,29.596865,125.173929,120.126828,24,2.609869,3.753799
2026-01-03T18:28:00Z,98931.44,98945.24,98938.54,6.386163,41.329195,35.212718,153.072052,142.996546,24,2.406586,3.979577
2026-01-03T18:29:00Z,98935.36,98949.15,98943.51,5.942168,35.221158,28.272384,130.459082,114.873510,23,2.422176,3.519992
2026-01-03T18:30:00Z,98946.41,98960.18,98952.44,7.630047,34.302351,29.032909,127.065428,118.026414,24,3.117199,4.512848
2026-01-03T18:31:00Z,98945.68,98959.43,98952.56,7.407208,37.678192,27.683264,139.581390,112.599613,25,3.157936,4.249272
2026-01-03T18:32:00Z,98944.34,98958.08,98948.87,6.211491,36.455550,27.832971,135.062925,113.268685,24,2.158149,4.053342
2026-01-03T18:33:00Z,98948.66,98962.39,98957.32,5.851686,34.393801,28.889362,127.435029,117.630154,24,2.135144,3.716542
2026-01-03T18:34:00Z,98937.66,98951.37,98945.45,5.607681,35.555572,28.028882,131.750890,114.186995,22,2.229876,3.377806
2026-01-03T18:35:00Z,98945.40,98959.09,98951.92,6.136332,35.798566,28.532530,132.663015,116.300354,25,2.597041,3.539291
2026-01-03T18:36:00Z,98945.93,98959.60,98952.89,5.918673,34.655757,29.015641,128.439637,118.332088,24,2.380298,3.538375
2026-01-03T18:37:00Z,98965.75,98979.40,98974.21,5.712131,32.856175,27.729222,121.781473,113.145519,23,2.177166,3.534965
2026-01-03T18:38:00Z,98950.94,98964.57,98957.52,6.115006,35.517368,27.715644,131.657810,113.149778,24,2.214460,3.900547
2026-01-03T18:39:00Z,98962.76,98976.38,98972.11,6.183699,33.051612,28.586748,122.529661,116.767568,23,2.381382,3.802318
2026-01-03T18:40:00Z,98963.22,98976.82,98969.55,5.681113,35.467537,31.212001,131.499304,127.557956,22,2.455375,3.225737
2026-01-03T18:41:00Z,98976.56,98990.14,98983.58,5.667825,33.067402,28.688668,122.613253,117.307155,23,1.791804,3.876021
2026-01-03T18:42:00Z,98987.37,99000.93,98994.72,5.789825,32.868574,28.804599,121.888918,117.843005,23,2.432580,3.357245
2026-01-03T18:43:00Z,98981.64,98995.18,98989.01,6.017392,34.118574,31.667052,126.538109,129.621541,24,2.448612,3.568780
2026-01-03T18:44:00Z,98988.78,99002.29,98994.02,7.020749,33.841385,31.641069,125.524005,129.582978,24,2.704595,4.316154
2026-01-03T18:45:00Z,98981.04,98994.53,98987.31,5.868277,33.785728,27.271736,125.331786,111.747169,22,2.158102,3.710175
2026-01-03T18:46:00Z,98993.23,99006.70,98999.79,6.929835,34.354227,28.935348,127.455476,118.625783,22,2.845931,4.083904
2026-01-03T18:47:00Z,98987.44,99000.89,98993.91,6.774545,35.159312,28.348367,130.457826,116.279926,23,2.647943,4.126603
2026-01-03T18:48:00Z,98981.64,98995.07,98987.68,6.084815,32.293634,27.694620,119.839291,113.657499,25,2.380897,3.703918
2026-01-03T18:49:00Z,99005.55,99018.95,99010.99,7.369632,40.744841,31.946936,151.219769,131.176957,21,2.752025,4.617607
2026-01-03T18:50:00Z,98995.14,99008.52,99002.61,6.390137,33.319556,29.757376,123.677261,122.249840,22,2.250017,4.140120
2026-01-03T18:51:00Z,99007.44,99020.80,99014.06,6.392177,35.682437,29.411189,132.464941,120.890243,24,2.617485,3.774691
2026-01-03T18:52:00Z,99019.14,99032.47,99025.96,5.886716,35.128396,37.058569,130.425235,152.402456,23,2.356869,3.529847
2026-01-03T18:53:00Z,98998.64,99011.94,99005.91,6.618069,31.588780,30.645258,117.298943,126.092985,23,2.550827,4.067242
2026-01-03T18:54:00Z,99022.16,99035.44,99028.26,7.455792,33.791602,28.551219,125.495759,117.537452,22,2.736330,4.719462
2026-01-03T18:55:00Z,99028.22,99041.48,99034.91,5.794917,34.116786,29.500171,126.720966,121.506571,22,2.202724,3.592193
2026-01-03T18:56:00Z,99005.77,99019.00,99013.20,6.063770,32.160528,30.688719,119.471607,126.467014,21,1.936632,4.127138
2026-01-03T18:57:00Z,99036.82,99050.02,99044.19,6.354719,31.439522,29.508251,116.809914,121.664779,21,2.065425,4.289295
2026-01-03T18:58:00Z,99028.58,99041.76,99035.20,5.844877,36.960582,30.116747,137.342795,124.237302,23,1.908137,3.936740
2026-01-03T18:59:00Z,99033.49,99046.64,99039.75,6.839603,34.090008,34.411444,126.694731,142.026387,22,2.533119,4.306484
2026-01-03T19:00:00Z,99029.14,99042.26,99036.32,7.747912,34.818565,29.689457,129.421899,122.599925,21,3.024606,4.723306
2026-01-03T19:01:00Z,99045.83,99058.93,99052.61,5.926842,31.437313,31.078005,116.871556,128.399262,22,2.442148,3.484694
2026-01-03T19:02:00Z,99025.60,99038.67,99034.87,5.792039,35.598215,30.799472,132.360740,127.313290,22,2.281362,3.510677
2026-01-03T19:03:00Z,99048.51,99061.55,99056.60,5.556399,37.479448,29.854304,139.377535,123.469048,21,2.060131,3.496268
2026-01-03T19:04:00Z,99045.94,99058.95,99052.49,7.246429,34.542270,28.785093,128.475452,119.107496,21,2.278596,4.967834
2026-01-03T19:05:00Z,99051.23,99064.21,99055.92,5.543666,31.407968,28.259587,116.836860,116.992272,21,1.955794,3.587872
2026-01-03T19:06:00Z,99052.13,99065.07,99059.90,6.420412,31.905647,28.716105,118.707836,118.942326,21,2.146440,4.273972
2026-01-03T19:07:00Z,99042.42,99055.34,99048.74,5.787023,36.569145,31.110948,136.081625,128.926823,25,2.243225,3.543798
2026-01-03T19:08:00Z,99055.67,99068.55,99062.09,5.471233,33.130883,30.531867,123.308098,126.590797,21,2.132413,3.338820
2026-01-03T19:09:00Z,99068.16,99081.01,99074.98,5.318125,35.221228,28.180864,131.110669,116.901854,21,2.015519,3.302606
2026-01-03T19:10:00Z,99065.97,99078.80,99072.00,5.588824,35.136255,30.481536,130.817251,126.509130,21,2.441418,3.147405
2026-01-03T19:11:00Z,99078.29,99091.08,99082.02,5.751843,33.293480,31.081587,123.978330,129.064182,21,1.863360,3.888483
2026-01-03T19:12:00Z,99056.39,99069.15,99060.73,5.703849,32.106546,33.469779,119.579922,139.050480,21,1.907587,3.796262
2026-01-03T19:13:00Z,99050.05,99062.78,99056.40,6.180167,33.877531,30.538257,126.198899,126.934768,20,2.022984,4.157182
2026-01-03T19:14:00Z,99060.01,99072.71,99064.99,5.605815,33.461674,31.496127,124.672783,130.981441,21,1.951186,3.654629
2026-01-03T19:15:00Z,99081.07,99093.74,99087.66,6.213734,31.200960,28.639446,116.271467,119.160707,23,2.075720,4.138014
2026-01-03T19:16:00Z,99078.26,99090.90,99084.10,7.260487,31.777083,30.555597,118.440837,127.196354,21,2.437631,4.822856
2026-01-03T19:17:00Z,99079.08,99091.68,99085.40,7.206696,33.823409,28.829404,126.092165,120.070010,20,2.205455,5.001241
2026-01-03T19:18:00Z,99077.50,99090.07,99081.11,5.238616,30.790643,28.227307,114.808432,117.620464,20,1.694239,3.544378
2026-01-03T19:19:00Z,99065.70,99078.24,99070.34,5.644213,31.660929,32.271348,118.076649,134.537906,21,2.019332,3.624881
2026-01-03T19:20:00Z,99078.85,99091.35,99085.05,5.449288,30.377836,28.859504,113.313999,120.373281,22,1.788114,3.661174
2026-01-03T19:21:00Z,99077.36,99089.83,99082.77,5.778061,30.222536,30.424373,112.757391,126.962689,21,2.055483,3.722579
2026-01-03T19:22:00Z,99076.12,99088.55,99081.68,5.902593,31.679083,29.745692,118.215691,124.191347,20,1.955542,3.947051
2026-01-03T19:23:00Z,99094.35,99106.75,99100.08,5.487650,34.406507,29.424996,128.419962,122.912490,22,2.068724,3.418926
2026-01-03T19:24:00Z,99080.71,99093.07,99088.27,6.526344,31.674814,31.629614,118.248725,132.185975,20,2.080267,4.446077
2026-01-03T19:25:00Z,99090.15,99102.48,99097.41,5.211394,30.201677,33.470835,112.772944,139.948891,19,1.888649,3.322745
2026-01-03T19:26:00Z,99084.49,99096.78,99091.41,5.731611,31.219320,30.582092,116.597642,127.932555,23,1.716862,4.014749
2026-01-03T19:27:00Z,99084.08,99096.34,99090.30,5.294007,33.409957,32.673725,124.806076,136.748645,19,1.486501,3.807506
2026-01-03T19:28:00Z,99094.90,99107.12,99102.16,6.538358,29.976048,29.454984,112.002746,123.336952,20,2.261524,4.276834
2026-01-03T19:29:00Z,99091.65,99103.83,99098.81,7.138521,35.057481,28.513864,131.017860,119.453824,23,2.390484,4.748037
2026-01-03T19:30:00Z,99106.84,99118.98,99111.41,5.429051,32.164376,30.291072,120.232375,126.960235,20,1.857416,3.571635
2026-01-03T19:31:00Z,99098.72,99110.83,99104.64,6.110899,30.718189,30.072270,114.852222,126.103717,19,2.095233,4.015666
2026-01-03T19:32:00Z,99097.51,99109.59,99103.71,5.627678,37.669183,28.986997,140.873236,121.611047,23,1.704726,3.922952
2026-01-03T19:33:00Z,99100.12,99112.15,99104.88,5.703151,30.592813,30.698377,114.435610,128.852508,21,1.932644,3.770507
2026-01-03T19:34:00Z,99112.91,99124.91,99120.77,5.679170,30.674721,31.336518,114.768547,131.593777,21,2.087839,3.591332
2026-01-03T19:35:00Z,99100.04,99112.00,99104.80,6.212228,31.974519,28.658844,119.659658,120.406502,21,2.041517,4.170711
2026-01-03T19:36:00Z,99102.87,99114.80,99109.69,6.078360,30.497502,31.317627,114.159082,131.639522,19,2.179422,3.898938
2026-01-03T19:37:00Z,99114.18,99126.06,99122.12,5.174614,31.674107,37.729286,118.591624,158.665208,21,1.622082,3.552532
2026-01-03T19:38:00Z,99118.52,99130.37,99123.49,6.357774,31.939855,37.210205,119.615376,156.556230,19,2.074152,4.283622
2026-01-03T19:39:00Z,99107.50,99119.31,99112.58,5.552987,31.063871,28.645335,116.363038,120.577665,20,1.736366,3.816620
2026-01-03T19:40:00Z,99105.77,99117.55,99115.05,5.328462,31.230695,29.053232,117.016609,122.352142,20,1.647268,3.681194
2026-01-03T19:41:00Z,99103.38,99115.12,99111.17,6.799193,29.816121,29.961704,111.744038,126.237178,20,2.242673,4.556520
2026-01-03T19:42:00Z,99123.55,99135.25,99131.49,5.382387,30.443699,29.961341,114.124520,126.294707,19,1.960502,3.421885
2026-01-03T19:43:00Z,99106.10,99117.76,99111.93,5.385672,30.360030,29.607878,113.839514,124.863013,19,1.897145,3.488527
2026-01-03T19:44:00Z,99120.59,99132.22,99127.70,5.361383,32.316060,31.020243,121.204709,130.880164,20,1.818320,3.543063
2026-01-03T19:45:00Z,99100.52,99112.11,99108.01,6.062877,32.854662,30.826860,123.256357,130.124626,19,1.971007,4.091870
2026-01-03T19:46:00Z,99112.20,99123.75,99119.33,5.955581,33.211757,31.953066,124.628208,134.940959,20,2.175934,3.779646
2026-01-03T19:47:00Z,99121.53,99133.03,99127.76,6.871046,32.312737,29.904484,121.286200,126.347918,22,2.289552,4.581494
2026-01-03T19:48:00Z,99115.28,99126.75,99120.62,5.449365,31.419209,31.291907,117.963318,132.270743,18,1.751125,3.698240
2026-01-03T19:49:00Z,99108.94,99120.37,99113.45,5.164017,29.609075,29.820634,111.196629,126.109580,19,1.809027,3.354990
2026-01-03T19:50:00Z,99120.36,99131.75,99125.74,6.167744,30.433201,34.966437,114.322153,147.938601,20,2.072359,4.095385
2026-01-03T19:51:00Z,99109.64,99120.99,99113.77,5.275665,34.002753,31.419350,127.765556,132.992051,18,1.750115,3.525550
2026-01-03T19:52:00Z,99110.66,99121.97,99115.50,6.500047,30.757563,30.641254,115.603108,129.757613,19,2.138524,4.361523
2026-01-03T19:53:00Z,99116.90,99128.17,99121.99,6.435696,29.293476,29.734211,110.130424,125.973736,19,2.495826,3.939870
2026-01-03T19:54:00Z,99122.12,99133.35,99128.15,6.053420,30.347771,34.138930,114.125567,144.700563,21,1.625193,4.428227
2026-01-03T19:55:00Z,99120.83,99132.03,99126.45,5.770824,29.637116,32.110739,111.484059,136.165407,18,1.496504,4.274320
2026-01-03T19:56:00Z,99111.14,99122.30,99117.63,5.604888,30.912337,30.632050,116.313546,129.953556,21,2.079647,3.525241
2026-01-03T19:57:00Z,99116.32,99127.43,99123.70,5.674176,30.809608,31.749848,115.959724,134.756216,18,1.739836,3.934340
2026-01-03T19:58:00Z,99116.15,99127.23,99121.90,5.041402,28.845745,34.414233,108.599100,146.130120,18,1.813115,3.228287
2026-01-03T19:59:00Z,99111.90,99122.94,99116.95,5.220110,29.773548,31.075331,112.124220,132.011371,17,1.535798,3.684312
2026-01-03T20:00:00Z,99119.49,99130.49,99126.74,6.417677,36.148241,30.235093,136.169964,128.499147,21,2.102801,4.314876
2026-01-03T20:01:00Z,99108.60,99119.57,99113.37,6.085174,32.329435,33.851540,121.819970,143.932921,18,2.220240,3.864934
2026-01-03T20:02:00Z,99106.23,99117.15,99112.22,5.069212,30.993477,31.821764,116.820162,135.362440,18,1.574270,3.494941
2026-01-03T20:03:00Z,99125.36,99136.24,99131.39,7.826278,32.253322,33.631400,121.604597,143.123353,17,2.368194,5.458083
2026-01-03T20:04:00Z,99120.35,99131.19,99126.77,6.185003,29.919637,30.648449,112.839410,130.486354,18,2.135353,4.049649
2026-01-03T20:05:00Z,99121.78,99132.58,99127.46,8.200473,31.578226,31.489983,119.130251,134.128013,18,2.842986,5.357487
2026-01-03T20:06:00Z,99114.39,99125.15,99117.85,5.284219,30.567215,30.368704,115.350887,129.408620,20,1.369783,3.914436
2026-01-03T20:07:00Z,99116.44,99127.17,99122.83,5.772993,31.193850,30.406803,117.751289,129.627451,19,1.822167,3.950825
2026-01-03T20:08:00Z,99105.61,99116.29,99110.05,5.810863,30.178627,33.740101,113.953771,143.900171,18,1.793977,4.016886
2026-01-03T20:09:00Z,99123.92,99134.57,99130.10,5.848202,29.228342,34.109486,110.399427,145.538601,22,1.911326,3.936875
2026-01-03T20:10:00Z,99125.15,99135.76,99129.21,6.814732,32.969454,30.576479,124.568631,130.520280,18,2.277706,4.537026
2026-01-03T20:11:00Z,99111.88,99122.45,99116.79,5.919345,32.865180,30.803434,124.213305,131.545673,18,1.803665,4.115680
2026-01-03T20:12:00Z,99125.01,99135.54,99130.61,5.638994,30.463033,32.069933,115.170512,137.013003,17,1.753576,3.885418
2026-01-03T20:13:00Z,99127.02,99137.51,99131.82,5.878094,29.003946,29.962642,109.688774,128.064723,17,2.006542,3.871552
2026-01-03T20:14:00Z,99105.59,99116.05,99110.44,5.592353,30.425987,33.741090,115.103247,144.275836,17,1.771083,3.821269
2026-01-03T20:15:00Z,99108.66,99119.07,99114.48,5.112682,32.559733,32.761544,123.214664,140.146844,17,1.461169,3.651513
2026-01-03T20:16:00Z,99114.39,99124.77,99120.28,5.938897,30.363472,40.259476,114.940352,172.294311,18,2.258528,3.680370
2026-01-03T20:17:00Z,99101.65,99111.99,99108.64,5.429399,28.920007,33.376268,109.511540,142.897234,18,1.689017,3.740382
2026-01-03T20:18:00Z,99112.13,99122.43,99116.57,5.206102,30.721694,32.766375,116.371837,140.345038,17,1.555827,3.650275
2026-01-03T20:19:00Z,99120.32,99130.59,99126.44,5.454239,29.771797,32.660878,112.810593,139.951809,18,1.899322,3.554917
2026-01-03T20:20:00Z,99104.24,99114.46,99107.79,5.899062,28.346849,32.494430,107.446574,139.296738,17,1.659708,4.239354
2026-01-03T20:21:00Z,99101.86,99112.04,99105.17,6.865601,29.320897,33.089116,111.175438,141.905074,18,2.464059,4.401542
2026-01-03T20:22:00Z,99095.49,99105.64,99099.88,5.950360,32.925374,33.823505,124.884041,145.114724,17,1.657365,4.292995
2026-01-03T20:23:00Z,99090.55,99100.66,99093.98,5.609808,32.166550,34.761520,122.046744,149.200784,19,1.703733,3.906075
2026-01-03T20:24:00Z,99107.56,99117.63,99112.18,7.617010,31.345161,32.670651,118.970292,140.284267,18,2.747629,4.869382
2026-01-03T20:25:00Z,99095.56,99105.59,99100.65,5.465880,31.997722,32.292865,121.488236,138.719003,17,1.689373,3.776507
2026-01-03T20:26:00Z,99104.67,99114.67,99110.63,6.167398,30.681817,32.506255,116.531735,139.692750,17,1.933714,4.233683
2026-01-03T20:27:00Z,99102.92,99112.89,99108.36,6.720399,29.791870,32.308326,113.190431,138.898736,18,2.183498,4.536900
2026-01-03T20:28:00Z,99102.67,99112.60,99109.07,5.102937,28.692110,31.336857,109.049591,134.776925,17,1.727458,3.375478
2026-01-03T20:29:00Z,99086.72,99096.61,99091.76,6.923016,34.240711,31.097481,130.183150,133.801485,17,2.284561,4.638455
2026-01-03T20:30:00Z,99094.69,99104.55,99101.61,5.375651,30.249186,34.142557,115.047435,146.962563,17,1.737783,3.637868
2026-01-03T20:31:00Z,99085.26,99095.07,99091.11,5.128456,30.922169,36.694894,117.648191,158.012199,17,1.860511,3.267946
2026-01-03T20:32:00Z,99085.53,99095.31,99092.22,5.701838,31.613181,31.606506,120.319596,136.155479,18,1.735608,3.966231
2026-01-03T20:33:00Z,99087.77,99097.51,99093.34,6.501472,29.924157,32.188694,113.931485,138.718688,16,2.188464,4.313009
2026-01-03T20:34:00Z,99096.68,99106.39,99102.41,6.527554,32.219082,31.476847,122.712686,135.704788,16,1.687742,4.839813
2026-01-03T20:35:00Z,99086.27,99095.95,99090.07,7.923773,30.908688,31.175698,117.763886,134.459595,17,2.514150,5.409622
2026-01-03T20:36:00Z,99095.34,99104.98,99100.53,5.187843,33.952235,33.986102,129.406465,146.638482,18,1.546601,3.641243
2026-01-03T20:37:00Z,99092.65,99102.26,99097.82,5.824721,28.539038,31.709535,108.813748,136.869537,16,1.790426,4.034295
2026-01-03T20:38:00Z,99089.41,99098.98,99094.66,5.280941,29.092663,34.669551,110.964879,149.704477,17,1.793013,3.487927
2026-01-03T20:39:00Z,99092.23,99101.76,99096.88,5.310285,31.592478,32.547328,120.543598,140.595329,19,1.441631,3.868654
2026-01-03T20:40:00Z,99082.01,99091.51,99086.67,5.914444,29.649222,34.325940,113.170420,148.335903,17,1.939007,3.975437
2026-01-03T20:41:00Z,99090.64,99100.11,99094.24,7.177988,28.945836,33.206879,110.526310,143.555398,16,2.336587,4.841401
2026-01-03T20:42:00Z,99074.25,99083.68,99079.97,5.349318,28.616503,31.947558,109.309231,138.164370,17,1.635564,3.713754
2026-01-03T20:43:00Z,99064.40,99073.80,99068.08,6.008775,29.111619,36.097210,111.241830,156.170243,21,1.909864,4.098911
2026-01-03T20:44:00Z,99087.81,99097.18,99093.10,6.767827,34.024306,32.904750,130.062852,142.412728,15,2.022272,4.745555
2026-01-03T20:45:00Z,99080.20,99089.54,99082.75,5.102263,28.980082,32.808607,110.822156,142.050535,16,1.776176,3.326087
2026-01-03T20:46:00Z,99074.17,99083.48,99076.68,7.507257,35.410505,32.025880,135.463671,138.714014,16,2.427074,5.080184
2026-01-03T20:47:00Z,99082.79,99092.06,99088.86,5.271147,28.345037,34.580193,108.475645,149.833929,15,1.894475,3.376672
2026-01-03T20:48:00Z,99078.02,99087.26,99081.34,6.098895,32.626490,33.980195,124.908156,147.289373,18,1.744724,4.354171
2026-01-03T20:49:00Z,99073.68,99082.89,99079.25,6.825649,30.257700,35.763040,115.883693,155.075100,16,2.407983,4.417666
2026-01-03T20:50:00Z,99079.93,99089.10,99084.14,6.580643,31.961174,32.336603,122.454807,140.269560,16,2.328737,4.251906
2026-01-03T20:51:00Z,99062.36,99071.50,99068.54,6.332946,32.863403,33.523714,125.960126,145.472815,20,1.980158,4.352788
2026-01-03T20:52:00Z,99060.79,99069.90,99064.80,5.098343,29.990065,36.155615,114.991601,156.951495,16,1.518638,3.579705
2026-01-03T20:53:00Z,99067.21,99076.29,99071.22,7.652400,31.277091,34.663586,119.973121,150.529795,18,2.030586,5.621814
2026-01-03T20:54:00Z,99067.58,99076.64,99071.59,5.131215,28.194309,35.794067,108.190383,155.495773,16,1.633747,3.497468
2026-01-03T20:55:00Z,99070.88,99079.90,99075.23,5.073634,30.075867,33.573176,115.455780,145.900849,17,1.682839,3.390795
2026-01-03T20:56:00Z,99069.75,99078.74,99074.64,5.055767,28.759156,32.431036,110.444652,140.988391,16,1.657772,3.397995
2026-01-03T20:57:00Z,99053.01,99061.97,99056.07,5.357368,29.356533,36.011638,112.783366,156.610840,15,1.992175,3.365192
2026-01-03T20:58:00Z,99050.45,99059.38,99053.65,5.105726,33.756258,34.167153,129.737951,148.642647,17,1.637520,3.468206
2026-01-03T20:59:00Z,99057.44,99066.35,99062.55,5.921593,29.535983,36.058291,113.563117,156.925947,18,1.869078,4.052515
2026-01-03T21:00:00Z,99052.38,99061.26,99057.67,6.050378,33.046183,38.504913,127.110378,167.633193,18,2.059093,3.991285
2026-01-03T21:01:00Z,99041.94,99050.79,99047.00,8.103028,30.609878,36.997761,117.786586,161.128680,17,2.519092,5.583936
2026-01-03T21:02:00Z,99043.71,99052.53,99048.80,6.346622,28.282705,36.685058,108.875554,159.823049,16,1.897142,4.449480
2026-01-03T21:03:00Z,99046.86,99055.66,99051.83,5.784517,28.296455,35.106439,108.972615,152.999160,16,1.920236,3.864281
2026-01-03T21:04:00Z,99045.18,99053.95,99050.38,6.976449,28.627298,35.085735,110.291554,152.962223,16,1.961666,5.014783
2026-01-03T21:05:00Z,99046.05,99054.79,99049.28,5.957617,28.564353,36.220157,110.093972,157.962697,15,1.995556,3.962061
2026-01-03T21:06:00Z,99044.00,99052.72,99048.98,6.225878,30.076887,34.148564,115.971143,148.979504,15,2.188003,4.037875
2026-01-03T21:07:00Z,99054.34,99063.04,99060.35,6.429739,31.621865,34.453811,121.978450,150.362820,14,2.210634,4.219105
2026-01-03T21:08:00Z,99040.40,99049.06,99042.83,5.837062,29.790705,35.009565,114.962356,152.840445,18,2.134479,3.702583
2026-01-03T21:09:00Z,99046.95,99055.60,99053.43,6.285454,29.958069,33.365092,115.656111,145.710736,15,2.039204,4.246250
2026-01-03T21:10:00Z,99040.85,99049.47,99044.89,5.654723,30.314466,34.610353,117.080679,151.200127,16,1.771966,3.882757
2026-01-03T21:11:00Z,99044.41,99053.01,99048.63,6.528157,28.388022,39.133961,109.686110,171.019679,14,2.412672,4.115485
2026-01-03T21:12:00Z,99040.78,99049.35,99042.69,5.273489,28.590332,35.319445,110.514062,154.401512,17,2.050414,3.223076
2026-01-03T21:13:00Z,99052.11,99060.66,99055.59,6.645184,29.832792,35.717166,115.365172,156.192193,17,2.795282,3.849901
2026-01-03T21:14:00Z,99028.06,99036.59,99033.03,8.877579,29.299516,37.623861,113.350743,164.584748,15,3.050913,5.826666
2026-01-03T21:15:00Z,99030.59,99039.10,99035.79,6.205959,33.578878,34.308303,129.961243,150.130387,15,2.194265,4.011694
2026-01-03T21:16:00Z,99026.20,99034.68,99030.61,5.527000,34.363981,39.332337,133.056320,172.171592,15,2.132182,3.394818
2026-01-03T21:17:00Z,99036.54,99045.00,99041.36,7.216997,28.516046,34.652795,110.460330,151.737052,14,2.643762,4.573235
2026-01-03T21:18:00Z,99016.37,99024.82,99019.43,5.322285,30.214006,38.407053,117.087612,168.230687,15,1.827526,3.494759
2026-01-03T21:19:00Z,99030.71,99039.13,99033.77,5.704531,29.424263,34.095897,114.076044,149.395134,16,1.855722,3.848809
2026-01-03T21:20:00Z,99016.61,99025.01,99021.82,5.316401,28.932279,34.425063,112.216917,150.885816,18,1.811641,3.504759
2026-01-03T21:21:00Z,99035.46,99043.84,99039.64,6.125505,28.671597,34.635861,111.253841,151.858194,18,1.748171,4.377334
2026-01-03T21:22:00Z,99022.74,99031.10,99026.20,6.730029,32.212873,35.069640,125.049113,153.808860,14,2.235555,4.494474
2026-01-03T21:23:00Z,99020.39,99028.73,99025.19,6.674296,28.434155,37.198717,110.428232,163.198076,15,2.412618,4.261678
2026-01-03T21:24:00Z,99019.97,99028.30,99024.73,6.890190,33.881908,34.986127,131.642727,153.539172,16,2.231709,4.658481
2026-01-03T21:25:00Z,99013.78,99022.08,99016.63,5.733350,31.554065,34.382819,122.651860,150.938589,14,1.988854,3.744496
2026-01-03T21:26:00Z,99034.87,99043.16,99037.90,6.656038,32.323986,34.929289,125.699663,153.385129,16,2.865371,3.790667
2026-01-03T21:27:00Z,99025.10,99033.37,99027.32,6.216572,29.550288,36.649111,114.964007,160.987028,15,1.991499,4.225073
2026-01-03T21:28:00Z,99023.48,99031.74,99028.47,5.412349,30.594716,34.783411,119.079815,152.838495,15,1.941444,3.470905
2026-01-03T21:29:00Z,99005.46,99013.71,99009.21,7.012091,28.959996,34.646903,112.767080,152.285086,14,2.372914,4.639177
2026-01-03T21:30:00Z,98997.11,99005.34,99000.18,6.561224,32.865301,41.457309,128.030702,182.274385,16,2.220373,4.340851
2026-01-03T21:31:00Z,99020.48,99028.69,99024.51,6.117846,29.860677,41.509692,116.377598,182.559668,17,1.839045,4.278801
2026-01-03T21:32:00Z,99011.11,99019.31,99016.17,5.982111,32.797531,38.667488,127.880607,170.110567,18,2.219336,3.762775
2026-01-03T21:33:00Z,98999.47,99007.65,99003.62,7.143424,33.461297,38.749747,130.527088,170.523178,15,2.129074,5.014349
2026-01-03T21:34:00Z,99012.90,99021.07,99017.81,5.977182,29.187767,37.575518,113.907845,165.404741,16,1.932084,4.045098
2026-01-03T21:35:00Z,99015.55,99023.71,99020.27,5.285829,31.007591,36.103966,121.064337,158.973790,15,2.203283,3.082546
2026-01-03T21:36:00Z,99008.12,99016.27,99013.56,5.398721,30.548699,38.119935,119.326499,167.899578,15,2.074883,3.323838
2026-01-03T21:37:00Z,99018.00,99026.14,99024.44,5.495660,33.133803,35.982974,129.482764,158.533319,17,1.630969,3.864691
2026-01-03T21:38:00Z,98997.12,99005.24,99000.95,7.003272,28.869995,41.442193,112.871531,182.638139,15,2.823111,4.180161
2026-01-03T21:39:00Z,99023.49,99031.60,99028.32,5.981500,29.127905,36.178810,113.931685,159.487800,15,2.207297,3.774204
2026-01-03T21:40:00Z,99014.66,99022.76,99019.70,5.720981,30.189523,36.634347,118.137996,161.541937,14,1.895559,3.825422
2026-01-03T21:41:00Z,99017.75,99025.85,99020.90,7.849388,29.347050,38.676707,114.893749,170.596125,15,3.178239,4.671150
2026-01-03T21:42:00Z,98993.70,99001.78,98997.22,6.290060,43.240927,39.021706,169.365930,172.166231,17,2.305081,3.984979
2026-01-03T21:43:00Z,98985.63,98993.70,98987.44,6.159247,32.574077,36.540069,127.644697,161.262098,14,2.011542,4.147705
2026-01-03T21:44:00Z,99012.17,99020.24,99015.06,5.727305,29.733490,35.289144,116.567281,155.784591,15,2.155807,3.571498
2026-01-03T21:45:00Z,98990.11,98998.17,98993.85,5.438599,32.283263,37.488403,126.621895,165.538847,17,1.912866,3.525733
2026-01-03T21:46:00Z,98992.99,99001.04,98996.13,5.968983,29.528540,38.432703,115.870922,169.755053,16,2.385556,3.583427
2026-01-03T21:47:00Z,99011.77,99019.82,99016.93,8.959059,29.801426,36.259257,116.996030,160.198585,15,2.915801,6.043258
2026-01-03T21:48:00Z,98996.78,99004.81,99002.76,5.676111,32.143793,36.409973,126.250548,160.907878,15,2.279441,3.396670
2026-01-03T21:49:00Z,98996.58,99004.61,99002.00,5.429540,29.518643,36.057908,115.993885,159.394685,16,1.749148,3.680392
2026-01-03T21:50:00Z,99006.51,99014.54,99010.80,5.800067,32.896980,39.707135,129.329547,175.572871,14,1.929654,3.870413
2026-01-03T21:51:00Z,99006.74,99014.76,99010.93,7.382030,34.495893,36.877303,135.678997,163.103291,15,2.655412,4.726619
2026-01-03T21:52:00Z,99003.61,99011.62,99005.73,7.669500,29.511380,35.936735,116.128472,158.984982,16,2.645299,5.024201
2026-01-03T21:53:00Z,99004.51,99012.52,99008.06,6.611995,33.957903,40.997106,133.688632,181.419413,14,2.201581,4.410415
2026-01-03T21:54:00Z,99003.40,99011.41,99008.56,6.681763,35.195876,36.956499,138.627782,163.581293,15,2.387788,4.293975
2026-01-03T21:55:00Z,98992.15,99000.16,98994.92,5.876264,32.826416,38.033233,129.356214,168.390464,16,2.348369,3.527895
2026-01-03T21:56:00Z,99001.46,99009.46,99005.95,6.386116,29.850803,39.362448,117.686224,174.319892,14,2.206997,4.179119
2026-01-03T21:57:00Z,98988.18,98996.18,98992.57,6.455208,32.676521,43.468965,128.887747,192.554615,15,2.497282,3.957926
2026-01-03T21:58:00Z,98979.61,98987.62,98985.94,5.576580,31.984834,38.228080,126.219539,169.381534,15,2.186853,3.389727
2026-01-03T21:59:00Z,98997.60,99005.60,99002.94,7.875806,36.142853,36.497466,142.696069,161.753766,15,2.916087,4.959719
2026-01-03T22:00:00Z,99001.18,99009.18,99000.51,7.480893,34.672553,36.368436,136.956585,161.221740,15,2.806490,4.674404
2026-01-03T22:01:00Z,98993.92,99001.92,98999.21,6.224090,34.485289,37.265079,136.282127,165.237067,15,2.442199,3.781891
2026-01-03T22:02:00Z,98997.01,99005.01,99001.48,5.695499,33.605538,37.301113,132.869182,165.437068,15,2.178386,3.517113
2026-01-03T22:03:00Z,98999.73,99007.73,99004.45,7.689700,32.463304,37.695835,128.414747,167.228073,16,2.771357,4.918343
2026-01-03T22:04:00Z,99005.06,99013.07,99008.72,6.373784,29.846407,39.086937,118.119997,173.440849,14,2.537677,3.836107
2026-01-03T22:05:00Z,98999.08,99007.09,99001.34,6.728326,33.185037,40.446057,131.396340,179.514299,14,2.435644,4.292682
2026-01-03T22:06:00Z,99004.43,99012.44,99007.74,5.878782,31.911848,41.770411,126.416252,185.435921,15,2.262572,3.616210
2026-01-03T22:07:00Z,99004.62,99012.63,99008.15,7.727518,33.455738,37.720079,132.596468,167.493951,14,2.617549,5.109969
2026-01-03T22:08:00Z,98998.04,99006.06,99001.70,6.284894,31.002455,38.522647,122.932924,171.097327,19,2.737167,3.547726
2026-01-03T22:09:00Z,99002.77,99010.79,99007.00,7.576260,35.321368,37.861148,140.126675,168.197917,15,2.649452,4.926808
2026-01-03T22:10:00Z,99004.56,99012.59,99009.56,7.209650,31.448280,40.400072,124.822175,179.517939,16,2.986751,4.222900
2026-01-03T22:11:00Z,99004.42,99012.45,99009.31,6.023481,34.763639,37.386779,138.048601,166.165861,14,2.436377,3.587104
2026-01-03T22:12:00Z,98994.89,99002.92,98997.41,5.812808,31.355611,37.144478,124.575992,165.125898,15,2.495125,3.317683
2026-01-03T22:13:00Z,99005.95,99014.00,99011.71,5.836528,31.763690,38.776082,126.259105,172.417438,15,2.619875,3.216653
2026-01-03T22:14:00Z,99007.97,99016.02,99011.38,6.803267,30.752210,38.100792,122.298498,169.452021,16,2.544730,4.258537
2026-01-03T22:15:00Z,99003.38,99011.44,99007.14,6.645049,34.402586,38.204751,136.882924,169.951404,15,2.357766,4.287283
2026-01-03T22:16:00Z,99018.33,99026.39,99022.26,6.755250,34.954365,43.185326,139.146839,192.148662,15,2.776045,3.979206
2026-01-03T22:17:00Z,99026.84,99034.92,99031.39,7.743480,33.475247,39.651143,133.324458,176.461428,17,3.160789,4.582691
2026-01-03T22:18:00Z,99019.70,99027.79,99022.78,6.484388,34.900891,38.794560,139.071131,172.685939,15,2.664853,3.819535
2026-01-03T22:19:00Z,99011.13,99019.22,99014.17,6.305684,35.701018,38.261522,142.329806,170.349003,17,2.390445,3.915240
2026-01-03T22:20:00Z,99013.76,99021.86,99015.95,5.758878,30.758480,40.608111,122.686069,180.834169,15,2.502111,3.256767
2026-01-03T22:21:00Z,99003.56,99011.67,99005.86,5.938345,39.404021,39.547418,157.248451,176.147030,15,2.217877,3.720468
2026-01-03T22:22:00Z,99004.86,99012.99,99008.98,7.244295,32.342800,37.271673,129.133589,166.044581,17,2.697756,4.546539
2026-01-03T22:23:00Z,99025.38,99033.52,99028.36,6.992678,32.564947,37.566366,130.085259,167.391258,15,2.836354,4.156324
2026-01-03T22:24:00Z,99021.90,99030.04,99027.09,5.987594,34.774940,37.502736,138.982627,167.141172,15,2.259755,3.727840
2026-01-03T22:25:00Z,99029.82,99037.98,99033.45,7.228567,34.072314,39.833463,136.242461,177.563865,16,2.943693,4.284874
2026-01-03T22:26:00Z,99024.95,99033.13,99028.53,6.204094,35.304632,40.120183,141.240610,178.877041,17,2.415354,3.788739
2026-01-03T22:27:00Z,99025.06,99033.25,99028.53,6.728418,31.635446,37.447696,126.624923,166.994092,15,2.802839,3.925579
2026-01-03T22:28:00Z,99031.44,99039.64,99037.52,6.431615,34.090264,38.719475,136.519046,172.698631,15,2.733417,3.698198
2026-01-03T22:29:00Z,99035.24,99043.45,99039.71,7.717088,32.828846,40.265744,131.533517,179.629530,16,3.528173,4.188915
2026-01-03T22:30:00Z,99022.60,99030.83,99024.42,6.717478,34.509645,37.759023,138.337375,168.478488,18,2.742347,3.975131
2026-01-03T22:31:00Z,99032.63,99040.87,99038.06,5.954998,31.775764,37.943074,127.442283,169.331223,17,2.686802,3.268197
2026-01-03T22:32:00Z,99038.92,99047.18,99043.16,7.542197,36.073562,39.157832,144.752264,174.784581,16,3.105266,4.436930
2026-01-03T22:33:00Z,99045.93,99054.20,99050.67,6.668882,31.936147,43.859290,128.214729,195.805623,17,2.702212,3.966669
2026-01-03T22:34:00Z,99028.81,99037.10,99032.36,6.936400,36.638828,45.482244,147.168989,203.087714,15,2.603185,4.333215
2026-01-03T22:35:00Z,99047.85,99056.16,99052.61,7.867391,31.743049,39.001192,127.568363,174.179477,15,3.294097,4.573294
2026-01-03T22:36:00Z,99021.06,99029.39,99026.64,6.085572,36.839945,39.678108,148.126642,177.233786,18,2.286434,3.799138
2026-01-03T22:37:00Z,99042.46,99050.80,99046.65,8.067824,36.948729,39.164273,148.639359,174.969038,15,3.189837,4.877987
2026-01-03T22:38:00Z,99040.13,99048.49,99045.77,6.571757,34.688625,38.809893,139.618119,173.415645,20,2.829882,3.741875
2026-01-03T22:39:00Z,99041.70,99050.08,99046.24,8.397896,32.221918,38.124795,129.755778,170.383357,15,3.471254,4.926642
2026-01-03T22:40:00Z,99040.49,99048.89,99045.86,6.349473,35.082951,41.773696,141.348855,186.722000,15,2.817380,3.532093
2026-01-03T22:41:00Z,99038.80,99047.22,99041.44,6.481831,31.917803,41.181267,128.661993,184.104478,17,2.684442,3.797389
2026-01-03T22:42:00Z,99049.37,99057.81,99054.57,8.063563,31.908299,40.979084,128.689251,183.230630,16,3.156888,4.906675
2026-01-03T22:43:00Z,99051.35,99059.81,99055.57,6.351550,35.378744,39.730221,142.758704,177.675316,15,2.987882,3.363668
2026-01-03T22:44:00Z,99050.88,99059.36,99054.22,6.903928,37.778646,39.862265,152.520549,178.294317,20,3.252775,3.651153
2026-01-03T22:45:00Z,99071.90,99080.40,99075.18,7.105876,36.101683,41.671017,145.824817,186.413837,16,3.034300,4.071576
2026-01-03T22:46:00Z,99055.70,99064.23,99058.82,6.600813,33.337675,40.683262,134.729134,182.023496,17,3.119146,3.481667
2026-01-03T22:47:00Z,99063.34,99071.89,99066.97,7.542214,33.639154,43.277848,136.017164,193.661859,15,3.327843,4.214371
2026-01-03T22:48:00Z,99065.85,99074.42,99071.37,7.241722,35.987082,41.582174,145.585432,186.102194,16,3.172887,4.068835
2026-01-03T22:49:00Z,99052.78,99061.37,99056.36,6.357960,34.297065,38.406225,138.819696,171.913864,17,2.934644,3.423316
2026-01-03T22:50:00Z,99058.46,99067.08,99061.92,7.081105,33.127743,45.076977,134.155667,201.803246,21,2.944074,4.137031
2026-01-03T22:51:00Z,99071.67,99080.31,99077.45,6.696618,32.939541,39.609697,133.462100,177.352814,16,2.944339,3.752279
2026-01-03T22:52:00Z,99069.15,99077.82,99073.37,6.182993,33.562286,38.367259,136.055271,171.814432,16,2.486912,3.696080
2026-01-03T22:53:00Z,99077.26,99085.95,99082.20,7.389958,33.509664,39.695882,135.911908,177.789347,16,3.326555,4.063402
2026-01-03T22:54:00Z,99072.17,99080.89,99078.61,6.584980,36.173297,40.222711,146.790962,180.174009,18,3.287011,3.297969
2026-01-03T22:55:00Z,99084.41,99093.15,99088.46,7.167702,34.875966,39.970073,141.599404,179.066925,21,3.361300,3.806402
2026-01-03T22:56:00Z,99098.89,99107.66,99103.98,6.398899,36.238557,40.112995,147.207588,179.731522,16,2.835292,3.563607
2026-01-03T22:57:00Z,99086.97,99095.77,99089.59,7.338476,34.587052,41.792471,140.571455,187.281574,19,3.664108,3.674368
2026-01-03T22:58:00Z,99086.31,99095.13,99088.91,8.022230,34.332610,41.237174,139.609467,184.817396,18,3.403237,4.618993
2026-01-03T22:59:00Z,99099.80,99108.65,99103.95,6.547086,35.419854,45.236707,144.105123,202.768728,16,3.003669,3.543418
2026-01-03T23:00:00Z,99094.37,99103.25,99098.32,7.340832,33.738899,39.629441,137.337243,177.657316,19,3.649396,3.691436
2026-01-03T23:01:00Z,99088.38,99097.29,99093.93,6.617624,35.331016,40.395286,143.892596,181.113192,20,3.081211,3.536413
2026-01-03T23:02:00Z,99111.35,99120.28,99117.19,6.355316,35.285353,43.169484,143.781110,193.575152,17,2.955523,3.399792
2026-01-03T23:03:00Z,99124.87,99133.83,99131.80,6.829971,33.872952,38.823531,138.097428,174.108607,18,2.886277,3.943695
2026-01-03T23:04:00Z,99117.45,99126.44,99121.90,6.533687,34.501016,41.345227,140.730992,185.439455,17,3.253198,3.280488
2026-01-03T23:05:00Z,99114.28,99123.30,99119.56,7.302453,36.653169,41.459225,149.587339,185.972447,18,3.360707,3.941746
2026-01-03T23:06:00Z,99136.73,99145.78,99139.11,7.986269,37.888697,42.580829,154.710056,191.025474,18,3.725719,4.260550
2026-01-03T23:07:00Z,99107.81,99116.89,99114.02,6.301811,36.310671,40.153808,148.343607,180.157676,18,2.570820,3.730992
2026-01-03T23:08:00Z,99128.96,99138.08,99133.85,6.616479,36.162349,42.264854,147.814488,189.650221,16,2.971578,3.644901
2026-01-03T23:09:00Z,99122.28,99131.43,99128.11,7.587871,35.762365,43.920176,146.255603,197.099307,17,3.466410,4.121462
2026-01-03T23:10:00Z,99137.63,99146.80,99141.85,6.755452,35.876322,43.504775,146.798022,195.255868,18,3.382938,3.372515
2026-01-03T23:11:00Z,99136.93,99146.13,99142.40,7.258984,34.358753,43.053770,140.661681,193.251822,17,3.550562,3.708422
2026-01-03T23:12:00Z,99132.00,99141.24,99135.68,7.029397,33.591801,42.260526,137.593499,189.710619,19,3.752227,3.277170
2026-01-03T23:13:00Z,99130.34,99139.61,99134.47,7.958518,41.014159,41.075157,168.083370,184.407853,18,3.717269,4.241248
2026-01-03T23:14:00Z,99143.06,99152.36,99148.60,6.904036,34.225887,41.989111,140.336953,188.529526,17,3.464318,3.439717
2026-01-03T23:15:00Z,99156.06,99165.39,99159.89,6.897252,34.111803,38.972874,139.942129,175.003508,19,3.524735,3.372517
2026-01-03T23:16:00Z,99154.89,99164.25,99161.80,6.665982,34.015728,43.823779,139.620803,196.804421,17,3.155808,3.510174
2026-01-03T23:17:00Z,99148.00,99157.40,99152.60,8.550757,36.145198,40.042473,148.438857,179.839765,18,4.099465,4.451292
2026-01-03T23:18:00Z,99160.01,99169.44,99167.23,7.597918,36.789320,39.191917,151.162984,176.035492,17,3.357316,4.240601
2026-01-03T23:19:00Z,99152.06,99161.53,99157.08,6.580516,36.532156,39.593723,150.184725,177.855809,18,2.954143,3.626373
2026-01-03T23:20:00Z,99161.73,99171.23,99167.14,7.112805,35.376655,40.840694,145.510406,183.472894,19,3.663316,3.449489
2026-01-03T23:21:00Z,99167.43,99176.97,99174.44,9.098646,34.414444,39.250288,141.626631,176.342831,18,4.554820,4.543826
2026-01-03T23:22:00Z,99172.67,99182.24,99176.51,7.558395,35.111635,41.490888,144.571322,186.424486,19,3.855378,3.703018
2026-01-03T23:23:00Z,99173.36,99182.97,99177.45,7.176374,37.630638,40.988127,155.024258,184.180076,19,3.677672,3.498701
2026-01-03T23:24:00Z,99185.88,99195.52,99191.02,8.311949,35.800959,41.930561,147.563775,188.429409,19,4.104455,4.207494
2026-01-03T23:25:00Z,99190.39,99200.06,99194.20,6.687481,37.049854,44.835281,152.791312,201.497855,18,2.927390,3.760091
2026-01-03T23:26:00Z,99204.80,99214.51,99211.29,6.756442,41.385424,43.292573,170.760205,194.578812,18,3.559589,3.196853
2026-01-03T23:27:00Z,99206.59,99216.33,99209.84,7.863682,34.674559,41.504704,143.145376,186.556408,19,3.885906,3.977776
2026-01-03T23:28:00Z,99197.66,99207.44,99202.42,8.825982,36.815857,39.649051,152.064711,178.227800,19,4.135915,4.690067
2026-01-03T23:29:00Z,99200.15,99209.96,99204.68,7.055564,37.992173,39.011720,157.005487,175.374574,18,3.655738,3.399826
2026-01-03T23:30:00Z,99211.49,99221.34,99216.07,7.620610,37.511522,40.259282,155.100274,180.994557,18,4.379139,3.241471
2026-01-03T23:31:00Z,99228.99,99238.88,99234.36,7.124426,37.895510,43.553549,156.769955,195.816865,18,3.752410,3.372016
2026-01-03T23:32:00Z,99219.46,99229.38,99224.63,8.562484,35.275020,43.957604,146.005613,197.645390,18,4.013530,4.548954
2026-01-03T23:33:00Z,99215.75,99225.71,99220.16,6.778116,34.803648,39.365521,144.129957,177.008413,18,3.448523,3.329593
2026-01-03T23:34:00Z,99221.51,99231.51,99228.07,6.735996,37.310845,41.865675,154.593697,188.260979,19,3.730930,3.005066
2026-01-03T23:35:00Z,99233.45,99243.48,99237.51,7.191924,35.275016,40.649002,146.234928,182.799707,20,3.628014,3.563910
2026-01-03T23:36:00Z,99246.18,99256.25,99252.84,6.686188,35.792750,40.713609,148.458867,183.099722,18,3.549183,3.137005
2026-01-03T23:37:00Z,99238.60,99248.71,99243.55,8.645892,35.779336,43.573660,148.480881,195.971849,18,4.022401,4.623491
2026-01-03T23:38:00Z,99249.42,99259.56,99253.52,9.226557,36.596766,39.794330,151.952595,178.982881,19,5.077757,4.148801
2026-01-03T23:39:00Z,99264.06,99274.24,99269.41,7.450842,37.143415,42.462604,154.303002,190.992651,19,3.672781,3.778061
2026-01-03T23:40:00Z,99244.64,99254.86,99249.23,7.378127,36.016093,40.534741,149.698087,182.329212,21,3.944996,3.433131
2026-01-03T23:41:00Z,99258.99,99269.25,99265.34,7.493090,38.174795,41.105212,158.753545,184.902867,22,3.762088,3.731002
2026-01-03T23:42:00Z,99253.77,99264.07,99258.90,8.837750,35.989393,42.008441,149.743604,188.973236,19,4.507143,4.330606
2026-01-03T23:43:00Z,99289.94,99300.28,99294.33,7.866033,37.277043,39.828637,155.182309,179.174104,18,3.755123,4.110910
2026-01-03T23:44:00Z,99269.79,99280.17,99276.26,7.700356,36.360968,40.441697,151.447861,181.938381,19,4.271736,3.428620
2026-01-03T23:45:00Z,99283.01,99293.43,99287.79,8.136521,35.528164,48.332733,148.056462,217.445556,19,4.273010,3.863511
2026-01-03T23:46:00Z,99285.64,99296.09,99290.23,7.539508,37.435606,39.511834,156.086851,177.766403,21,4.147878,3.391630
2026-01-03T23:47:00Z,99290.83,99301.32,99294.58,7.122772,36.496526,39.131788,152.250865,176.061579,19,3.750966,3.371806
2026-01-03T23:48:00Z,99292.78,99303.32,99299.18,7.066324,42.723967,43.774170,178.322661,196.953768,22,3.990149,3.076175
2026-01-03T23:49:00Z,99317.17,99327.74,99321.14,7.329073,37.217269,39.408739,155.419722,177.316634,20,4.078997,3.250075
2026-01-03T23:50:00Z,99292.99,99303.60,99297.88,7.653503,35.766975,39.487025,149.441230,177.672821,21,4.024446,3.629057
2026-01-03T23:51:00Z,99304.24,99314.88,99308.72,7.009242,36.439103,41.883037,152.328937,188.457521,20,3.424429,3.584813
2026-01-03T23:52:00Z,99307.88,99318.57,99313.85,8.264576,37.067105,39.397594,155.035029,177.277171,21,4.556884,3.707692
2026-01-03T23:53:00Z,99314.04,99324.76,99320.47,8.487644,37.966047,39.544044,158.877684,177.938977,20,4.533779,3.953865
2026-01-03T23:54:00Z,99317.74,99328.51,99322.64,7.081289,37.318687,44.014719,156.250041,198.058692,19,4.028739,3.052550
2026-01-03T23:55:00Z,99316.36,99327.17,99320.98,7.620051,37.942395,39.800136,158.944205,179.095877,19,3.967061,3.652990
2026-01-03T23:56:00Z,99320.58,99331.42,99325.03,9.112151,38.711206,39.245322,162.249262,176.600961,19,4.880598,4.231553
2026-01-03T23:57:00Z,99340.22,99351.10,99345.38,8.516278,38.006623,41.734403,159.379072,187.803027,21,4.780851,3.735427
2026-01-03T23:58:00Z,99350.09,99361.01,99356.69,7.020176,38.593989,41.749158,161.926356,187.870416,22,3.805364,3.214812
2026-01-03T23:59:00Z,99338.07,99349.03,99343.44,8.482999,37.249240,39.478960,156.365542,177.655134,21,4.933484,3.549515
